Filename,Label,Contrast0,Contrast45,Contrast90,Contrast135,Homogeneity0,Homogeneity45,Homogeneity90,Homogeneity135,Dissimilarity0,Dissimilarity45,Dissimilarity90,Dissimilarity135,Entropy0,Entropy45,Entropy90,Entropy135,ASM0,ASM45,ASM90,ASM135,Energy0,Energy45,Energy90,Energy135,Correlation0,Correlation45,Correlation90,Correlation135
Coal_1.jpg,Coal,652.0172859251968,889.0703081406161,718.9846210629921,866.9499658999316,0.4634578225801915,0.4444136836440978,0.4519456241055939,0.43765329797830144,11.68670029527559,14.760059520119038,13.158833661417322,14.134664269328535,6.115580131361401,6.236913398842255,6.163116875292084,6.2413848181287825,0.13447675528163558,0.12975706464773953,0.13467799835990293,0.1298329762633857,0.36671072425228524,0.3602180792905036,0.36698501108342685,0.36032343285357626,0.9433211921828325,0.9227881796493327,0.9375127294949485,0.9247080126099614
Coal_2.jpg,Coal,664.0474901574803,788.7257114514227,614.175750492126,1043.6490172980348,0.10252309655512488,0.09365383565601047,0.10283540467250314,0.08713542603293639,17.784325787401574,19.61318122636245,17.289062499999996,22.44224688449377,9.116069058609819,9.184082117211837,9.105528907827907,9.249715725458351,0.0004909831597006944,0.00044474296897009674,0.00047782364851839073,0.00043793713974680734,0.022158139806867688,0.021088930010081042,0.02185917767251071,0.02092694769302985,0.8676664727116736,0.842625839483486,0.8775599638855264,0.7917516733565763
Coal_3.jpg,Coal,1916.7501845472443,1962.4615289230574,498.3406126968505,1869.9560419120835,0.06773694456997428,0.06513773737189522,0.12538131686441156,0.06634597112381824,31.539062500000007,32.01909603819207,15.561085137795278,31.159092318184634,8.686764281948415,8.68992539416328,8.267070682584539,8.674482898208563,0.000421914173906473,0.00040166693266612387,0.0010961674145027983,0.00043086799547025823,0.020540549503517986,0.02004162999025089,0.03310841908794194,0.02075736003133005,0.17186016038064497,0.14950688625365519,0.7837832052217317,0.18988155266750142
Coal_4.jpg,Coal,503.46536663385825,504.9258478516957,411.3231422244094,646.8844317688635,0.5222581652043125,0.4780607862375466,0.5652124373031507,0.46685454289229245,8.098363681102361,8.4498108996218,6.873708169291339,9.550809101618203,6.477440950058321,6.6007337211501635,6.302989609216572,6.666170833884877,0.011633791211918362,0.00992307391025595,0.01387493070396297,0.009496874471459896,0.10786005382864576,0.09961462698949361,0.1177918957482346,0.09745190850599025,0.7816225907300252,0.7818422645124957,0.8214804478927596,0.720502824929046
Coal_5.jpg,Coal,1935.2602731299212,2432.2205964411924,2032.3064714566929,2801.7572075144153,0.04504856619659597,0.037838821598185204,0.042930536929064976,0.03744504565573056,30.91320127952756,35.35606671213342,31.940083661417326,38.003472006944016,9.707480044298398,9.761679064617347,9.723002028358088,9.794672733395238,7.234987614506478e-05,6.787954551791054e-05,7.118813065751131e-05,6.541745366955302e-05,0.008505873038381467,0.008238904388200565,0.00843730588858264,0.00808810569104738,0.7375849125069411,0.6698048620420846,0.7249831495923729,0.6196465257116477
Coal_6.jpg,Coal,1596.1098671259847,1737.5271250542503,1007.0148252952757,1769.6399652799307,0.0755045317225315,0.07044614658624197,0.10438363558117335,0.06935769619609868,26.12598425196851,27.76371752743506,19.88810285433071,27.932729865459734,9.198886360321893,9.238249147962978,8.99416951070839,9.248201463246891,0.00016471242659282196,0.00015699535398078796,0.00022533321433830376,0.00015073537494089684,0.012834033917394093,0.012529778688420158,0.015011103035363649,0.012277433564914812,0.6569182681201796,0.6272217383093587,0.7838052799171566,0.6203260957283407
Coal_7.jpg,Coal,425.78020423228355,525.3689627379255,310.2853100393701,568.3110546221093,0.1065337941971893,0.09859702755115501,0.1244187779811137,0.095710611571521,13.538324311023624,15.328662657325317,11.640625000000002,15.583421166842335,9.08706702008631,9.174950521086217,8.994870668530806,9.179095168211024,0.00015966810498074124,0.00014307809631181295,0.00017500352383517266,0.00014378923915638148,0.012635984527560219,0.01196152566823367,0.013228889743102884,0.011991215082566965,0.9434282466530765,0.9298387040052856,0.9590979768536261,0.9240929063386877
Coal_8.jpg,Coal,1051.9833292322837,1447.7441874883748,1028.4347933070865,1436.0615661231323,0.17322227214700628,0.15650749173790388,0.18917501693936342,0.15811026981812756,20.074618602362207,24.143344286688567,19.703617125984252,23.8755657511315,8.212849283976793,8.320234567113742,8.157674511600977,8.308852029080281,0.003088969617880644,0.0025880044940076227,0.0035609164235906603,0.0026802224228789696,0.055578499600840645,0.05087243353730606,0.059673414713678485,0.051770864613979256,0.7702326735183032,0.68497643584984,0.7754663147044177,0.687527514000595
Coal_9.jpg,Coal,319.9490649606299,453.25872651745317,262.3463336614173,441.62899125798265,0.7331215936725761,0.7148540932623854,0.723411018074439,0.7158140160888081,6.348056102362205,8.030628061256126,6.088951771653543,7.752371504743012,3.1964989632181506,3.263393352623835,3.198100850380243,3.2593500929849166,0.4807678540527981,0.4737364510999096,0.47990895896342584,0.47348313817465887,0.6933742525164878,0.6882851524621969,0.692754616703076,0.6881011104297529,0.9667156459235289,0.9531007927401361,0.9727080675753025,0.95430413496479
Coal_10.jpg,Coal,173.19205216535437,260.6625953251906,162.53543307086613,200.8205716411433,0.17219587416734478,0.14092326369306069,0.17683625429095542,0.1488180233968217,8.091166338582678,10.182466364932727,7.852239173228345,9.218240436480873,8.186795602423379,8.365603836297272,8.165237513985444,8.311232926427074,0.00042396331130552896,0.00035841407165485283,0.00046817964729679455,0.0003838037932136377,0.02059036938244501,0.018931826949738707,0.021637459354018312,0.019590910984781634,0.9376664666829386,0.9058195597618137,0.9412267509565309,0.9274434421820348
Coal_11.jpg,Coal,492.60310039370086,540.1761423522848,266.8922859251968,421.8025296050593,0.07086607580000867,0.0687866083254299,0.10243060846088031,0.07421711182243763,16.558070866141733,17.43189286378573,11.90704970472441,15.448756897513798,8.254169827825937,8.279233266022263,8.054414308942876,8.22390031528905,0.00034187104507021524,0.0003269335077327234,0.0004520779305230486,0.0003543086632332357,0.018489755138189776,0.018081302711163358,0.021262124318210743,0.01882308856785293,0.29279012976666396,0.22561088981707347,0.6164396310220134,0.3953272512419253
Coal_12.jpg,Coal,331.4936638779527,423.008308016616,276.96887303149606,422.20150040300086,0.1486220677487284,0.1274212652179515,0.17195506745855366,0.13255915317243216,12.019254429133857,13.92739785479571,10.765501968503937,13.789075578151158,8.726314015930328,8.843315631729187,8.603293781018152,8.835762838187074,0.0003205452577897343,0.00027331910327531983,0.0004180202452201779,0.00028060159040523924,0.017903777751908514,0.016532365326090512,0.020445543407309523,0.01675116683712628,0.9001020217015926,0.8721532226360689,0.9169447400005201,0.8723938782250215
Coal_13.jpg,Coal,1054.1433932086616,1166.291772583545,950.4710875984254,1168.47938495877,0.12107912666843063,0.11099205900390677,0.13954378524061925,0.11108343359414222,20.78266486220473,22.30814061628123,19.405019685039374,22.28904457808916,8.535646595618761,8.593048885399993,8.475347158656442,8.58584925623486,0.0011577701988411794,0.0009851980767883659,0.0013936953533086763,0.000972084218332985,0.034026022377603576,0.03138786511995306,0.037332229417872655,0.031178265159129442,0.6037205042267503,0.5599043258081019,0.641079633857025,0.5590641111250494
Coal_14.jpg,Coal,2006.827263779528,2372.4404488808977,2142.0303887795276,2635.7802715605435,0.030526442531539598,0.025847010013483367,0.02968438663103821,0.02460671894155819,34.73486712598426,38.33579267158535,36.29675196850393,40.53778907557816,9.491941716180449,9.521114050460504,9.509298074737831,9.53016496274512,9.10437611890849e-05,8.777616910432532e-05,8.923113549352098e-05,8.758012432014696e-05,0.009541685448026721,0.009368893696927366,0.009446223345523913,0.009358425311992769,0.3252986090547291,0.20371577734875485,0.2803984846599988,0.11533479210400109
Coal_15.jpg,Coal,1129.7591043307086,1605.0534441068885,1022.0201156496062,1569.8450616901237,0.5308678665490373,0.50859146315885,0.5287545675781893,0.5093025939442866,15.15218996062992,19.15252030504061,15.059854822834644,18.83731167462335,5.301290655330122,5.412652307219318,5.274058876244716,5.404612096902319,0.19205535353209383,0.18350291905494218,0.19540867322701444,0.1838401891200211,0.43824120474014516,0.4283724069719503,0.4420505324360717,0.42876589080758404,0.926958989853407,0.8966547934085638,0.9339550122690419,0.8989217693575395
Coal_16.jpg,Coal,3083.551427165355,4839.747597495196,3614.675996555119,4542.769049538099,0.05160729756417319,0.04072426734799929,0.04694870836820762,0.04204318579072137,39.27559055118111,50.55818711637424,42.74637057086615,48.54572509145019,9.639125371675425,9.750750171100012,9.673583442886876,9.738852889041581,0.0001355817530971,0.00010056328625274277,0.00012459814958692422,0.00010422278889073867,0.01164395779351248,0.010028124762523788,0.011162354123881047,0.010208956307612383,0.7241621999977008,0.5673839456151215,0.6764806226863123,0.5939296857776784
Coal_17.jpg,Coal,674.9686269685042,858.730609461219,377.62893700787413,859.6675553351109,0.7375669121575741,0.7211737136374596,0.7457046762806436,0.7250320843698006,7.574187992125985,9.180730361460725,5.655757874015749,8.867257734515473,3.1796410703902716,3.259308488300182,3.1192671948766018,3.24821590842029,0.4581772570527564,0.45045880264740884,0.4596800126827794,0.4506215870885459,0.6768879205989397,0.6711622774317765,0.6779970594941983,0.6712835370307735,0.9559063121170462,0.9442000692935325,0.9753306275007447,0.9441391869699463
Coal_18.jpg,Coal,748.6493602362206,816.935891871784,596.0046136811023,811.1950523901049,0.5289930186332137,0.5168462438520195,0.5390202462456769,0.5184564009442565,10.74261811023622,11.303428606857214,9.705278051181104,11.25234050468101,4.787675571246332,4.842132310255857,4.729771919136786,4.842656061160563,0.1606929612785006,0.15478558906773712,0.1641598425408765,0.15399823285231537,0.40086526574212017,0.3934279973104826,0.4051664380731411,0.3924260858458767,0.5073695174312467,0.4658228246111891,0.6083046722879355,0.46957663864873556
Coal_19.jpg,Coal,688.0915354330708,763.9595139190279,535.9349778543308,747.252464504929,0.6071108112147394,0.59845567631224,0.619279407330163,0.5958629255289198,9.52263779527559,10.070122140244282,8.282910925196852,9.958521917043836,4.123153035514929,4.173675048332488,4.068943663030369,4.186674279416428,0.23600213808093637,0.22804526463414634,0.2391130673374629,0.2271135675633618,0.4858005126396393,0.4775408512725863,0.4889918888258402,0.4765643372760511,0.6383028415079153,0.6010827584992168,0.7182592648469402,0.6098072531814144
Coal_20.jpg,Coal,901.8578371062993,1120.8180296360592,613.7161663385829,995.6958893917789,0.061424978899112956,0.05396983873675316,0.08154209636815204,0.06037532229361761,21.198019192913385,24.05183210366421,17.123154527559063,22.412734825469652,8.874694189459378,8.938309649954814,8.73598218566537,8.901046486778432,0.00018355011075256523,0.00016872152288541667,0.00021899091649745805,0.00017668824475227225,0.013548066679514284,0.012989284925869348,0.014798341680656588,0.013292413052274302,0.52836707101682,0.41462622618499406,0.6802928322955882,0.47995951549586713
Coal_21.jpg,Coal,1621.3483021653542,1955.8285076570155,1017.8629429133857,1888.1355322710647,0.6853241857174585,0.6702651588546666,0.7006652326677327,0.6714228047942102,13.800442913385826,15.718519437038875,10.185162401574804,15.378014756029515,3.18809767983687,3.2632453302939792,3.0761953286739656,3.2546965027729398,0.34423130131660645,0.3293348679821545,0.35755606417218705,0.3303720928850502,0.586712281545739,0.5738770495342661,0.5979599185331631,0.5747800386974571,0.6163727133192004,0.5387659372703333,0.7583635118446788,0.554729661049431
Coal_22.jpg,Coal,1257.9640748031497,1455.1554963109927,823.1230930118111,1497.0642321284645,0.7312327837767141,0.7179655032544485,0.7414630733364551,0.7183451619206308,11.149606299212596,12.391158782317564,8.51433316929134,12.570463140926282,2.8215915111562957,2.8861263659953744,2.747279676570521,2.889342215805876,0.42065752857091643,0.4045531635610361,0.428174014307013,0.40492029393755613,0.6485811657540762,0.636044938318855,0.6543500701513013,0.6363334769895076,0.7131995186906493,0.6702626673008526,0.8121731381930978,0.660766173764403
Coal_23.jpg,Coal,1715.2850024606294,1917.5446090892183,1155.082923228346,2139.7196974393946,0.6935210295977515,0.6769015517931821,0.709219202075242,0.6750342743241102,14.339751476377952,15.538037076074152,10.968626968503933,16.606175212350422,3.2002083623717774,3.273134836642046,3.117768221829965,3.296264556920102,0.3476474517646299,0.3320543262699768,0.35556476996743047,0.3321142602357125,0.5896163598176614,0.576241552016146,0.5962925204691322,0.5762935538731216,0.6120178317602906,0.569186693854164,0.7388611804488748,0.519270783735731
Coal_24.jpg,Coal,485.91264763779543,583.0329840659681,308.2436638779527,572.3465186930374,0.1308476605340648,0.11463753003892317,0.18070575430480823,0.11747167023542904,14.488681102362207,15.900737801475605,10.741572342519685,15.858577717155434,8.33680770877573,8.397025522201883,8.08128622535003,8.390824030042788,0.0007771888102369957,0.0006663523774068442,0.0012439247900956738,0.0006882863291425634,0.0278781062885734,0.02581380207189255,0.03526931797037864,0.02623521162755436,0.7778077462707926,0.7338850026313974,0.8590916951470222,0.7387742161122135
Coal_25.jpg,Coal,634.0556717519687,743.3975447950897,428.70361712598435,701.1378882757767,0.7196288667577115,0.7066537316135582,0.728361665751918,0.7093103030731813,6.265071358267718,6.923119846239694,5.083415354330709,6.6457312914625835,2.8086198285873087,2.854955155419749,2.7582324205870927,2.8538819614735793,0.3568953318326559,0.34798714919520485,0.3618844818866398,0.34719810737904083,0.5974071742393591,0.5899043559723939,0.6015683517993943,0.5892351885105308,0.5574772441384886,0.48498646027581876,0.7008024282207047,0.5142640349703125
Coal_26.jpg,Coal,1232.2103838582677,1466.9954119908239,753.0883981299213,1456.8092256184511,0.19088689819295543,0.17873811114429278,0.2033388538761562,0.1849906191997643,21.13336614173228,24.002294004588002,16.623339074803148,23.030690061380124,8.203033652737302,8.282105451838147,8.101185295895036,8.259238758703026,0.017169574683387638,0.016000896593522367,0.01695796293203914,0.016031523786031003,0.13103272371200883,0.12649465045416888,0.13022274352830668,0.12661565379537792,0.9135146536525005,0.8961962843151021,0.9468090065963407,0.8969171398071487
Coal_27.jpg,Coal,404.5557332677165,660.493148986298,399.5205462598425,622.1401202802406,0.5745323016782469,0.5605873417469374,0.5789957616959817,0.5687776958304488,6.718626968503937,8.735941471882946,6.498277559055118,7.830491660983322,4.582979579240142,4.6882508071206015,4.558517820681273,4.639746545692845,0.25683207952109255,0.25024613518753974,0.25664979332888366,0.25013779738018904,0.5067860293270647,0.5002460746348139,0.5066061520835329,0.5001377783973022,0.9754246285276287,0.9599472792485508,0.9757304988465383,0.9622730310767019
Coal_28.jpg,Coal,404.5557332677165,660.493148986298,399.5205462598425,622.1401202802406,0.5745323016782469,0.5605873417469374,0.5789957616959817,0.5687776958304488,6.718626968503937,8.735941471882946,6.498277559055118,7.830491660983322,4.582979579240142,4.6882508071206015,4.558517820681273,4.639746545692845,0.25683207952109255,0.25024613518753974,0.25664979332888366,0.25013779738018904,0.5067860293270647,0.5002460746348139,0.5066061520835329,0.5001377783973022,0.9754246285276287,0.9599472792485508,0.9757304988465383,0.9622730310767019
Coal_29.jpg,Coal,404.58280019685037,632.6796453592908,467.80413385826773,611.3300266600532,0.6250359804832155,0.6092900733240397,0.6191971241985754,0.6097816790972356,7.93959153543307,10.522041044082089,9.16781496062992,10.400768801537602,4.2069736617882185,4.311425420450615,4.239521891355972,4.302933246289056,0.33536875746847206,0.32798833246001785,0.33479719004115743,0.32855424455966387,0.5791103154567979,0.5727026562362164,0.5786166174948292,0.5731965147832494,0.9726699427888905,0.9574045901883212,0.9683992652784069,0.958841961794137
Coal_30.jpg,Coal,402.4244586614174,514.6723293446587,319.5850147637796,628.5639531279062,0.1693119866685632,0.15321409309390474,0.21732201700027692,0.1324312355595583,11.449926181102366,12.919833839667678,9.300196850393702,14.796081592163182,8.555687835921226,8.612595107421855,8.309386391890833,8.725124737753069,0.00044619351934016376,0.0004113173332676876,0.000628844885619459,0.0003607877511495613,0.021123293288220088,0.020280959870471803,0.025076779809605917,0.018994413682700533,0.9093743871444739,0.884660536198195,0.9281763990961858,0.8591413878652343
Coal_31.jpg,Coal,820.2907234251969,1008.1577283154568,586.7226870078741,1119.8245396490795,0.4616708328035291,0.4474736805943698,0.4765106743379923,0.44820086253776725,13.952017716535433,15.87971975943952,11.150713582677167,16.300204600409202,5.89074058459555,5.982244270071325,5.802733233417586,5.981837753638378,0.16290243469158813,0.15684315403598875,0.16439746490332832,0.1566336225238635,0.40361173755428387,0.3960342839149014,0.4054595724647876,0.39576965841744804,0.957934429382629,0.9483241247819718,0.9699149085094272,0.942600337673666
Coal_32.jpg,Coal,804.4608759842519,906.4997209994422,542.9707185039371,1190.9102858205717,0.5777718311772593,0.5671291558524092,0.5946181082541289,0.5626184054426633,10.800196850393696,12.089528179056359,8.389271653543307,13.38942277884556,4.727622932354334,4.7929327142425455,4.642882188279853,4.82262842832295,0.27125617337172164,0.26540533848629244,0.2742071563855043,0.2632696881116993,0.5208225929927788,0.5151750561569266,0.5236479317112828,0.5130981271761761,0.9583351738177525,0.9532168568785294,0.9718789086044487,0.9385388378443754
Coal_33.jpg,Coal,1020.0052903543308,1250.243412486825,651.9053887795277,1388.3319486638975,0.5177302689937092,0.5018148859611667,0.5280229926595119,0.5035042509585017,13.576648622047244,15.791555583111167,10.819266732283467,15.966023932047866,5.342077100888435,5.425236463721793,5.266485428823266,5.439423990111599,0.20697481641545318,0.1991187510182076,0.20825966151444028,0.19919532764851386,0.4549448498614455,0.4462272414568698,0.4563547540175738,0.4463130377308217,0.9496616873162306,0.938429308575725,0.9678277969624862,0.9316288675053923
Coal_34.jpg,Coal,1229.7822342519685,1421.8074276148554,763.3235728346458,1683.1968503937005,0.5567302196825789,0.5437155656883608,0.5670924786758617,0.5422622590659096,14.657357283464567,16.45929691859384,11.302288385826774,17.437162874325747,4.952346089160747,5.0221395786403225,4.872796239573508,5.048502993877911,0.25198485730223413,0.24509222159990607,0.25456636173282127,0.24296619279579923,0.501980933205868,0.49506789594954154,0.504545698359248,0.4929160098797758,0.9254267996232844,0.9140850453144213,0.953712551569024,0.8982901774742613
Coal_35.jpg,Coal,678.6494832677166,936.0404240808483,533.9228592519686,852.7673135346272,0.0867642671758472,0.07830016480497921,0.09726745007378766,0.07704734961051439,18.0056594488189,21.15171430342861,16.053272637795278,20.53456506913014,8.943524529218914,9.046247219006501,8.863095624945583,9.034872042682192,0.00025784884333440554,0.00022349874199407396,0.00028927273430718746,0.0002312156028614866,0.016057672413348253,0.014949874313654746,0.017008019705632618,0.015205775312738467,0.80074908488968,0.7254671582702341,0.8430514614344126,0.749884862710267
Coal_36.jpg,Coal,974.3580216535433,1244.01922003844,680.1531742125985,1347.6438712877423,0.6985595718233908,0.6896793352073988,0.7074466970796109,0.6861288476798529,10.88976377952756,12.554033108066214,8.743110236220472,13.182094364188726,3.3797586522526646,3.446054986872004,3.325574775643891,3.4610123162031297,0.4184840389944451,0.4074363615278162,0.4230878963466913,0.4060967567654027,0.646903423235992,0.6383074192956057,0.6504520707528659,0.6372572139767447,0.910948275277403,0.886931196357099,0.9378372098416228,0.8775127604069619
Coal_37.jpg,Coal,1531.638164370079,2088.5395250790507,1139.8486712598421,2155.0175460350924,0.5970951529774141,0.5718908430998023,0.6086901886519683,0.569080672731821,15.420767716535437,18.98146196292393,13.103469488188974,19.30745861491723,4.355975569328271,4.479100494308912,4.282293042013766,4.486644488814125,0.23658318489732688,0.2195716939638976,0.24315775993612523,0.21871557407942147,0.48639817526109913,0.4685847777765488,0.4931102918578411,0.46767036904150927,0.8523209835165951,0.7996641544083535,0.8900975822248889,0.793287482872303
Coal_38.jpg,Coal,522.0463828740158,772.1496062992127,428.1069758858268,688.207018414037,0.44762133163083256,0.4128319563966167,0.446237388568008,0.4090340889403261,9.268208661417322,12.463822927645857,9.197896161417322,11.180048360096722,6.488907642801312,6.684720082440105,6.490754100360947,6.633550540002875,0.0883308962662847,0.08459556543392334,0.09009426130424526,0.0843510687579376,0.29720514172248885,0.29085316816896345,0.3001570610601144,0.2904325545766824,0.9742062971129126,0.9617935570378594,0.9788508270084979,0.9659470885166884
Coal_39.jpg,Coal,578.1776574803148,1062.0786161572323,645.0755413385826,887.6634633269266,0.6772789145600298,0.6416786838684876,0.6565657937606001,0.6394010101707847,7.08882874015748,11.78746357492715,9.066806102362204,11.201562403124804,3.908134929585325,4.103539528472531,3.989571174197278,4.109973541681532,0.30836574136527173,0.28942653867699686,0.30395693237675536,0.28914320399165927,0.5553068893551311,0.5379837717598894,0.5513228930279926,0.5377203771400701,0.9274539694218412,0.8674633656485176,0.9190600512805799,0.8892286069257281
Coal_40.jpg,Coal,147.896468996063,300.1127782255565,272.505720964567,308.8952817905636,0.17081790872241542,0.12031928780018897,0.12526726090619444,0.11315515440507518,7.786724901574804,11.158348316696634,10.675135334645672,11.567859135718273,7.331745317965801,7.578320166107193,7.551003274272283,7.605619370998975,0.0011753439644574602,0.0008694067236234171,0.000900068938809753,0.0008414453557780573,0.03428328987214413,0.02948570371592676,0.030001148958160802,0.0290076775316132,0.7320148244530295,0.45657455643259526,0.5072192964843668,0.4406494377501231
Coal_41.jpg,Coal,519.3256643700787,986.6116312232625,643.9507258858268,914.6017112034226,0.6990672642219733,0.6537799090867091,0.6706466106212564,0.6513866238796661,5.981422244094488,10.093310186620375,7.861405019685039,9.976625953251908,3.8181568671812114,4.043989566796793,3.933701724731291,4.054694498836033,0.3039627865144401,0.2829677683039413,0.2960243487625647,0.2832758103981086,0.5513282021758366,0.5319471480362887,0.5440811968470926,0.532236611290607,0.937254298488082,0.8814496895204331,0.9221959768245965,0.8901023326738251
Coal_42.jpg,Coal,791.2333907480315,931.9291958583917,718.226624015748,922.8316076632152,0.07064975662086218,0.0644585226021713,0.07823809636514704,0.06508877257711497,19.35999015748031,20.874821749643502,17.99397145669291,21.074400148800294,9.332827788805723,9.371923300749668,9.274919238725559,9.392693475238675,0.00011063260651911929,0.0001065080560317981,0.00011973168477586954,0.00010348473793853776,0.010518203578516594,0.010320274028910188,0.010942197438168877,0.010172744857634922,0.8305166437914151,0.7991672306709965,0.8451540586949604,0.8011548934638949
Coal_43.jpg,Coal,1156.6628321850396,1209.4683489366976,589.8065944881891,1284.4374108748216,0.7329572974295048,0.7275726583069382,0.7591847967775304,0.7253935499540921,9.829170767716537,10.10794221588443,6.46702755905512,10.539215078430159,2.7139772368571378,2.7440837968618546,2.5805952693097067,2.756461752795245,0.41020762223409235,0.40271973928534616,0.4310059411134449,0.40176889709598124,0.6404745289502872,0.6346020322102239,0.656510427269396,0.6338524253294147,0.5775629193010984,0.5614811527918316,0.7845884251374058,0.5342995017413629
Coal_44.jpg,Coal,2197.55967027559,2346.938557877116,1344.0303887795276,2518.374232748465,0.5587211785752287,0.544824576243525,0.5747824730118863,0.5434793366947012,18.468873031496067,19.495690991381984,14.186884842519685,20.249364498728998,4.589276489234107,4.649705019838258,4.489122422660095,4.662963284654985,0.1870613407974863,0.17695140604491638,0.19367756270912934,0.176570187352043,0.4325058852749709,0.4206559235823458,0.44008813061604984,0.42020255514697075,0.8311189539012231,0.8206925046914445,0.8967156482766909,0.8075947176341135
Coal_45.jpg,Coal,1950.5045521653542,2208.8799057598117,1680.9555856299212,2560.5799491598987,0.5041789104946264,0.4903507722881642,0.5045362118294476,0.49010052590981507,20.524360236220474,22.10775621551243,18.696235236220474,24.150164300328605,5.481978505235865,5.561503525046403,5.457358222930006,5.581055914815709,0.19768739348269715,0.19006944294501152,0.19774464634378489,0.19048985906267427,0.44462050501826517,0.4359695435979577,0.4446848843212291,0.43645143952411736,0.9086090201036507,0.896701176012395,0.921238749244438,0.880253835084133
Coal_46.jpg,Coal,848.3789985236223,944.6411432822867,503.5711122047244,969.962427924856,0.07147583243652707,0.06814645068405645,0.10719846593526186,0.06485197605781283,20.796321358267722,21.888461776923553,15.399975393700787,22.430900861801724,9.233732871118177,9.266324191499129,9.000228459983616,9.282690314482323,0.0001291221454513222,0.0001230161800642282,0.00018285571239111227,0.00011988907355581468,0.011363192573010553,0.011091265936052034,0.013522415183358049,0.010949386903193014,0.746918140838909,0.7179473004081133,0.8496607140907687,0.7103969198839537
Coal_47.jpg,Coal,1297.7741756889764,1531.804699609399,885.9124630905511,1685.0554901109804,0.08677019260057134,0.07514265246563087,0.11151959699815156,0.07362965438236582,23.624815452755907,26.502325004650004,19.92476624015748,28.08320416640834,9.267606682194339,9.338399210625923,9.147213585564394,9.35737438050775,0.0002841451605754773,0.0002391438845745816,0.00035068063300189095,0.00022440977363819692,0.01685660584386659,0.015464277693270436,0.018726468780896493,0.014980312868501676,0.8428392895206096,0.8142364959415533,0.8962000270354407,0.795667567183006
Coal_48.jpg,Coal,1061.8756151574803,1260.1602703205406,849.6468996062994,1240.8363196726395,0.1377812885880865,0.11394882193143424,0.14858883921463695,0.12145325232743055,20.244955708661415,22.83532767065534,18.3058562992126,22.350486700973402,8.859495283190416,8.976898775230413,8.832119252582917,8.949995365074077,0.0009267739482744592,0.0007672616250434306,0.0009713838397403362,0.0008058516954035581,0.03044296221254527,0.027699487811933106,0.031167031294949094,0.028387527109693056,0.7733287934756912,0.730685005324833,0.8193899292642121,0.7348387467209895
Coal_49.jpg,Coal,586.3080708661419,697.4088908177816,450.77743602362216,633.712133424267,0.17875813128032483,0.14551099778330176,0.19790376027481352,0.15575039316070133,13.715059055118113,15.718271436542873,12.006274606299215,14.516647033294067,8.573142795627199,8.700369004518917,8.481830621249692,8.646551517081257,0.00045465117785704336,0.0003811052944196532,0.0005177411477869832,0.0003959777899095758,0.021322550922838555,0.019521918307882892,0.022753925986233305,0.01989919068478856,0.834651152371384,0.803220980638794,0.8732703052995635,0.8211892825060598
Coal_50.jpg,Coal,1688.011011318898,2205.1498542997087,1546.2660556102364,2168.7983755967516,0.07074781107020978,0.05867720297036116,0.07436949372605399,0.05961511136516327,28.437684547244103,32.86192572385145,26.615095964566933,32.56885113770228,9.439884045741561,9.525766688823595,9.400798867497631,9.513543901834385,0.0002768814131378264,0.00020927780711039136,0.0002873768564919943,0.00021797104788331964,0.01663975399871724,0.014466437263901273,0.016952193264943457,0.014763842585293289,0.748647375630284,0.6715020247827699,0.7693884357321163,0.6768956460786445
Coal_51.jpg,Coal,884.4691806102364,1207.5951391902786,868.2060777559057,1068.6668733337467,0.13530379413096538,0.10732710735093347,0.12441178502371512,0.11075305263478875,18.96536663385827,22.809101618203236,19.17125984251969,21.550747101494203,9.08707134803317,9.237070402253558,9.144170428809282,9.212101932230738,0.0005427357046120344,0.00033235356941294824,0.0003786287479801523,0.0003348771655073225,0.02329668870487895,0.01823056689773931,0.019458385030113684,0.01829964932744129,0.8606905253875314,0.8098054208203653,0.8631223149318253,0.8316910818342976
Coal_52.jpg,Coal,1032.0431225393704,1178.5542811085622,721.7649483267717,1289.47721495443,0.06588840342578595,0.06445173783745757,0.08232432156854884,0.058466276099598764,22.2165969488189,23.703887407774822,18.122846948818896,25.05400210800422,9.319650930417339,9.357626194412317,9.17634237211669,9.3944630712158,0.00011953301494493617,0.00011559723038845918,0.0001425579023033046,0.00010881638726511381,0.010933115518686162,0.010751615245555395,0.011939761400601965,0.010431509347410557,0.7806284236995692,0.7504347372628577,0.8468686435892753,0.7269466579776453
Coal_53.jpg,Coal,194.42224409448818,259.9309938619877,177.0081200787402,249.58112716225435,0.17683753310153297,0.1494024614276583,0.17483510479546246,0.1515569337348423,9.011441929133857,10.663835327670654,8.87327755905512,10.335420670841343,8.151437962962053,8.305874286866262,8.157424525382668,8.26670124245644,0.0008734244763411402,0.00065750922003425,0.000803176716216714,0.0006682397889564829,0.029553755706189698,0.025641942594785014,0.028340372549010607,0.025850334407053286,0.9231413585036963,0.8972395485664889,0.9298266449775271,0.9013328347847638
Coal_54.jpg,Coal,480.91092519685054,550.750945501891,355.9362696850394,563.6123752247506,0.10693523919187131,0.10091653502778214,0.1329932262704836,0.09918203702023057,14.08132381889764,15.115506231012462,11.748892716535437,15.607663215326433,8.147109251890813,8.188650362187074,8.014873404072775,8.215098332190582,0.0004907561084653421,0.0004603823455275405,0.0006011370665319457,0.00045060701442625533,0.022153015787141538,0.021456522214178618,0.02451809671511934,0.02122750608117344,0.6530533516758492,0.6023749812891614,0.742521910441834,0.5930784349353051
Coal_55.jpg,Coal,1057.9221210629923,1171.7658255316508,882.7768823818899,1363.3643127286255,0.07897799080797067,0.07258010992075445,0.0910600235643628,0.06847216830751178,21.14210137795276,22.510323020646037,19.116695374015755,24.69582739165478,9.176954602587166,9.227607879249081,9.119352233924165,9.279129678134087,0.00015798035746462125,0.00014368929475660423,0.00017166587067549138,0.00013259354437364707,0.012569023727586054,0.011987046957303713,0.013102132294992727,0.01151492702424323,0.7994368432927805,0.7779651753446218,0.832913680957803,0.7415617271470163
Coal_56.jpg,Coal,784.2191806102364,828.459296918594,722.3945004921261,812.0481120962243,0.21918414876929138,0.18586191508795782,0.20196819683456493,0.19012921317667064,15.083230807086618,16.055304110608223,14.825356791338585,15.950771901543803,8.098195270049494,8.190576256519948,8.138916172896753,8.183369741349702,0.001014873611778474,0.0008716324085261476,0.000938603317636323,0.0008895263001016423,0.031857081030415735,0.02952342135536035,0.030636633588505168,0.029824927495329175,0.5443768195276627,0.5210386267695789,0.5807888997330772,0.5305192936138124
Coal_57.jpg,Coal,1463.08532234252,1591.2391964783933,1214.3032726377955,1788.1335482670963,0.09972874635370377,0.08922583670397136,0.1092896114185598,0.0857573189895102,25.515194389763785,27.157728315456634,22.82468011811024,28.83551367102734,8.756862744210956,8.801412072272376,8.671664334103268,8.832733434335957,0.0009778585841351372,0.0008103914775626689,0.0011665400528066683,0.0007480723002862086,0.03127073047012393,0.028467375670452464,0.034154649065781195,0.02735091041055505,0.5754182351480958,0.5370179105142293,0.6459877789936154,0.47974319329016074
Coal_58.jpg,Coal,2881.2331446850394,3116.979601959204,2763.093196358268,3611.3828507657017,0.21987702580144192,0.20646112641114894,0.22109980535543927,0.20414111000944732,33.91400098425197,35.28402256804514,33.40963336614173,38.91487382974766,8.323547574017475,8.37422878393659,8.331307556976713,8.404904210296444,0.022760558094358375,0.020886695874699955,0.02247956705386068,0.020700747396906784,0.15086602697213966,0.14452230234361738,0.14993187470935151,0.14387754305973807,0.8110699913166279,0.7947827081258334,0.8179046119166367,0.7622408072218883
Coal_59.jpg,Coal,2881.5071358267724,3657.9832599665197,3234.8915477362207,3382.6283092566177,0.18101773964064283,0.16111670717051604,0.17355604522777035,0.1612256387086424,32.07800196850395,37.10992621985244,34.29263041338582,35.90997581995163,7.837529357226787,7.935579763084092,7.871278566133599,7.916390203967367,0.005307540217131218,0.004367435729725447,0.004937352098825292,0.004409152906593987,0.0728528669108582,0.06608657753073197,0.07026629418736477,0.0664014525940057,0.6024474250581112,0.4962419415729638,0.5534001941500855,0.5341619416945279
Coal_60.jpg,Coal,974.3976993110236,1497.3364126728252,630.6272145669291,1443.08866017732,0.6315204948149487,0.571234237545449,0.6420202290768804,0.5865193723035229,8.389579232283465,12.593651187302376,7.065575787401576,11.61776923553847,4.70836550453788,4.89955646466731,4.676626417578841,4.830502197627614,0.06389601506009654,0.058895460775607526,0.06475845593292748,0.06021511509821952,0.25277661098309023,0.2426838700359122,0.25447682788994264,0.2453876832651132,0.8964868130700374,0.8366078606902884,0.9345207067721238,0.8425274765214177
Coal_61.jpg,Coal,422.93503937007875,608.2895405790812,326.2604576771654,637.2804265608531,0.48921352189370443,0.4649785333982185,0.4985175376531359,0.46955254011241154,7.936761811023622,9.587575175150352,6.611097440944883,9.74716349432699,5.651925405520661,5.740992685499206,5.53761381051285,5.737030058786907,0.14245723346183017,0.13911092252713367,0.1456814045219888,0.1387435518996526,0.3774350718492257,0.3729757666754419,0.38168233456893025,0.3724829551800358,0.9744448980002482,0.9632079296310155,0.9802893700332828,0.9614544312623192
Coal_62.jpg,Coal,659.4115403543308,784.5990451980903,368.9712106299212,855.3838427676853,0.5266639929330353,0.5052172777545125,0.5292441353424798,0.5064144063977842,9.678395669291339,11.104346208692416,7.768454724409446,11.705127410254818,5.397374702887463,5.507230337130513,5.349176093852674,5.517221528913478,0.19333340033867566,0.18722246713511956,0.19534566272501674,0.185940384218793,0.4396969414706858,0.43269211586891615,0.4419792559894828,0.43120805212657265,0.9613403605604073,0.9540498801883984,0.9783681728438545,0.9499043615963618
Coal_63.jpg,Coal,510.2777436023622,661.1540703081407,303.3391978346456,654.9053258106517,0.629231788810954,0.6098453924048454,0.6375204423845418,0.6062795947913896,7.119156003937007,8.453964907929816,5.870324803149605,8.766693533387068,4.914786367634051,5.014293146027413,4.858849483345973,5.028366768359301,0.17729371396242796,0.17478380805853308,0.17921943009413357,0.17416785841073698,0.42106260100183196,0.41807153461881746,0.42334315878980916,0.41733422865940073,0.9705261551432472,0.9619661329019679,0.9824862744561902,0.9623255671524527
Coal_64.jpg,Coal,1745.0557947834652,1854.4271808543613,1351.3695250984256,1794.1228842457685,0.40881248507479023,0.3967940626988275,0.46124235423534354,0.3985671819002159,20.49440206692914,21.30634261268522,17.184116633858274,20.909169818339638,5.157173161929906,5.19830616047242,4.995033253681209,5.184026484337885,0.10709820400353694,0.10030502992371844,0.14127576100611192,0.10101084111896046,0.32725861944880374,0.3167096934476721,0.3758666798295799,0.3178220274288119,0.3082079108427863,0.2663241780674169,0.46229012855366,0.2901826529847184
Coal_65.jpg,Coal,462.44697342519686,654.5230330460661,352.13718011811017,618.9440138880279,0.5428307829567902,0.5238606741311846,0.5465863237867358,0.5259226566424804,7.691067913385828,9.290842581685164,6.976008858267715,9.193874387748775,4.971893599918356,5.086184185982358,4.93310546721562,5.063372657145556,0.2152074804027538,0.20801460215357656,0.21487832422686318,0.20823933482450635,0.46390460269623734,0.4560861784285691,0.4635496998455108,0.4563324827628495,0.9789237975527095,0.9702011373627406,0.9839512097086137,0.9718209647043771
Coal_66.jpg,Coal,1080.827632874016,1216.734081468163,978.3404281496066,1365.996155992312,0.10071422274691866,0.08927083054235731,0.10209117370058488,0.081628444721066,22.115526574803155,24.093372186744375,20.814468503937015,25.76353152706306,9.15148956930583,9.220591259180527,9.12117347780753,9.261803774993545,0.00028299287555606366,0.00024416801267107405,0.0002568422495243429,0.00021910503241925325,0.01682239208781152,0.015625876380896978,0.01602629868448554,0.014802196878141206,0.7878208753025245,0.7581221296649437,0.8061541180810045,0.7284643220044015
Coal_67.jpg,Coal,1344.2458169291338,1343.1488002976007,1093.7922613188978,1389.6705313410625,0.1332754212141523,0.12828615592135373,0.15028616695808195,0.12455305247828428,23.321850393700785,23.1743443486887,20.427718996062996,24.3252526505053,8.960376662636579,8.963277542960606,8.858952878674526,9.005039679014171,0.0018074527115851107,0.0016388748134926984,0.0018578940356122908,0.0016018492573906214,0.04251414719343563,0.04048301882879658,0.04310329495076091,0.040023109042034974,0.8846929709416003,0.8848013953515301,0.9064368814567646,0.8808143578934169
Coal_68.jpg,Coal,945.4832062007873,1149.54479508959,784.1571727362207,1085.9247318494638,0.06717437543130683,0.05555166185723171,0.07838538799347675,0.06199323744206838,22.72594734251969,25.302126604253207,20.271345964566933,24.40957281914564,9.198295443277924,9.267355198277023,9.120453292896133,9.244456546946141,0.00023480692713338547,0.00018489521758013067,0.00028899081235662477,0.0002102099808390825,0.015323411080219231,0.013597618084801862,0.01699972977304712,0.014498619963261418,0.7041236388672981,0.6404480322512345,0.7559545152558494,0.6602969100125395
Coal_69.jpg,Coal,430.0474901574802,761.2417384834769,474.3564222440946,729.9131998263998,0.8103633919937244,0.7980833737926689,0.820295897693281,0.7978401880031479,4.966289370078739,7.020026040052079,4.823695866141733,6.832165664331329,2.843764177454786,2.931612930240801,2.802543638313151,2.9283050727395845,0.4123670743679377,0.40476603744453055,0.4135315823121882,0.4044418793158996,0.6421581381310507,0.6362122581690254,0.6430642132106157,0.6359574508690811,0.9700865505866253,0.947314473506517,0.9670044886542368,0.9494827210814696
Coal_70.jpg,Coal,417.44426673228355,605.5978671957344,369.5749261811024,656.1418562837125,0.6650952087450022,0.6331357483721313,0.6563365105323786,0.6310421238765684,6.581323818897639,8.899993799987598,6.680610236220474,9.41037882075764,3.9397271788337114,4.092214594280518,3.9445828315238645,4.114562081139904,0.2597101469227354,0.24559391942269526,0.26022893439829864,0.24639151032905562,0.5096176477740301,0.49557433289335645,0.5101263906114823,0.49637839430121816,0.9300210542869639,0.8989613531604452,0.938045708715619,0.8905285357085437
Coal_71.jpg,Coal,671.0852608267717,1370.9047058094116,923.7284694881889,1147.1389422778843,0.8556498557597781,0.8409291861278915,0.8526846679114963,0.8410050160012642,5.343749999999999,8.979229958459916,6.766117125984252,7.833715667431333,2.0553218743935817,2.148103904725364,2.071853048826774,2.13599955595946,0.5316963127212389,0.5267635784202065,0.5348161310336292,0.5265504758177969,0.7291750905792372,0.7257848017285885,0.7313112408773909,0.7256379784836217,0.9523992880467576,0.9033489921274672,0.9344806335885559,0.9191248418134741
Coal_72.jpg,Coal,2548.5640378937005,3373.2354764709535,1639.2022637795276,3247.0008680017363,0.5345926348556372,0.5025560944411168,0.5680813673144178,0.504594573188647,19.29730561023622,23.588133176266354,14.071604330708661,22.761175522351046,5.184023343129994,5.332513164416916,4.963487730844687,5.3126768267675875,0.1218417494818388,0.11104931237080527,0.12688857244169563,0.11160201258960395,0.3490583754643896,0.33324062232987933,0.3562142226830586,0.33406887402091795,0.8761618574869701,0.8364254410790206,0.9203510577247058,0.8425467956494155
Coal_73.jpg,Coal,468.96376722440954,579.0938681877365,420.20386318897647,554.5991691983385,0.21379889641678002,0.19273343696394626,0.2016307164507127,0.18037888776359468,12.303334153543311,13.872589745179491,12.110236220472444,13.775931551863106,8.28991481435132,8.378313767245224,8.317020254423841,8.399448450106332,0.0031485554304116438,0.0027814276596995137,0.003030914509094644,0.0026825461301737898,0.05611199007709176,0.052739242122915586,0.055053742008101904,0.051793301981760055,0.965913373633145,0.9576149537686774,0.9691557933476334,0.9594050812689302
Coal_74.jpg,Coal,642.4539247047246,660.9352098704196,287.31883612204723,749.6984933969867,0.15335069606297996,0.1427969211621461,0.2283312420308371,0.1342347664244483,13.859682578740161,14.294004588009173,8.76199557086614,15.546469092938185,8.711653059326052,8.746083590183428,8.334861624531896,8.812370523813794,0.0003741236730520337,0.0003458902695596945,0.0006187997605487399,0.0003209022476077067,0.019342276832163108,0.01859812543133567,0.02487568613222035,0.01791374465620482,0.9117085562287114,0.9091834925121705,0.9603954488524793,0.8969881134417178
Coal_75.jpg,Coal,661.1066683070867,848.0329840659683,522.6188484251968,908.2834645669293,0.40723428137780415,0.39584807421004636,0.4167940049119542,0.39556580283692466,13.08230807086614,14.604005208010417,11.269438976377952,15.449190898381797,6.36326682222461,6.454244661752598,6.301712865519356,6.4720964825973315,0.11867525132755342,0.11344431654081238,0.11923125817687184,0.11310730018074829,0.3444927449563393,0.33681495890297447,0.3452987955045193,0.3363142878034596,0.9625069671920268,0.9517628042033295,0.9703611420070775,0.94833568016526
Coal_76.jpg,Coal,670.822342519685,941.9429598859199,529.4648129921261,825.1255502511005,0.49007487204036065,0.4749698846242014,0.4952119250787451,0.47837714980680346,11.437376968503937,13.56996713993428,9.767962598425198,12.616033232066465,5.531983501870465,5.63401027170452,5.473544158457174,5.6108126027178695,0.192103613272168,0.1851067422142284,0.19195399029225807,0.1851139132249124,0.4382962619874461,0.4302403307620386,0.43812554170267004,0.4302486644080518,0.9648478951441178,0.9506261601286755,0.9722552433869585,0.9567493802419096
Coal_77.jpg,Coal,730.9558316929133,856.8250976501954,674.210999015748,1131.4577469154938,0.47680710073245286,0.4685257154076518,0.4773565090569717,0.46174828532714407,12.885949803149606,13.745675491350985,12.433686023622048,16.51956103912208,5.729670869271477,5.794486560213568,5.712389421063489,5.839339114837172,0.18694359959520696,0.18078856561953932,0.1863699111309356,0.1797916029336926,0.4323697487049793,0.4251923865963963,0.4317058154935321,0.4240183992867439,0.9609805632425945,0.9542617817764516,0.964009681164574,0.9396016042468066
Coal_78.jpg,Coal,425.5491510826772,526.0315580631161,373.0260211614174,476.59278318556625,0.15163280200698162,0.1302330547373635,0.16103082741994906,0.14303734306472635,13.294598917322839,15.328848657697314,12.364111712598428,14.197222394444788,7.92732113936261,8.048491235725725,7.878229139765086,7.979372714807889,0.0018414914759517025,0.001383603362407914,0.001937136808843931,0.0016903019732011308,0.04291260276366026,0.03719681925121977,0.0440129163864874,0.04111328219932253,0.6018513561990143,0.5090535692830525,0.6522542446582232,0.5551999418659187
Coal_79.jpg,Coal,340.04490649606294,470.2047244094489,217.02251476377955,422.3856407712816,0.76251415409776,0.7541108522002756,0.7665760751208213,0.7551555777564122,5.0232529527559056,6.0493520987041975,4.101377952755906,5.965527931055862,2.765410378689906,2.8163972494243406,2.7351693021554415,2.8178315851929536,0.5240030713826076,0.5177436751426296,0.525168479963425,0.5179253048691478,0.7238805643078198,0.7195440744962255,0.7246850902036173,0.7196702751046119,0.967102391361287,0.954759395499237,0.9790041796830421,0.9593602940826791
Coal_80.jpg,Coal,800.7990895669292,1056.0453840907683,567.6615403543307,949.0150660301322,0.4174878564512306,0.40473935587315013,0.4309496956122562,0.40575900801870257,14.146899606299213,15.920639841279685,11.099655511811022,15.489118978237958,6.189812865967443,6.286034112525441,6.089341387182591,6.2751673777681045,0.13258228518410162,0.1263390872618437,0.13238735602227064,0.12617236654896147,0.3641185043143257,0.35544210113862945,0.36385073316165056,0.35520749787829853,0.9590407798396084,0.9458491818964551,0.97096528416318,0.9513373733815738
Coal_81.jpg,Coal,784.513656496063,951.2277264554531,562.9821604330709,1048.8032736065472,0.4338382307216176,0.42209388021141414,0.44308163656826816,0.4221432849226818,14.214689960629922,15.696943393886789,11.461614173228346,16.422840845681694,6.113241018282626,6.188890935414149,6.032056508456174,6.208708688074767,0.14596932440935195,0.14038085451085647,0.1467258288520483,0.14005193749118974,0.3820593205372066,0.3746743312676443,0.3830480764238979,0.37423513663362734,0.9556909584257559,0.9461675782218785,0.968202975505103,0.9406455272309531
Coal_82.jpg,Coal,229.2097687007874,411.0592101184203,268.2523375984252,359.62700725401453,0.6627756737817769,0.6511780419465818,0.6624530234255801,0.651876777345077,5.16203248031496,6.957777915555832,5.662401574803149,6.557629115258231,3.6819355458972813,3.771503258364464,3.689728599543641,3.7643889186162447,0.3729047749843547,0.36617154838872884,0.37446310708051095,0.36588036037997795,0.6106592953393526,0.6051211022503915,0.6119339074446773,0.6048804513124705,0.9749125381472795,0.9551769247248817,0.9706392518759153,0.9607852396435336
Coal_83.jpg,Coal,551.3259104330709,773.8474796949595,362.8927165354331,665.1060822121644,0.563725624641999,0.5475725018798584,0.5665632123631443,0.5503461783656228,9.50159940944882,11.412362824725651,7.748769685039372,10.670469340938684,4.8518090531436755,4.939597041282973,4.800956548636451,4.938594812919804,0.2573579661319481,0.25069901017103796,0.2578577532032996,0.2510028007841992,0.507304608821907,0.5006985222377214,0.507796960608568,0.5010017971865961,0.9670768549718104,0.9538887814339382,0.9783293886427632,0.9603683507005909
Coal_84.jpg,Coal,371.79736712598435,634.9990699981399,443.4338090551182,650.1623163246326,0.7684600707687124,0.7564306980129042,0.7636330917354088,0.756728771604296,5.295398622047245,7.608779217558434,6.252952755905513,7.5956351912703814,2.7414816294802917,2.807513085461561,2.7541862136436177,2.8093644018542943,0.5325560857420546,0.5256893683233705,0.5325542371665799,0.5247985196819795,0.7297644042717174,0.7250443905881698,0.7297631377142723,0.7244297893391599,0.9650954174979067,0.9407331048261878,0.9583701409936634,0.939317860973107
Coal_85.jpg,Coal,810.2958907480313,1019.2614545229094,560.4120324803149,992.0672081344163,0.5965168692042496,0.5857746038209813,0.6020187166835833,0.586497490932003,11.876599409448817,13.5238390476781,10.004306102362206,13.464318928637857,4.552399180675454,4.615327971886218,4.508916534663121,4.619259345353149,0.3082738575145118,0.30182995389860856,0.31072502129135104,0.3016202801579142,0.5552241506945748,0.549390529494829,0.5574271443797396,0.549199672394216,0.9457932276843036,0.9320299957653138,0.9625098340069413,0.9338434588703718
Coal_86.jpg,Coal,932.0606545275591,1143.4336288672575,640.6928518700788,1119.8735817471634,0.4598850397819918,0.44811344026382566,0.46550555228550416,0.44784499840869907,14.769931102362204,16.107446214892427,11.95072588582677,16.34602269204538,5.901813342882062,5.9842224904297865,5.8394955247364875,5.981059961821682,0.15931536953405936,0.15211607607169575,0.15942545721761367,0.15250118875214494,0.3991432944871545,0.39002060980375863,0.399281175636435,0.39051400583352314,0.9499278179324223,0.9385422971852105,0.9655807972612142,0.9398086115017168
Coal_87.jpg,Coal,686.0942421259845,848.3279806559614,550.5359251968504,889.543307086614,0.600466531334577,0.5906754360671638,0.603111922255725,0.5914992474401918,11.275467519685042,12.65943331886664,10.085014763779528,13.056854113708226,4.534439064315925,4.601684492775741,4.5065898195376946,4.6018813363255795,0.3123976642240394,0.3062061501393757,0.31349790342402944,0.30593414761136656,0.5589254549794985,0.5533589704155664,0.5599088349222839,0.5531131417814682,0.9474569456531494,0.9352465896519172,0.9578383882833982,0.9321005977645215
Coal_88.jpg,Coal,505.1243848425197,514.8746977493954,365.59055118110234,755.7337714675429,0.6786298206964974,0.677086274835105,0.6849447359189584,0.6694997990254632,8.19562007874016,8.116560233120465,6.633489173228346,10.093372186744372,3.607862021919532,3.631507421021763,3.566977494516126,3.6764505879102822,0.41285546914355553,0.4079105381225207,0.4144252919243143,0.4053796268668859,0.6425383016938022,0.6386787440666244,0.6437587218238789,0.6366942962418353,0.9390553006764034,0.9381599953757517,0.955890456121562,0.9092311583254363
Coal_89.jpg,Coal,718.7965059055116,951.720007440015,655.9538631889764,1077.2836505673013,0.6902806353312543,0.6842065561462954,0.6920438935118581,0.6799851106361826,7.85494586614173,9.235538471076943,7.58021653543307,9.900427800855603,3.3597381578281067,3.422550037372522,3.356663210894633,3.434502956469422,0.43720247584538124,0.4305026410288423,0.43793450605700035,0.42903912827479707,0.6612128823952096,0.6561270006857226,0.6617662019603301,0.6550107848538046,0.9637349325740834,0.952180809734901,0.9669054998439769,0.945871862046354
Coal_90.jpg,Coal,492.65391240157476,731.3850827701657,441.8957923228346,633.8321036642074,0.5920175260447179,0.5795446475031979,0.591864810318884,0.5834599724754447,9.524114173228346,11.902783805567612,8.993725393700787,10.703949407898818,4.61912918152468,4.713921892968062,4.614024153742104,4.674179427629591,0.2964572011297344,0.290820916814504,0.29713124813212516,0.2916301992936307,0.5444788344185055,0.5392781442025107,0.5450974666352112,0.5400279615849819,0.964704845968171,0.947754778927062,0.9683413047913881,0.9547233062866993
Coal_91.jpg,Coal,719.0487204724411,807.8386756773515,591.1651082677166,1023.1713063426128,0.4727799947138897,0.4615678872345832,0.4770473351994845,0.45609486422270884,12.807209645669294,13.415214830429663,11.155265748031496,15.20739041478083,5.8114014325870125,5.880515617181532,5.765199867263607,5.920983400932151,0.16496329361066928,0.15710626920044837,0.16410657632106287,0.15640322761828485,0.4061567352767516,0.3963663320722995,0.40510069898861306,0.3954784793364676,0.9552113680015533,0.9496668596300778,0.9631770758633322,0.9362503597126761
Coal_92.jpg,Coal,570.1925442913387,747.6136152272306,427.05105807086613,701.434186868374,0.64521658637337,0.6329393998683883,0.6461070734601306,0.6352526672402894,9.586122047244094,11.2739785479571,8.234990157480315,10.46859693719388,4.08326022412162,4.163598459144648,4.068436753629705,4.149395682645567,0.35648980697375454,0.3487940983569985,0.3565712634965308,0.348643735851549,0.5970676736968387,0.5905879260169467,0.5971358836115368,0.590460613294019,0.9554097792840215,0.9417699602128333,0.9666037356555783,0.9453667780020166
Coal_93.jpg,Coal,597.7865403543308,664.1371442742885,459.52349901574803,860.9396738793478,0.6204468858951648,0.6150335416408939,0.6257772888488183,0.6105164111820298,10.105437992125985,10.79174158348317,8.59375,12.193068386136773,4.292976302950588,4.34391090318206,4.256698805126936,4.369035277302107,0.34184289260912515,0.33660064902124964,0.3426418972588922,0.335158764619718,0.5846733212736196,0.5801729475089731,0.5853562139918669,0.5789289806355509,0.957908881902943,0.9533980808360578,0.9676442064855124,0.9395886204633275
Coal_94.jpg,Coal,352.1418553149606,496.58800917601843,294.03063484251965,532.1129642259286,0.694353206820575,0.6858346262492379,0.6947265127208995,0.682858809005256,6.427042322834645,7.792299584599171,5.959153543307087,8.188108376216753,3.4714173025921466,3.5358499529400054,3.4596790825218138,3.542617336694982,0.43103900355749925,0.42627660548271684,0.43304419518995296,0.42586405422051343,0.6565356072274369,0.65289861807383,0.6580609357726327,0.6525826033694995,0.9755220833254687,0.9656357564295631,0.9795614827638215,0.9631774042631672
Coal_95.jpg,Coal,118.65034448818899,130.37857275714552,73.44672736220473,134.9097898195796,0.6504571971621385,0.6182455053089497,0.6544656495877417,0.6159007265289549,4.194758858267717,4.449128898257796,3.4276574803149606,4.70283340566681,4.762175515590336,4.915845741822377,4.720430487500177,4.932260695272956,0.06776065035284369,0.06158150688178118,0.06950013527712602,0.06113889349732941,0.26030875965446054,0.24815621467491233,0.26362878309685006,0.24726280249428825,0.8102393362520122,0.7925189909805928,0.882589198305792,0.7853081321077091
Coal_96.jpg,Coal,657.1814714566929,809.5278070556141,630.9212598425197,979.025234050468,0.43812690447566727,0.42236431844217814,0.4448279930422571,0.4179538175728981,11.94857283464567,13.269886539773077,11.536294291338583,14.311612623225246,6.167662342919596,6.26473813573603,6.147767386525892,6.278911341071002,0.12757135902455402,0.12219970735434056,0.12801996307117613,0.12164961337796688,0.35717133007081353,0.34957074728063353,0.3577987745523678,0.34878304628804263,0.9657797482871725,0.9578505747259874,0.9671477499587917,0.9490254064352995
Coal_97.jpg,Coal,427.3129306102364,661.3274226548455,531.509657972441,596.234298468597,0.12332069568780682,0.08382987331058091,0.09806503615316339,0.09023431278169651,13.021345964566931,17.08202616405233,15.038816437007878,16.081282162564328,8.395362864936,8.61291537034395,8.52173007624761,8.575692776468511,0.0003704378746648119,0.00027384573338183816,0.0003061937276218304,0.00028787062348134253,0.019246762706097147,0.016548284907561814,0.017498392143903693,0.01696675052805759,0.7442730210720028,0.6053839429552491,0.6828857733008646,0.6442378718724573
Coal_98.jpg,Coal,844.0950418307089,1524.8208816417637,1259.1752583661419,1727.281418562837,0.3663574171884536,0.3477132602396783,0.3591736939149456,0.3448816487810006,13.105007381889768,17.523715047430095,15.968073326771655,18.941657883315763,6.499753327976698,6.64371972097195,6.561460339885729,6.677662657100559,0.0795182355745571,0.07360179485688502,0.07914039772171347,0.07339643794545819,0.28198977920229146,0.27129650726997023,0.2813190319223239,0.27091776971150894,0.9477868081043488,0.9054412157911751,0.9221218275245033,0.892886021635577
Coal_99.jpg,Coal,1016.7387426181106,1135.1705623411244,836.7020177165357,1005.2429784859568,0.15697009219677954,0.1461301018912934,0.1710357004012049,0.152934188551314,17.392778051181107,18.7012214024428,15.358144685039376,17.490854981709962,7.781729894163152,7.836398434540482,7.69921817753279,7.801002984684624,0.0018280330139761852,0.0016893544234109356,0.0020042853196057964,0.0017541414585588166,0.042755502733287855,0.04110175693824943,0.044769245242753386,0.041882471972876874,0.7292093362744584,0.6989354772159836,0.7769896828896741,0.7333937365669367
Limestone_1.jpg,Limestone,858.6125123031495,1054.996465992932,658.7461245078741,956.2744125488252,0.3233532356772396,0.30894480352625875,0.33448806130243486,0.3133814794177861,17.354638287401574,19.49321098642197,14.610174704724413,18.164920329840662,7.009644093819803,7.113820397298052,6.9373499305147375,7.082878079996657,0.07333840992144877,0.06870189764931577,0.07384029154044636,0.06874279605090922,0.27081065326432185,0.2621104684084857,0.2717357016301803,0.2621884742907461,0.8627148781238186,0.8303761287574025,0.8946721789397706,0.8462488045643756
Limestone_2.jpg,Limestone,919.0218380905513,1165.491040982082,893.5882135826771,1151.7823175646352,0.31080603831017767,0.288295345177273,0.30967000053636756,0.28947740522053317,17.57301919291339,20.06441812883626,17.180487204724407,19.84196168392337,7.306330354546534,7.44433151989956,7.300833508071701,7.440585056789789,0.0576098991553452,0.05096997173968308,0.057023874240619575,0.05071579967699584,0.24002062235429938,0.22576530233781072,0.2387967215868333,0.22520168666552176,0.8420495460863034,0.7987817577506621,0.8464249365223019,0.8011485243173243
Limestone_3.jpg,Limestone,1579.519931102362,2260.452228904458,1789.2381274606303,2269.1705003410007,0.056986156297875866,0.04958781414303444,0.052498989233281425,0.04801936682649908,25.434301181102363,31.106578213156432,27.739480807086622,31.05728811457622,9.108947168954225,9.205637737284718,9.154657640481439,9.20718874411209,0.00015446673959754165,0.00013795017980016742,0.00014528251712753428,0.00013765803463158786,0.012428464893040558,0.011745219444530077,0.012053319755467133,0.011732776083757324,0.6013108511077843,0.43024557060041724,0.5494557495448921,0.42802524656377766
Limestone_4.jpg,Limestone,2662.5575787401585,3012.9541199082396,1817.563545767717,3030.2568045136095,0.06150868123845357,0.05489347135331192,0.07229396853398329,0.054659165266957785,33.768085629921266,36.48601897203794,26.966227854330715,36.870481740963484,9.183670036725667,9.223408017950428,9.066546228731792,9.231696698973519,0.00016858175806195368,0.00015602089608296018,0.00019624605899602426,0.00015581331925265378,0.012983903806712127,0.012490832481582649,0.014008785064952073,0.012482520548857661,0.4364406355838037,0.3621362338464931,0.6155546605070356,0.3584761703339001
Limestone_5.jpg,Limestone,734.8761687992127,989.5756711513424,705.4814222440946,913.8014756029513,0.07081226260255856,0.05693402681839904,0.06933391332408427,0.05809968905384942,19.239972933070867,22.742389484778972,19.00602854330709,21.877859755719513,9.228112445876555,9.338951979370908,9.230590277766165,9.318569875985018,0.00012540228937879755,0.0001102828791310754,0.0001249330501590691,0.00011188967755826267,0.011198316363578837,0.010501565556195675,0.011177345398576045,0.010577791714637921,0.7808489017017707,0.7045092895489196,0.7893244825025294,0.7270999761204451
Limestone_6.jpg,Limestone,1469.6005167322835,1718.732097464195,1387.6158956692911,1731.9687519375038,0.22711478599278295,0.2201960810917397,0.22544555739871472,0.2207310465759924,22.91904527559055,24.39680079360159,22.321727362204726,24.35637671275343,7.512964701222851,7.564260442385888,7.497863707206136,7.569834990991136,0.010406806336073611,0.009823838731315631,0.010398303267309663,0.009918905075580627,0.10201375562184549,0.09911528000926816,0.10197207101608588,0.09959369997936932,0.8964337243894995,0.8784783782295181,0.902205315782946,0.8775422746274553
Limestone_7.jpg,Limestone,598.9105561023623,775.1003782007565,707.7593503937009,788.010664021328,0.44234232058524237,0.43125329141847235,0.44345764031033647,0.4329009325036225,12.688976377952754,14.603881207762416,13.523006889763781,14.54076508153016,5.956792417425802,6.060128542085735,5.967747755018382,6.046522399116319,0.1622243007669608,0.1559492474803661,0.1622249384025135,0.15644082016665475,0.4027707794353518,0.39490409909288876,0.40277157099591016,0.39552600441267416,0.8964414253605482,0.8658960405265822,0.8776202076124552,0.8636623679660148
Limestone_8.jpg,Limestone,251.58673720472441,321.8513237026474,299.97317913385837,388.261144522289,0.5192108546479857,0.504580266655474,0.5110380874071261,0.5039871172684046,6.63410433070866,7.764523529047056,7.1915600393700805,8.203360406720813,5.242200364369127,5.355081774409333,5.274099239599452,5.364097311301706,0.20116748723487685,0.194811037833372,0.20105010363829323,0.19442770877605725,0.44851698656224476,0.44137403393649244,0.44838610999705736,0.44093957497151154,0.9345556324418852,0.9164193797781985,0.9219690385473793,0.8991736094359505
Limestone_9.jpg,Limestone,3421.837659940945,3940.880091760184,2447.1740280511813,4018.428978857958,0.03687954375383014,0.03296465005626638,0.045558724794564756,0.033842762638880024,42.212290846456696,45.837869675739356,34.95417076771653,46.15593031186063,9.76421453185589,9.796342040893911,9.68011567538742,9.795093375340745,8.313670191793508e-05,7.333612534420804e-05,0.000102076559133587,7.51754867016461e-05,0.00911793298494429,0.008563651402538992,0.01010329446930985,0.008670379847598726,0.6112980980568837,0.5524759848972994,0.7221542505322759,0.5436743004985525
Limestone_10.jpg,Limestone,526.6034694881891,659.9120838241677,531.8532234251968,657.0625581251161,0.584072890526882,0.5719748220089842,0.5818838495377825,0.5728612055558154,11.176058070866144,12.773761547523097,11.206569881889765,12.71287742575485,4.653360624349477,4.746276320872911,4.662610589128031,4.735364405162892,0.299315893492627,0.2893871202213234,0.2971885482955536,0.28983892272453143,0.5470977001346533,0.537947135154862,0.5451500236591332,0.5383669034446039,0.9104892361817404,0.8882143435439729,0.9095968959067773,0.8886970382978118
Limestone_11.jpg,Limestone,815.2655019685039,1239.721991443983,681.9000984251968,1013.5739351478703,0.10548406291768529,0.0861919176717697,0.11175682443071405,0.09748803391845456,16.724655511811022,21.30931861863724,15.216043307086613,18.65410130820262,8.79299590777621,8.941064837868819,8.72998764723494,8.84794066784399,0.0002645828045562341,0.00022032742930883594,0.00028679787584184543,0.000251579274316091,0.016266001492568297,0.014843430510122515,0.01693510778949592,0.015861250717269775,0.8645083793626562,0.7945844163171741,0.8867031497577827,0.8320578477081435
Limestone_12.jpg,Limestone,1277.575787401575,1486.0610701221403,937.1425319881889,1681.0175460350922,0.07999995302831729,0.07348995067533522,0.0936043875643693,0.07136469249844637,21.67667322834646,23.635997271994547,18.337290846456693,25.190402380804763,9.010321093535836,9.060173512156442,8.904755836708356,9.085374184644273,0.00018500891493970493,0.00017390517762001486,0.00020680772562717,0.00016955567422201868,0.013601798224488737,0.013187311235426836,0.01438081102118966,0.013021354546360324,0.7505424594465735,0.7099317330713015,0.816939436437637,0.6718726288847539
Limestone_13.jpg,Limestone,454.9352854330708,516.008308016616,444.48093011811034,565.8146196292391,0.5644187330755936,0.5538303363929153,0.5592893064062623,0.5508966985467579,10.181963582677165,11.291090582181162,10.44734251968504,11.709343418686835,4.810612783942225,4.8943725439403,4.829319179480017,4.8997307684283005,0.2837147149514025,0.2773208789644064,0.28345219074471356,0.27647359070525684,0.5326487725991702,0.5266126460354008,0.5324022828132066,0.525807560525005,0.9228385509999275,0.9127157663118676,0.9246117113378776,0.9042908908313744
Limestone_14.jpg,Limestone,1286.7800812007872,1876.321408642817,1396.7634719488192,1801.0403000806004,0.06623340213467135,0.04988681329151774,0.05923841879118089,0.0525337511093867,22.934608759842522,28.994977989955974,24.5882750984252,28.21383842767686,9.193948829799474,9.329230401136098,9.24933811653241,9.312460822485956,0.00014179349647761794,0.00012096155384573151,0.00013305959229105958,0.0001237676850702452,0.011907707440041427,0.010998252308695755,0.011535145958810385,0.011125092587041476,0.7411541639365855,0.62292555352575,0.7190784280727056,0.6380266971501377
Limestone_15.jpg,Limestone,2554.0265748031497,2789.961807923615,1754.9069881889764,2519.7092194184384,0.04068329338178876,0.03852577205509919,0.051759586422765305,0.04207950179904493,35.64837598425197,37.7271994543989,28.879798228346456,35.3498666997334,9.649784074098395,9.669340481129089,9.533765681734714,9.641781796407525,7.941684584541044e-05,7.714170056649366e-05,9.110998446606266e-05,8.043217772838915e-05,0.008911612976639552,0.00878303481528416,0.00954515502577421,0.008968398838610444,0.590708596409053,0.5529039641128684,0.7189552862082449,0.596201620919882
Limestone_16.jpg,Limestone,88.7742372047244,148.6473432946866,101.42507381889763,134.06981213962428,0.35168410317282106,0.23199256171968569,0.2766317667841119,0.2590886077213481,5.306348425196851,7.009548019096039,5.43959153543307,6.348812697625396,7.539921180800528,7.813900971024329,7.615148146633712,7.748081917531255,0.0011114839124209497,0.0007457120748453165,0.0009184108944389764,0.0007918018192041096,0.03333892488399933,0.02730772921436926,0.030305294825145265,0.028138973314677095,0.936586667296805,0.8912879211541344,0.9258656826666246,0.9019508460905366
Limestone_17.jpg,Limestone,574.4013287401574,853.5703391406785,667.6359498031495,873.7580755161512,0.7042612521851325,0.697708395539007,0.7023376353540234,0.6969214973570946,8.466166338582678,10.161324322648646,9.15538877952756,10.320788641577284,3.330125968641333,3.39236222949373,3.3435372914565606,3.391988026765411,0.46981554766332195,0.4617028320794816,0.46863710444950185,0.46228947495405065,0.6854309211461954,0.6794871831605668,0.6845707446637651,0.6799187267269895,0.9619507655759599,0.9437232205253027,0.9557747597490878,0.9423922220873302
Limestone_18.jpg,Limestone,288.4978469488189,472.6860313720628,317.0439837598425,458.0188480376961,0.26366637146789523,0.23001175393437062,0.24867765198647712,0.2144927909744707,7.88527312992126,10.282782565565132,8.459830216535433,10.101432202864405,8.11143106307363,8.270578995914171,8.164292460512074,8.283448607722438,0.0008734793470563503,0.0006408261933022099,0.0007979999480506773,0.0006675478661887946,0.0295546840121215,0.025314545093724477,0.02824889286415801,0.025836947694896056,0.9591499025727294,0.9324560945149424,0.955053820634348,0.9345500433796211
Limestone_19.jpg,Limestone,1460.097256397638,1833.577469154938,1413.3964689960633,1747.4251968503934,0.052696569994468284,0.04648477134738891,0.0546009245864029,0.0466940797172285,26.808132381889763,30.919647839295674,26.28106545275591,29.812945625891246,9.36800738422205,9.44427195448332,9.358017962750809,9.418413747231952,0.00010843210162982823,9.813771255045762e-05,0.00010867807380146013,0.00010145509781998543,0.010413073591876138,0.009906448028958594,0.010424877639639715,0.010072492135513705,0.5754832735539716,0.4677181764729641,0.5893469615589199,0.49274379808770435
Limestone_20.jpg,Limestone,372.8882874015747,485.8695517391035,447.7627952755904,534.005332010664,0.8182160698250285,0.8135773645870692,0.8165753359689887,0.8124279249833537,5.926673228346455,6.744249488498978,6.234744094488187,6.886229772459544,2.085037419725006,2.120199424997577,2.098768703889391,2.1290524332215113,0.6512091390271645,0.6448757212723054,0.6491302711609325,0.6437804286731391,0.8069753026128894,0.8030415439267793,0.8056862113508785,0.8023592890177935,0.9287160262890837,0.9076993116272938,0.9144024835170599,0.8985549525323073
Limestone_21.jpg,Limestone,881.2181963582677,998.3405046810094,754.8837967519685,993.4398908797818,0.28939068058200296,0.279640040934229,0.292965996585411,0.2807967492646837,19.585691437007874,20.393824787649578,17.528973917322833,20.681009362018727,7.376211262408147,7.451963513074003,7.337292130498842,7.448352581568987,0.0638866208152338,0.058928304042980474,0.06432423368997132,0.060008305148980555,0.2527580281914579,0.24275152737517527,0.25362222633273157,0.24496592650607665,0.8965530073944163,0.8818768215484076,0.9113902746146415,0.882455434123954
Limestone_22.jpg,Limestone,376.3512549212598,1081.211544423089,964.9400221456694,1055.1588443176886,0.15139630137226884,0.09160010367237839,0.10003835074776468,0.0921903998845567,10.87376968503937,19.96980593961188,18.904219980314963,19.88722177444355,8.80250406783015,9.207991659473823,9.181453876193562,9.214096011484335,0.00022268049907193564,0.00014429664918601959,0.00015071093374608628,0.00014319726078847037,0.014922483006253873,0.012012354023505117,0.012276438153881861,0.011966505788594697,0.9299360508953189,0.7983267093661902,0.8204973579687523,0.8031719268743535
Limestone_23.jpg,Limestone,903.9173843503936,1097.2070184140366,586.2386811023623,949.8482856965711,0.07868362452335038,0.07597996306001076,0.09225844374142939,0.07785363562807437,18.22287155511811,20.13578027156054,14.678395669291342,18.737243474486945,8.655777872924254,8.706748985482825,8.54577262827611,8.667462117793077,0.00028220198041958584,0.00026881776126996967,0.0003151490067628574,0.0002787737610939292,0.016798868426759758,0.016395662879858493,0.017752436642975447,0.01669651943052591,0.7206065949339092,0.6623623757441934,0.8206031415839811,0.7077069346660314
Limestone_24.jpg,Limestone,614.6790723425197,874.1406782813565,650.8992372047244,836.9269638539278,0.42857872305738837,0.3855686819770835,0.4260622762128836,0.3907612480360567,11.513841043307085,14.547771095542194,11.90538877952756,14.131750263500528,6.236171475913713,6.444436643200662,6.2405165567903484,6.424938272051067,0.09692761042016224,0.08396438003118427,0.0974855244998576,0.08381463833421804,0.3113319938910266,0.28976607812368976,0.3122267197083837,0.28950757906178903,0.7967676431459748,0.7118925739618834,0.7847995441448592,0.7241578165519932
Limestone_25.jpg,Limestone,480.5322342519685,493.89720379440763,365.0775098425197,504.00905201810406,0.8386371962573915,0.831165325452751,0.8397822812596711,0.8320323543297605,6.4237204724409445,6.526753053506108,5.459645669291339,6.628061256122513,1.953941181574781,1.9902386191132417,1.945571639327337,1.9871810442417945,0.6607257493689793,0.6549147806585031,0.6608336043820526,0.654813842580751,0.8128503855993299,0.8092680524143425,0.8129167265975357,0.8092056862014447,0.6701007579805316,0.6632864318180127,0.7493637571205061,0.6563926967043943
Limestone_26.jpg,Limestone,677.1657234251969,835.788951577903,657.1512057086615,862.5643251286501,0.6404701684418768,0.633468220905766,0.6403690970846236,0.6326777618073871,11.41080216535433,12.755285510571019,11.211860236220472,12.849897699795399,4.031635621335395,4.088955323234789,4.026347183409097,4.094465178795696,0.38416562508173846,0.37719075097149496,0.3851535855537532,0.37711411668095823,0.6198109591494316,0.6141585715200065,0.6206074327251916,0.6140961786894282,0.9170287959758358,0.8980108945120374,0.9194811183180005,0.8947435668064114
Limestone_27.jpg,Limestone,1026.0105807086616,1199.5299150598303,1011.6860236220472,1195.5661231322463,0.05419639430660401,0.049776569137360505,0.05661781899697817,0.05137944258654353,22.98978838582677,25.128030256060512,22.837475393700785,25.165726331452667,9.457869169221787,9.498791081897712,9.445268309168295,9.5058274777867,9.438709062965e-05,9.011717446833742e-05,9.650245130568386e-05,8.971739686922861e-05,0.00971530188052075,0.009493006608463802,0.009823566119576122,0.009471926777020006,0.7714045305097327,0.7321965386004715,0.7738326724963958,0.7330804198686792
Limestone_28.jpg,Limestone,853.1175565944884,945.52929505859,766.169475885827,1014.8453096906194,0.2730078462623721,0.2556417151481872,0.2752983606157222,0.2560940174150108,18.91935285433071,20.107136214272426,17.993786909448826,20.88784177568355,7.635967331946665,7.738382820275097,7.632170161509447,7.751187914769656,0.049636955291976995,0.04470944877161623,0.04922635205377834,0.04488502417391715,0.2227935261446728,0.2114460895160188,0.22187012429297084,0.21186086041059388,0.8185425000379949,0.7980244354118065,0.8370230756241603,0.7832177644144364
Limestone_29.jpg,Limestone,193.03377214566933,331.54522909045824,202.52349901574803,281.7856655713311,0.5396841719178076,0.5151202737874587,0.5371865843161528,0.5187848242320208,6.056902066929135,7.984437968875938,6.197957677165355,7.480748961497922,5.235558736880244,5.390097129073299,5.2532592981177055,5.37427201730709,0.2128179288707211,0.20208772626609667,0.2094340991660499,0.20297065046978993,0.46132193625571405,0.4495416846812948,0.45763970453409075,0.45052264146188026,0.9576746633878297,0.9275644467087454,0.955592479868012,0.9384358488547732
Limestone_30.jpg,Limestone,273.494094488189,430.15289230578463,292.6710137795275,374.69154938309873,0.5428613295808322,0.525425571260184,0.5409924242236351,0.5297420781900276,7.386072834645669,9.245954491908986,7.557455708661417,8.673941347882696,5.135697446745463,5.261296663556624,5.149611937630833,5.240165236382406,0.23770829566805618,0.2278504403248499,0.23502748470340687,0.22839132980640567,0.48755337725017983,0.47733682062548866,0.4847963332198449,0.4779030548201232,0.9415888885188997,0.9084712235748894,0.9374932053097734,0.9202723969423304
Limestone_31.jpg,Limestone,73.3930241141732,108.32959265918532,83.63471948818896,106.36902473804946,0.37692480677754564,0.35956964557518345,0.37941890820892277,0.35157481934169243,4.263471948818897,5.051646103292207,4.318774606299213,5.011842023684046,6.817613929895384,6.881090784115901,6.762114797247195,6.883612114911694,0.004536290688792313,0.004421709382819844,0.004638187499031248,0.00435719527276366,0.0673519909786809,0.06649593508493466,0.06810423994900205,0.06600905447560705,0.9679321952743228,0.9527747147275247,0.9633263103428614,0.9536293109501792
Limestone_32.jpg,Limestone,1311.5889517716537,1516.0211420422843,1389.6347194881891,1599.681071362143,0.045392358916881814,0.042222117052904726,0.04397563693577061,0.04018528033875465,26.882750984251967,28.554839109678223,27.336983267716533,29.599107198214398,9.606238795123339,9.62188295886024,9.603577191814217,9.636916046475026,8.107431986348347e-05,7.925398701563106e-05,8.131650784785943e-05,7.816420865652197e-05,0.009004127934646612,0.008902470837673721,0.00901756662564017,0.008841052463169867,0.765879201665131,0.7289113303307186,0.752247621894355,0.7139929315024988
Limestone_33.jpg,Limestone,524.3093626968505,881.3274846549692,602.2669783464567,782.6056792113582,0.21051670457192437,0.1817382618913265,0.2025005190257117,0.18902041230522734,13.384781003937011,18.054870109740214,15.27017716535433,17.07874015748031,7.946863511600146,8.155977173683187,8.022006314250133,8.119420537969084,0.016874304012279906,0.014299166362608248,0.017061536137232432,0.014669937021689401,0.12990113168206005,0.11957912176717242,0.1306198152549315,0.12111951544523863,0.9265328071655263,0.8741965030006015,0.9156122372088227,0.8882883684775561
Limestone_34.jpg,Limestone,395.1668922244095,558.3075826151653,394.6845472440946,551.8904457808916,0.4158870010822355,0.34799001342593083,0.3640978190224987,0.34448860308973567,9.98136072834646,12.35941471882944,10.177042322834648,12.288362576725154,6.93397809312164,7.142161925514991,6.996689136951335,7.155602716986818,0.0722584558572438,0.06586529107090083,0.0711767099803731,0.06598701181778331,0.2688093299296805,0.25664234076025105,0.2667896361937118,0.2568793721141955,0.9569661554986911,0.9391948702491022,0.9570186442840668,0.939893758908306
Limestone_35.jpg,Limestone,373.60789862204723,540.5948291896584,378.4502952755906,534.8456816913634,0.6165308409289898,0.5689246858878363,0.583075633253949,0.5678774454639339,7.328986220472441,8.961373922747846,7.357529527559055,9.066898133796268,4.708998125514262,4.844029892219322,4.72103010699565,4.846872868042733,0.27673291595362487,0.26895748930688146,0.2772620134473667,0.26850590783455724,0.5260540998353923,0.5186111156800262,0.5265567523518873,0.5181755569636195,0.954680714585209,0.9346892464665318,0.9540933234812121,0.9353838168453341
Limestone_36.jpg,Limestone,3501.170706200787,4146.147808295617,1917.060100885827,3642.866575733151,0.043925962412739855,0.036055677277967026,0.061642137485011315,0.04196275553275885,40.627153051181104,45.1992063984128,28.272207185039377,41.54225308450616,9.599342195712554,9.650957316177516,9.416907023881663,9.608046296884515,9.084509135815146e-05,8.428580314287543e-05,0.00011579613002976009,8.944831579290534e-05,0.00953126913680185,0.009180729989650901,0.010760861026412343,0.009457711974516106,0.5134793601678989,0.42340380968431346,0.7331391000331396,0.49347075028053083
Limestone_37.jpg,Limestone,536.7798966535433,912.8494016988036,427.6075910433072,578.6351912703824,0.12552569317956602,0.08541389080668715,0.1153399656225444,0.1012141608589957,13.622170275590552,19.343666687333375,12.949987696850396,14.854919709839416,8.793010689770899,9.053242644819061,8.81637352303514,8.91111891408039,0.00027163274541392834,0.00019179714718782156,0.00025065131917373216,0.00022149600998315388,0.016481284701561596,0.013849084705778269,0.015831971424106733,0.01488274201829602,0.8446786274049827,0.7362585757018448,0.8765058881607642,0.8328243075570333
Limestone_38.jpg,Limestone,1659.361405019685,1987.6572633145267,939.1726131889762,1833.0062620125245,0.05875825932876332,0.05267860960678039,0.08655810597597832,0.05488485506272249,27.799151082677163,30.95814991629984,19.828001968503937,29.47076694153389,9.596862220450825,9.65755646796184,9.373920506074118,9.618125235000957,8.652733369919864e-05,7.915596462354187e-05,0.00011546122945761515,8.36822927288362e-05,0.00930200697157332,0.008896963786795014,0.010745288709830702,0.009147802617505266,0.7769644798670777,0.7330454954169329,0.8739544604269325,0.7538387137141965
Limestone_39.jpg,Limestone,1438.8328001968507,1626.5486390972783,971.9133858267719,1406.3741707483416,0.038392609174351,0.03693437762868344,0.05213591318749966,0.0415748048692261,28.744709645669296,30.681195362390724,23.275344488188978,28.359910719821443,9.493507420025976,9.520605320592365,9.374792744681894,9.47791940609612,9.127838079894913e-05,8.836045944148433e-05,0.00010433004264446032,9.281567326232179e-05,0.009553971990693145,0.009400024438345058,0.010214207881400315,0.009634089124682301,0.6034186373795993,0.5520904474790361,0.7328870085685436,0.6127033231172031
Limestone_40.jpg,Limestone,1365.0376476377953,1708.5036270072542,1182.611405019685,1499.7637175274353,0.04024731823975637,0.0361517792946803,0.0462723907559742,0.03949161358369735,27.705831692913385,31.47963295926592,25.60906742125984,29.155496310992625,9.474903985629194,9.538952691488028,9.447068165977921,9.501166892969874,9.351672756079886e-05,8.644229576883732e-05,9.642298337331047e-05,9.073798295156888e-05,0.009670404725801236,0.009297434902640477,0.009819520526650498,0.009525648689279322,0.6460414266995685,0.5570495546078403,0.6949023945154552,0.6112378957466784
Limestone_41.jpg,Limestone,1365.0376476377953,1708.5036270072542,1182.611405019685,1499.7637175274353,0.04024731823975637,0.0361517792946803,0.0462723907559742,0.03949161358369735,27.705831692913385,31.47963295926592,25.60906742125984,29.155496310992625,9.474903985629194,9.538952691488028,9.447068165977921,9.501166892969874,9.351672756079886e-05,8.644229576883732e-05,9.642298337331047e-05,9.073798295156888e-05,0.009670404725801236,0.009297434902640477,0.009819520526650498,0.009525648689279322,0.6460414266995685,0.5570495546078403,0.6949023945154552,0.6112378957466784
Limestone_42.jpg,Limestone,1365.0376476377953,1708.5036270072542,1182.611405019685,1499.7637175274353,0.04024731823975637,0.0361517792946803,0.0462723907559742,0.03949161358369735,27.705831692913385,31.47963295926592,25.60906742125984,29.155496310992625,9.474903985629194,9.538952691488028,9.447068165977921,9.501166892969874,9.351672756079886e-05,8.644229576883732e-05,9.642298337331047e-05,9.073798295156888e-05,0.009670404725801236,0.009297434902640477,0.009819520526650498,0.009525648689279322,0.6460414266995685,0.5570495546078403,0.6949023945154552,0.6112378957466784
Limestone_43.jpg,Limestone,1209.9776697834648,1930.745675491351,1477.1588336614172,1541.1096162192325,0.048427028444588516,0.03899490999320918,0.048549194924512436,0.04437769306498213,25.33692175196851,32.47064294128589,27.47071850393701,28.60431520863042,9.460043246135204,9.572135478382272,9.474153805356883,9.504778101259376,9.788178756045014e-05,8.58503174009262e-05,9.849104170864591e-05,9.306745626945281e-05,0.009893522505177322,0.009265544635957792,0.009924265298179302,0.009647147571663493,0.74485569702561,0.5930639879546109,0.6888407399603323,0.675187496253309
Limestone_44.jpg,Limestone,475.7437253937008,666.6766693533388,333.7062007874016,511.8740777481554,0.22604252574817674,0.1651755716392916,0.2021264732758135,0.15949858932738686,11.780880905511811,15.005146010292021,10.478100393700789,12.883315766631531,8.639498081303369,8.883956305868812,8.68997302381327,8.83534228772216,0.0006655855596867444,0.0003783875755487887,0.0004121736759098518,0.00033084094936247394,0.0257989449335965,0.01945218690915725,0.02030206087838995,0.01818903376659887,0.9385916456768254,0.9138324291643353,0.9568035265685241,0.93383997240237
Limestone_45.jpg,Limestone,1157.972748523622,1784.8459916919835,1360.5851993110236,1470.9019778039556,0.05056013071168925,0.03979409306311082,0.0501242201348135,0.04656710634427687,24.73111466535433,31.149544299088603,26.425750492125985,27.705871411742827,9.325577698406569,9.428598499259827,9.341637665375085,9.366997663486046,0.00011797203770188789,0.00010469368077430433,0.00011661351447702895,0.00011266040264115994,0.010861493345847425,0.010231993001087536,0.010798773748765596,0.010614160477454632,0.6815542816588299,0.5092770160215923,0.6268810723618544,0.5956029717843768
Limestone_46.jpg,Limestone,1067.62155511811,2337.6007192014386,1889.1878690944882,2197.8888957777917,0.4498885826842482,0.43227603640072065,0.44397799722794723,0.433534379622727,17.280880905511808,27.203670407340816,24.393208661417322,26.41155682311365,6.087996876215156,6.227211889230759,6.1384138426881325,6.219130431642583,0.17457349636378955,0.1675607609383735,0.17596094970021972,0.16791556163557486,0.4178199329421582,0.409341863163754,0.4194769954362452,0.4097750134349029,0.9214093973934724,0.8282164785144855,0.8609316078742418,0.8384834966684992
Limestone_47.jpg,Limestone,656.2977977362204,769.0646041292082,488.7512303149606,734.4521669043336,0.4072925930608573,0.2642399166666738,0.2695871373576236,0.2565382532374679,13.303457185039369,15.28780457560915,12.27263779527559,14.904271808543616,7.695238557100926,8.099008466078704,8.03092149199168,8.086467983608626,0.0029906942748455802,0.0011859729218869433,0.001234610013165339,0.0011527644730532807,0.054687240512258255,0.03443795757426597,0.035137017704485664,0.033952385380901895,0.7389388304874572,0.693679715558765,0.805840194407833,0.7074793560624506
Limestone_48.jpg,Limestone,1616.4047736220473,1635.721185442371,983.2771899606299,1776.5952011904026,0.13831818184603756,0.13104015471235508,0.15754615997885513,0.12939734946511072,27.17642716535433,27.624837249674503,20.63410433070866,28.573625147250297,9.053621229572952,9.066324474206644,8.903229198035113,9.09500073001119,0.003144812869215582,0.002834405879612182,0.0035608558765945647,0.0027432239128846784,0.0560786311282255,0.053239138606970174,0.05967290739183541,0.05237579510503567,0.8023024134885997,0.7995842620667034,0.880094616132031,0.7823384615703263
Limestone_49.jpg,Limestone,1101.2940452755906,1117.6456072912147,682.1766117125986,1340.3303366606735,0.058642891210338756,0.05770812286134721,0.07501049983054177,0.05132129032919752,23.920398622047244,24.230516461032924,18.664062500000004,26.757641515283034,9.421745581148148,9.432281248444003,9.274303946819295,9.485808490727145,0.00010311910272258043,0.00010220083680293842,0.00012209490971716323,9.56583226329079e-05,0.010154757639775577,0.010109442952158067,0.011049656542950249,0.009780507278914928,0.7680850160736078,0.7646361641320281,0.856329293759132,0.7177694125030784
Limestone_50.jpg,Limestone,1532.2368971456694,1776.6115072230145,1009.8952386811023,1826.457622915246,0.09384564214932131,0.08640046654338657,0.1111651657995232,0.08135935166349692,24.584215059055126,27.01190402380805,19.50239911417323,27.595325190650385,9.041922701992528,9.109394736314814,8.897881965274534,9.136154310082578,0.00023584190234786728,0.00021300650202515608,0.00027828723870338367,0.00020436131144442837,0.015357144993385563,0.014594742273337891,0.016681943492992166,0.014295499692015958,0.6396484139253957,0.582937639666414,0.7633806954251591,0.5712390371393129
Limestone_51.jpg,Limestone,1096.0165477362204,1423.7442494884992,1046.6330585629921,1455.2672825345653,0.06508992577298521,0.05211277462731982,0.06257389311946987,0.05375936313490054,22.95983021653543,26.848347696695395,22.556902066929133,27.090706181412365,9.461441789285708,9.55179604999603,9.439963089495489,9.552255865548556,9.70738635813209e-05,8.691318765240296e-05,9.959980857461714e-05,8.643460773808522e-05,0.009852606943409491,0.009322724261309189,0.00997997036942581,0.009297021444424295,0.7884140804427497,0.7254515399519472,0.7982089898965912,0.719359586492644
Limestone_52.jpg,Limestone,1259.8765994094492,1558.1639903279806,1321.5698203740158,1481.9964659929321,0.04626891161018377,0.03956077788422096,0.04435092665029388,0.04061835895699078,26.758981299212607,29.69464938929878,27.149790846456693,28.990203980407962,9.458459253896391,9.497854305858604,9.456245950705599,9.487247170521115,9.65346168973588e-05,9.263692654733565e-05,9.706629520680915e-05,9.370748482956449e-05,0.009825203147892607,0.009624807870671272,0.009852222856127907,0.009680262642592115,0.6984574459793885,0.6248621289814483,0.6824978983226271,0.643081956863589
Limestone_53.jpg,Limestone,490.19328248031513,636.6130572261145,422.5832308070866,566.5652551305103,0.07131772543363232,0.06168509240156593,0.08279244407313147,0.06852009134528661,15.936023622047248,18.443672887345777,14.337290846456693,16.92225184450369,8.97896192686622,9.07455396170542,8.88684192329299,9.006301305082777,0.0001632857879973573,0.0001458054252211177,0.00018151043382164887,0.00015850028600051,0.012778332754994185,0.012074991727579679,0.01347258081518344,0.012589689670540334,0.7877015662083244,0.7240283902315315,0.816620706108007,0.7543701160266448
Limestone_54.jpg,Limestone,966.148499015748,1300.2607725215448,1236.382997047244,1302.1551863103728,0.2583871071929943,0.17612379701669267,0.1891419036460917,0.19359429961655034,18.190329724409445,21.541943083886164,20.630905511811022,21.69464938929878,8.590837227705673,8.79260584445846,8.738999946330866,8.773896466775703,0.000987292562964032,0.0005232935011719112,0.0005936330232035466,0.0005666751366982801,0.0314212119906924,0.022875609307118166,0.024364585430570056,0.023804939334060065,0.7408593815165981,0.650871779915896,0.6675012024909273,0.6503826357754113
Limestone_55.jpg,Limestone,2088.29939714567,2427.0474300948604,1909.112696850394,2700.6161572323144,0.03666625817149259,0.030739311510771812,0.034582566776967257,0.029002617085300622,34.479638287401585,37.748403496807,33.13435039370079,39.94655589311179,9.753339688331248,9.779621825717541,9.729764910404267,9.80395429060797,6.762342626247754e-05,6.535402741584826e-05,6.926008725064326e-05,6.352043208147424e-05,0.008223346415084163,0.008084183781671979,0.008322264550628228,0.00796997064495687,0.6533934519060236,0.5980730149123658,0.6839242021550598,0.5527969342058107
Limestone_56.jpg,Limestone,163.35549950787401,194.26498852997702,128.6410556102362,243.92392584785165,0.7608743594548742,0.7373634193433467,0.7581238013612595,0.7342042209202715,4.165046751968504,4.535557071114141,3.567113681102362,5.11271622543245,3.972826819095089,4.095651766473976,3.9768619252729005,4.114867220749172,0.12345104322777006,0.11535182652484467,0.12207289899198942,0.11493063007206052,0.35135600639204967,0.3396348429193399,0.3493893229507585,0.3390142033485625,0.9579881025652925,0.9503329600228864,0.9669172533156748,0.9376367264336347
Limestone_57.jpg,Limestone,256.1605561023622,370.64777729555465,160.03531003937013,255.47684295368597,0.754881405159921,0.7120504239540358,0.733234282192632,0.7165546092572163,4.513656496062993,5.732407464814932,3.718750000000001,4.748713497426996,3.6294083507235064,3.7960629922167697,3.674829807521398,3.7741956885502734,0.31578954478709736,0.30792323721171727,0.3147500588214068,0.3084123035999808,0.56195155021327,0.5549083142391338,0.5610258985300115,0.555348812549357,0.954670444486882,0.9348374444237266,0.9716939293268474,0.9550853573839502
Limestone_58.jpg,Limestone,1109.8441190944884,1238.196974393949,769.4799458661416,1340.8038936077874,0.08446342416919123,0.06931625647932532,0.07676661015085567,0.06619916726030452,21.38029035433071,23.29425258850518,18.299704724409448,24.474052948105896,9.153809956007917,9.237578494194482,9.111115218945907,9.259734449923123,0.00016415993525346429,0.00014240154960562884,0.00015941645652822555,0.00013785215740807824,0.012812491375742046,0.011933212040587766,0.012626022989374982,0.011741045839620858,0.6755373357649787,0.6343176618926327,0.7722824531614026,0.6040233753036703
Limestone_59.jpg,Limestone,1929.1496062992128,2203.83848967698,1233.201156496063,1924.1319982639968,0.060552426520084246,0.05443604666304078,0.07735637811136448,0.05680991813092077,30.15428149606299,32.400706801413605,23.260703740157485,30.20615041230083,9.503680715496346,9.544668580377113,9.360641973477794,9.513680195278855,0.00010135945564859877,9.654244616939852e-05,0.00012146862672631598,9.960228240873123e-05,0.010067743324529026,0.009825601567812451,0.011021280630050029,0.009980094308609074,0.7413648125628652,0.7046771460945784,0.8351144927481464,0.7421432534103756
Limestone_60.jpg,Limestone,757.6429010826773,938.249426498853,960.8388287401575,1222.9628619257242,0.10303021151005243,0.08825064417980567,0.11915133813271749,0.09093397712152045,18.460076279527563,20.658131316262637,20.515255905511808,23.84165168330337,8.993713212402108,9.06581762470739,9.03689338756402,9.140512881319605,0.0001861138976184203,0.00016564631058457974,0.0001895518317403822,0.00015559421037621913,0.013642356747220046,0.0128703655963838,0.013767782382808867,0.012473740833295324,0.7072707773095783,0.6364613651717612,0.6279622019200047,0.5261067493938939
Limestone_61.jpg,Limestone,1355.4203371062993,2050.988343976688,1317.332062007874,1700.7016554033112,0.07139862813489953,0.046222719696705876,0.0587979450493286,0.05183193869327436,22.999077263779526,30.587823175646356,24.540108267716533,27.792981585963176,9.399765256516021,9.578112870752403,9.478752985726468,9.532911635089816,0.00010792123635028518,8.598870195446388e-05,9.638892568800761e-05,9.046697986755761e-05,0.010388514636380177,0.009273009325697018,0.009817786190786985,0.009511413137255557,0.7691105351409112,0.6509266679616904,0.775805451140067,0.7105246237424374
Limestone_62.jpg,Limestone,992.877091535433,1022.5379130758259,516.1454847440945,1243.6634633269266,0.10516929944274199,0.104432777129253,0.14133716894426912,0.09014641192176215,18.807455708661415,18.886849773699545,12.931409940944881,21.7744435488871,9.011364508450454,8.996200623175625,8.752268167910156,9.109063254178173,0.00019953073353412332,0.00020032701730726785,0.00026819102710471044,0.00017648451193734183,0.014125534805242713,0.014153692709228494,0.01637653892324964,0.013284747341870745,0.797648123296066,0.7910471053365675,0.8946983078365042,0.7458561330654325
Limestone_63.jpg,Limestone,2119.845472440945,2541.266166532334,2071.4192913385823,2504.5836691673385,0.5931727023645648,0.584951391025102,0.5951089913941925,0.5865966017869425,22.448203740157478,24.824105648211304,21.92679625984252,24.387624775249556,4.560482091671889,4.619753132375751,4.550048958340077,4.614541759015158,0.33447582739892023,0.3273794615665369,0.3359682957158883,0.328160678889403,0.5783388517114515,0.5721708325024415,0.5796277216592459,0.5728531041108209,0.8446172206805578,0.8144951408384775,0.8481668164927687,0.8171728538608292
Limestone_64.jpg,Limestone,979.261811023622,1052.0877301754604,750.048905019685,1185.9118358236715,0.0495845314608962,0.0466048164836239,0.05591806680699391,0.044894907211091614,23.502829724409448,24.453282906565814,20.48111466535433,25.957591915183826,9.328943217989792,9.341041197622861,9.249426409247363,9.377658966454547,0.00011096183081038036,0.00010891248764951496,0.00012089910654430683,0.00010597758190990368,0.010533842167527495,0.010436114585875098,0.010995412977433219,0.010294541364718668,0.6855768128008298,0.6629479645049284,0.7595580029055508,0.620104449603071
Limestone_65.jpg,Limestone,142.1623400590551,213.88765577531157,135.599593996063,183.50120900241797,0.23646075266497446,0.22817871659313646,0.2441501753363492,0.23130394065167542,5.777743602362204,6.762725525451051,5.588152066929133,6.408890817781635,6.821918799314226,6.869729279503212,6.783967170762011,6.861198988051491,0.002525439804297577,0.0024505559582140304,0.002642571752428661,0.002460748364983616,0.050253754131383825,0.04950309039054057,0.05140595055466498,0.04960593074405132,0.9528717579635522,0.9295700438481073,0.9550338632170904,0.939575741774554
Limestone_66.jpg,Limestone,763.1820866141734,1007.0868001736004,631.3668184055118,803.1520243040487,0.05437592608415964,0.04686133903790287,0.06081147536297854,0.052013016126729525,20.650959645669296,23.80934961869924,18.801119586614174,21.57002914005828,9.356853193788794,9.438807867836765,9.305395262188492,9.385547280423136,0.00010512282987456601,9.606194424739275e-05,0.0001109334494059613,0.0001015742622966429,0.010252942498354607,0.009801119540511315,0.010532494927886805,0.010078405741814669,0.8074353005689958,0.7461182591170342,0.8409483819683008,0.7975315616019677
Limestone_67.jpg,Limestone,382.3540846456692,457.20999441998885,361.93011811023615,414.7727695455391,0.39160165253089696,0.3692877465539099,0.3975928531392208,0.3746470766805124,10.29035433070866,11.530039060078122,9.922859251968502,10.885237770475543,6.092231030771876,6.205933878651949,6.069475836800604,6.182302142647008,0.08091027156175402,0.07505732359099414,0.08126018778893024,0.07573953060981949,0.2844473089374446,0.27396591684184757,0.28506172627859083,0.27520815869050735,0.5504794247582331,0.4659602479145871,0.5744912428275412,0.5155286417111712
Limestone_68.jpg,Limestone,2123.42562746063,2508.61764523529,2082.3056102362207,2451.9626759253524,0.14602149273537704,0.10003313629518903,0.11352461418187221,0.09814767465380225,30.069328248031496,34.007936015872026,30.325418307086622,33.37913075826152,9.213755789961375,9.353752863748852,9.289358568592053,9.344912555989092,0.0003607125134172143,0.00022394080376231918,0.0002577901884319394,0.0002230336161335724,0.01899243305680487,0.01496465180892356,0.016055845927011737,0.014934310032056131,0.6765444141456772,0.616036782735556,0.6814712586709166,0.6247390752990998
Limestone_69.jpg,Limestone,2489.986343503938,2853.1352222704436,1916.698818897638,2609.768119536239,0.03504861911953555,0.03058439420717772,0.0416080116000258,0.032596861760366344,36.317544291338585,39.48502697005394,31.49889271653543,37.358670717341425,9.534140315124962,9.555734485953645,9.46785037522916,9.542620684138921,9.061614802917109e-05,8.813174052660954e-05,9.832453746938741e-05,8.985385941507823e-05,0.00951925144269081,0.009387850687277122,0.009915873005912661,0.009479127566135937,0.39854976439046413,0.3096153006506612,0.5359202769764234,0.36846914593492425
Limestone_70.jpg,Limestone,2489.986343503938,2853.1352222704436,1916.698818897638,2609.768119536239,0.03504861911953555,0.03058439420717772,0.0416080116000258,0.032596861760366344,36.317544291338585,39.48502697005394,31.49889271653543,37.358670717341425,9.534140315124962,9.555734485953645,9.46785037522916,9.542620684138921,9.061614802917109e-05,8.813174052660954e-05,9.832453746938741e-05,8.985385941507823e-05,0.00951925144269081,0.009387850687277122,0.009915873005912661,0.009479127566135937,0.39854976439046413,0.3096153006506612,0.5359202769764234,0.36846914593492425
Limestone_71.jpg,Limestone,2489.986343503938,2853.1352222704436,1916.698818897638,2609.768119536239,0.03504861911953555,0.03058439420717772,0.0416080116000258,0.032596861760366344,36.317544291338585,39.48502697005394,31.49889271653543,37.358670717341425,9.534140315124962,9.555734485953645,9.46785037522916,9.542620684138921,9.061614802917109e-05,8.813174052660954e-05,9.832453746938741e-05,8.985385941507823e-05,0.00951925144269081,0.009387850687277122,0.009915873005912661,0.009479127566135937,0.39854976439046413,0.3096153006506612,0.5359202769764234,0.36846914593492425
Limestone_72.jpg,Limestone,2531.7635334645674,2771.0273420546837,2108.324864665354,2491.640399280799,0.030561637852698963,0.027146966013611183,0.031314185845002875,0.02824596405779719,38.58353838582678,40.51137702275403,34.731729822834644,38.31049662099325,9.6580060847512,9.667593440813743,9.62751571786941,9.658623224850803,7.597891172344846e-05,7.49775199097797e-05,7.885867822516895e-05,7.557142028537886e-05,0.008716588307557518,0.008658956051960287,0.008880240887789529,0.00869318240262902,0.34082860436172485,0.27790922257820083,0.45118215498500536,0.3507482068150067
Limestone_73.jpg,Limestone,801.3698326771653,961.4074028148059,531.5938730314961,923.7451794903591,0.675623781264176,0.6621635162833528,0.6747928535683154,0.664754988189123,9.893208661417322,11.496062992125989,8.66166338582677,11.243846487692977,3.7082155924815074,3.774107686238369,3.684455856554818,3.7622823944556028,0.41593932821654706,0.40696281342962604,0.41625856982182713,0.4079136114128141,0.644933584345355,0.6379363709882249,0.6451810364710258,0.6386811500371794,0.945101196815829,0.9344453655438352,0.9635825230505973,0.9370134061846832
Limestone_74.jpg,Limestone,862.1644315944882,997.8923677847356,660.3997908464568,999.6340752681506,0.5027082190530775,0.49667635386052494,0.5163613533464777,0.4919129674902255,14.589013287401574,15.725587451174905,12.383427657480318,16.220596441192882,5.578479494436925,5.642300343637458,5.537778214095512,5.635473385532963,0.21218626665768958,0.20678158424950985,0.21314400093399802,0.2074033518145776,0.46063680558297726,0.4547324314907722,0.4616752115221241,0.4554155814358767,0.9306097664057968,0.9197761732716189,0.9469054389885432,0.9196347927728159
Limestone_75.jpg,Limestone,399.6807332677165,508.46859693719375,292.3335999015748,417.5834831669663,0.4296145264759013,0.42053318760709923,0.44675610219216966,0.4211635909748644,9.929995078740157,11.508215016430032,8.463644192913385,10.191828383656766,6.0830132193485555,6.168850412936384,5.996084180727297,6.138341978139401,0.12400268312499514,0.12041933433485566,0.1256642762308962,0.12030211108596309,0.35214014699405566,0.3470148906529166,0.3544915742734885,0.34684594719552814,0.8504568220847356,0.8098878152880306,0.8902551130065933,0.8438718640677774
Limestone_76.jpg,Limestone,1318.5735728346456,1435.9761299522602,1145.513964074803,1614.0328600657203,0.05194059833397807,0.05091643944070907,0.05626420310200658,0.04426594222191774,26.378937007874015,27.618389236778476,24.300258366141733,29.64225928451857,9.447778077415208,9.465669502251227,9.395684633197437,9.49926412716253,0.0001009791448293834,9.811464845820139e-05,0.00010678787226715077,9.471077284271255e-05,0.01004883798403494,0.009905283865604327,0.010333821764824027,0.00973194599464632,0.7381568932624958,0.713145701434456,0.7722736769597591,0.6775569650322606
Limestone_77.jpg,Limestone,884.314037893701,1168.1122822245643,712.1273991141734,994.208258416517,0.08281834965587588,0.07700963481951632,0.0910287599609126,0.07925844841346089,17.87690698818898,20.859755719511437,15.835937500000004,18.91121582243165,8.616300170025003,8.694579534276137,8.543720643951234,8.63885969254821,0.00030188732252464515,0.0002778857935420625,0.00032172214002631144,0.0002932003508002304,0.017374904964478084,0.016669906824636496,0.01793661450849383,0.017123094077888798,0.7134986802842566,0.6219939082765649,0.7709374054585161,0.6783465794084563
Limestone_78.jpg,Limestone,2185.2407726377955,3005.2785665571337,2419.2942298228345,2899.389422778846,0.033746662117094206,0.029703480323690544,0.030997160255758625,0.027412542585087792,34.75676673228346,40.55936511873024,36.33827509842519,39.82925165850332,9.555931805535588,9.616241565319047,9.573709474300934,9.607572407302182,8.668437747031743e-05,8.12413429650469e-05,8.539964589694803e-05,8.208894835546507e-05,0.009310444536665123,0.00901339796996931,0.009241192882791054,0.009060295158297276,0.5069065418416474,0.3238720664254071,0.4549905877613695,0.3476246353221814
Limestone_79.jpg,Limestone,349.5958415354331,428.4006448012897,362.18430118110246,480.2466364932731,0.6320764444681027,0.6212349487037432,0.6306991927275541,0.6213013645240689,8.33587598425197,9.4748589497179,8.503321850393702,9.884803769607544,4.153268205233018,4.228107154730214,4.155049428951716,4.231640782054567,0.36163851539128855,0.35396047424248106,0.3623792170680045,0.35447601628664727,0.6013638793536643,0.5949457742033983,0.6019794158175216,0.5953788846496383,0.9292381265331064,0.9136806024986822,0.9266900899641426,0.9032340384703155
Limestone_80.jpg,Limestone,227.32246555118112,308.8263376526753,265.8193282480315,340.00669601339206,0.28390461309425824,0.2118881335754747,0.2289096396264498,0.2210570180558321,6.654896653543308,8.587637175274349,7.978900098425197,8.800669601339203,7.195269598249646,7.440889255958669,7.39037611474669,7.431698530060127,0.0016381103318847266,0.0012303059512188833,0.0013196350245239553,0.0012611157344578933,0.0404735757239798,0.035075717401343104,0.036326781092245915,0.03551219134970261,0.8366015224889038,0.7776521718478692,0.8109309533462352,0.755036580294453
Limestone_81.jpg,Limestone,724.1771653543309,781.4287308574618,619.6780880905511,1015.1103602207206,0.09467327696759319,0.08849684716910688,0.09682062646285924,0.0783024791589257,16.22477854330709,17.119598239196478,15.167630413385826,19.868745737491476,8.957810111829426,8.990757806714134,8.928639163155877,9.093404473960025,0.00018821601363905858,0.00018195070180207943,0.0001938336396204042,0.00016112767051003752,0.013719184146262437,0.013488910326712067,0.013922415006758138,0.012693607466360283,0.8130045282670909,0.7978928974627295,0.8397718958653596,0.7374532701431151
Limestone_82.jpg,Limestone,3820.7431102362207,4054.118792237584,3701.6605561023625,4085.212350424701,0.27143634370527236,0.2604087531947527,0.2736652901019507,0.2600513882164999,38.997908464566926,40.63054126108251,37.96284448818898,41.006014012028025,7.68606498391868,7.761886319930201,7.6713962852750015,7.755526981489712,0.05286617067374759,0.049106735202744355,0.0530792242004406,0.04956304865799639,0.22992644622519523,0.22160039531269873,0.23038928838042927,0.22262760084499045,0.616561885077423,0.5921483364688502,0.6286420160553483,0.5890202684270359
Limestone_83.jpg,Limestone,1716.219980314961,1827.6253332506667,1253.55093503937,2005.5819331638668,0.0411504027581874,0.04053996553251247,0.04719855092460282,0.03710237480906248,30.589197834645674,31.58701717403435,26.022022637795274,33.18724037448075,9.557163493538734,9.559885617043825,9.475304325130166,9.586796940339013,9.136541710583424e-05,9.201227404872814e-05,0.00010228090524540422,8.818555674187424e-05,0.009558525885607792,0.009592302854306057,0.010113402258656787,0.009390716519088106,0.6678838457773456,0.6434084113840709,0.7551608885894332,0.6086503471617989
Limestone_84.jpg,Limestone,1032.152743602362,1257.5289850579697,1152.0734498031495,1278.4389608779215,0.08170585717339539,0.06502864694806919,0.06908191931322125,0.06659566820847615,20.550873523622045,23.18823237646475,22.069143700787404,23.33833467666935,9.086813928111951,9.163743366889207,9.13747617439795,9.164275835342718,0.00019253755548526724,0.00017099141396497182,0.00017803844201438402,0.00017373411893578075,0.013875790265252182,0.013076368531246427,0.013343104661748855,0.01318082390959612,0.8029564339855241,0.7605655964349028,0.7802214281932933,0.7565896968074565
Limestone_85.jpg,Limestone,1388.7936761811027,2332.740963481927,2248.5276820866143,2829.3318866637737,0.09473188389918889,0.07393977478797063,0.0782585614291697,0.07088125799425568,21.45866141732284,29.510137020274044,28.592765748031496,32.90668981337963,9.033735711718197,9.215686570755453,9.193385165743932,9.27401899480219,0.00025592836830204917,0.000182248612993723,0.00019725832908697066,0.00017343812975182524,0.015997761352828377,0.013499948629299409,0.014044868425406152,0.01316959110040343,0.8298212757993567,0.7134578008387507,0.7238401825338178,0.6524601969372391
Limestone_86.jpg,Limestone,845.5247908464569,970.5615971231944,660.6967888779527,894.4111228222457,0.09422416113738653,0.08973604791594979,0.10333745644896679,0.0925129918507728,19.53389517716536,20.978981957963917,17.1517593503937,20.163494326988655,8.97689876037034,9.00735680924497,8.892823865018656,8.992478360851736,0.00026551939090206314,0.0002492401909597669,0.00028901730166741585,0.00025669950279698443,0.01629476575167815,0.01578734274536937,0.017000508864955067,0.016021844550393828,0.8180814856686037,0.7910502307653375,0.8575554141182943,0.8074264807726114
Limestone_87.jpg,Limestone,888.1531126968506,1150.555583111166,886.0417691929135,1104.0888461776922,0.12399805578922818,0.10661328169133358,0.13340622573397262,0.11356347182825947,20.081016240157485,22.29530659061318,18.868786909448822,21.87296174592349,8.994015351778529,9.066183594935044,8.947509478604168,9.055562660280813,0.0001881857401410116,0.0001675221900880902,0.00020197721059504625,0.0001728307753224099,0.01371808077469336,0.012943036355047845,0.014211868652469536,0.013146511907057701,0.7774809710834217,0.7110358128820561,0.7759899834542647,0.7227066842535057
Limestone_88.jpg,Limestone,282.0158710629921,315.1170562341125,253.7920152559055,363.5522971045942,0.5693877361278802,0.36022200566956,0.3417751932514013,0.2929596767036246,6.325541338582678,7.719077438154876,7.031557578740157,8.478454956909912,7.1169317898447435,7.622524002984257,7.576024115507989,7.718237375884394,0.0021773475553787044,0.0010308572914250423,0.001078574727950237,0.0009011640566526217,0.0466620569132856,0.032106966400222904,0.032841661467566424,0.03001939467498673,0.9051980737720001,0.8936512221788886,0.9144480258650421,0.8773144437143475
Limestone_89.jpg,Limestone,1466.015748031496,1782.1325562651127,1354.5610236220473,1661.8912517825038,0.15554219550184953,0.14125352796511023,0.1544112623369957,0.1422751504464784,25.93097933070866,29.035774071548143,24.983636811023622,28.081344162688332,9.110048069151548,9.182062281737334,9.107905693920202,9.171405844648223,0.0016991757616327738,0.001419014432052052,0.0016508233089708368,0.0013435045160126897,0.041221059685951474,0.03766980796409841,0.040630324992188244,0.0366538472198034,0.745148475311245,0.6898829855620873,0.7648936530484094,0.7108406378826397
Limestone_90.jpg,Limestone,1751.7199187992126,2644.843139686279,2751.0171628937005,2888.8433876867757,0.07923531668405571,0.05723379527343538,0.05855266779046229,0.05699257310602768,27.361035925196852,35.39295678591357,35.97201033464567,37.2258044516089,9.185468794163882,9.353886425765712,9.352261465156042,9.365268443914658,0.00022555458929277234,0.00016131410525577571,0.00016659127556536358,0.00015929791919103958,0.015018474932321602,0.01270094899036193,0.012907024272285366,0.01262132794879523,0.6993545953989488,0.5451697556982695,0.5276771652590904,0.5031797843645847
Limestone_91.jpg,Limestone,1099.230499507874,1455.4295988591978,1001.2589812992127,1449.0613181226365,0.23067023149146573,0.0843651548197437,0.09478844637952163,0.0903990117981928,17.18153297244094,21.198462396924796,17.66129429133858,20.868869737739477,8.476670671061436,8.740319812026915,8.665855269140298,8.734937054404039,0.0005405616890335344,0.00027650002599899804,0.0003030831256975014,0.00027927348309281534,0.023249982559854415,0.016628289930085957,0.017409282745061653,0.01671147758556422,0.6929781758689942,0.5930949228706258,0.7195258448314071,0.5948847157122654
Limestone_92.jpg,Limestone,2619.036847933071,3152.733709467419,1502.72250246063,3093.154194308388,0.06751849725102767,0.06055494040191068,0.085893282464537,0.059796738759799,31.73283710629921,35.648087296174594,22.98935777559055,35.380742761485514,9.218852918585057,9.276914527878628,9.051914922142805,9.27433476626372,0.00016401235195048514,0.00015120050080139844,0.00020019296630390134,0.00015118512473989416,0.012806730728428905,0.012296361282973043,0.014148956368011788,0.012295736038964653,0.6326831441412711,0.5580541742901803,0.7894230734271837,0.5662974084956981
Limestone_93.jpg,Limestone,1603.2935531496064,1901.3546407092815,1267.033156988189,2021.8727137454277,0.06616744074208579,0.0563485946032799,0.07123865342248384,0.055179142202884945,26.889763779527556,29.963357926715855,23.651021161417322,30.816975633951273,9.54612657801836,9.616640107746331,9.49084338572024,9.630087136631253,9.197656334765794e-05,8.30749382994209e-05,9.695844587001673e-05,8.185830743290231e-05,0.00959044124885075,0.009114545424727494,0.00984674798448791,0.009047558092264582,0.746257412735799,0.6993571498660324,0.7993076779268764,0.6803171941728335
Limestone_94.jpg,Limestone,991.09781003937,1228.2679645359294,800.6404404527561,1114.3204166408334,0.05186667362663159,0.04641597938236078,0.05719206303006465,0.047125640282241366,23.357406496062993,26.218860437720878,20.710568405511815,24.820509641019285,9.346333348654364,9.403907412568772,9.273218869141306,9.373089000082725,0.00010854751934113243,0.00010180874723458172,0.00011776769159007072,0.00010503772015046047,0.010418614079671654,0.010090032073020467,0.010852082361928089,0.010248791155568567,0.6807992175817191,0.6032042083656626,0.7419929395923047,0.6400953349677834
Limestone_95.jpg,Limestone,324.1070989173229,347.2907805815612,318.1982652559055,531.0473680947362,0.24993844636614565,0.1733469613372103,0.18626667218186352,0.16509828309357474,10.065637303149607,11.151032302064603,10.094795767716535,13.018476036952073,8.47324691902888,8.713222718604168,8.628041512420534,8.760535157793626,0.0008531033907770943,0.00040262217048707145,0.0004489238104452771,0.00040075974503737694,0.029207933695780234,0.020065447178846313,0.02118782222044722,0.02001898461554374,0.9524306751093227,0.9489248818761709,0.9531647312424663,0.9219068598221403
Limestone_96.jpg,Limestone,1928.0120570866143,2743.369520739042,2143.6606176181103,2507.1101742203487,0.05142278459670463,0.04194332836076575,0.0501880537731952,0.0432171020603106,31.304995078740156,38.158658317316636,33.00768946850393,36.17087234174469,9.709150290012014,9.787112375732038,9.738941927855489,9.780052675226155,9.51287913318014e-05,8.179295917150952e-05,8.710820644297538e-05,7.884267737039412e-05,0.00975339896301804,0.009043945995609965,0.009333177724814597,0.008879339917493536,0.7873701848385833,0.6974393652344829,0.7638146105017887,0.7235079264186226
Limestone_97.jpg,Limestone,2883.781803641732,3112.7464194928393,2490.6190329724413,3465.346518693038,0.030954274890066885,0.028797761993521357,0.034385976646833044,0.028643158795580183,40.178703248031496,41.91425382850766,37.01297982283465,44.18414036828074,9.774439373672742,9.801159375567261,9.747735298954527,9.804014054995628,6.720716566433133e-05,6.502920811657236e-05,6.89214024912425e-05,6.513107452403757e-05,0.008197997661888622,0.008064068955345829,0.008301891500811277,0.008070382551282038,0.5657176611690724,0.5307992818934671,0.6238283488155473,0.47768248479369957
Sandstone_1.jpg,Sandstone,4036.193651574803,4989.402628805257,3833.63970226378,4311.92435984872,0.030878211792323973,0.023731910591628387,0.03228745040434161,0.02682362436581249,47.58304625984252,54.942339884679775,46.08064714566929,50.251472502945006,9.829580074222568,9.876124822929484,9.81972034849857,9.846450718574392,6.309943039807954e-05,5.877883911512135e-05,6.373517385706645e-05,6.119672478665436e-05,0.007943514990108569,0.007666735884007049,0.007983431208262927,0.007822833552278507,0.33310718211300105,0.17679464120781568,0.3671154445291802,0.2885976325315237
Sandstone_2.jpg,Sandstone,818.7488312007874,921.1784983569968,731.6298597440943,934.3718767437538,0.39350119625728336,0.38497803248748325,0.39852678114662665,0.3862161257312736,16.959830216535433,17.45402690805382,15.420829232283461,17.92187984375969,6.417932905292034,6.495605758087784,6.386202402647272,6.48746361896935,0.1271731395391502,0.12074430547273891,0.12610703370820797,0.12221034758890155,0.3566134315181499,0.34748281320482444,0.3551155216379706,0.3495859659495809,0.913989369240884,0.9029786219175551,0.9231409406444568,0.9015890543636775
Sandstone_3.jpg,Sandstone,414.0783095472441,432.3336226672453,313.24950787401576,451.0631161262323,0.4523679071373102,0.43305905127956795,0.47676582293482517,0.4374660284051784,9.473978838582678,9.900737801475604,8.257381889763781,9.909417818835639,6.844347018797089,6.91963661419297,6.754017454986722,6.888710190459887,0.008380220800968945,0.007580978767884747,0.00937200897839296,0.007812007936000495,0.09154354592743796,0.08706881627703886,0.09680913685387842,0.08838556407016078,0.9484184320379022,0.9463953751153688,0.961022350776211,0.9440734557366811
Sandstone_4.jpg,Sandstone,1923.3959768700788,2663.1380122760247,2598.321112204724,2846.6702213404433,0.12410423970804937,0.05633398964762802,0.05663402336359389,0.05392100974905602,28.7980437992126,34.73166346332693,34.17175196850394,36.1491722983446,9.483370346070277,9.629905385638832,9.606640913436419,9.652023350112565,0.00016803305090985185,9.646172184650154e-05,0.00010222225034293818,9.474344697340894e-05,0.012962756300642694,0.009821492852234916,0.010110501982737463,0.00973362455477963,0.7669481780225531,0.67502978599535,0.6826910070020848,0.6526703421554593
Sandstone_5.jpg,Sandstone,141.5177780511811,222.60989521979045,258.51999261811034,332.18686837373673,0.2652056673456908,0.21550372998680145,0.216659820054841,0.19939386945746373,7.027743602362204,9.320540641081283,10.059854822834648,11.209002418004838,8.006194836271511,8.211691773111406,8.242784020220283,8.33898745025358,0.0034507095381378266,0.0030686313465131117,0.003580764485747722,0.0030041691306645067,0.05874274030157111,0.05539522855366798,0.059839489350659754,0.05481030131886256,0.9653511617691248,0.9448738864120447,0.9360487029144122,0.917743757204546
Sandstone_6.jpg,Sandstone,263.7133366141733,368.8136896273792,316.91990649606294,333.762787525575,0.46111869258528293,0.43127021047693603,0.4525477008367396,0.4262471842028915,8.753198818897639,10.519065038130075,9.577017716535433,9.987227974455948,6.049995255743165,6.2104452071842555,6.099390019925249,6.20035645848416,0.12349425107785765,0.11641538485507372,0.12159682931426409,0.11657816929621083,0.3514174882925687,0.3411969883440851,0.34870736917114914,0.34143545407032766,0.951418727257824,0.9321155979054517,0.9416002955300976,0.9385671196330196
Sandstone_7.jpg,Sandstone,845.4801919291339,1215.195858391717,1135.881028543307,1124.2724285448571,0.34904755155096934,0.3338544828661203,0.34372773729306766,0.33489395089693863,18.10617618110236,21.955607911215825,21.145300196850393,21.167958335916673,6.879353371134443,6.999763936335956,6.918447927343947,6.992882078565469,0.0986201733145654,0.09286680058883087,0.09857847346309928,0.0931674294993453,0.3140384901800501,0.3047405463485797,0.3139720902613786,0.3052334016770532,0.8046625375356533,0.719234482810909,0.7375691117366363,0.7402419308113863
Sandstone_8.jpg,Sandstone,624.0143946850394,956.8606857213713,947.5690206692916,1152.9698679397356,0.10013261437600202,0.08807023919711504,0.0877505595746064,0.07333501619611814,15.395792322834644,18.78814557629115,18.695004921259848,21.628061256122507,9.07445298344739,9.168383809185798,9.174004701160792,9.276427915990837,0.00015593311215919307,0.00014259182836674306,0.00014172348901338432,0.0001263796935182685,0.012487318053096632,0.01194118203390029,0.011904767490941784,0.011241872331523272,0.8683388429668469,0.7967845143962913,0.7994886726986961,0.7551232905138525
Sandstone_9.jpg,Sandstone,335.4731791338582,401.48775497551003,337.5018454724409,480.70766941533896,0.6628507818296033,0.6462426367174857,0.661032007387462,0.659100649609933,6.7689468503937,7.687891375782751,6.828371062992124,8.132680265360532,3.788940403467847,3.878215261258891,3.7890755429481184,3.8278017714849315,0.3905401471691613,0.3732662092393437,0.3896886955761214,0.3899453419838082,0.6249321140485271,0.610955161398399,0.6242505070691744,0.6244560368703375,0.9446038189104429,0.9340446237249894,0.9442684337562325,0.9210295852004771
Sandstone_10.jpg,Sandstone,326.5574557086614,440.4197408394817,392.6771038385826,434.10546221092454,0.11754285479905001,0.10016697524213593,0.10281395253747581,0.10024415591028399,12.504306102362207,14.403372806745615,13.684239665354328,14.154690309380621,7.980339072440737,8.10736036415626,8.078907518330976,8.092568446675331,0.0017321152196015334,0.0010954655798579376,0.0011178451311980742,0.0010994133836491366,0.041618688345520134,0.03309781835496016,0.03343419105045125,0.0331574031499624,0.6577984730476742,0.529961126212986,0.5810898789441172,0.5367019567327468
Sandstone_11.jpg,Sandstone,513.5217765748032,541.8099076198154,602.0402928149606,958.5558931117864,0.1434369706725427,0.1270310784084015,0.13404626619523818,0.10248740171435337,13.253444881889763,13.839171678343359,14.768516240157481,19.100750201500404,8.866543983243645,8.902650122661393,8.931043542083428,9.113138907967587,0.00024163927722386692,0.00022687186548655448,0.00024015019953868032,0.00018132604930347194,0.015544750793237791,0.015062266279898071,0.015496780295876958,0.013465736121856538,0.9060022980767326,0.9007344881340329,0.8897287507769388,0.8243813820073603
Sandstone_12.jpg,Sandstone,276.2212106299213,294.37516275032544,240.2608882874016,299.6093372186744,0.07713545345158068,0.0740043183800515,0.08068807881839357,0.07264497972981876,12.9654281496063,13.426808853617706,12.160125492125985,13.586025172050343,8.447656107636234,8.477462992689798,8.407388635417712,8.47795957548015,0.0002763440585474921,0.0002686832207318081,0.00028730306484050464,0.0002675204060805541,0.016623599446193717,0.016391559435630525,0.016950016661953598,0.016356051053984702,0.7175513402769188,0.6974626752287475,0.7550095169365378,0.6920724593545979
Sandstone_13.jpg,Sandstone,1675.2758366141734,1794.96775993552,1121.6902066929138,1929.2652365304734,0.057079784738089764,0.05753480405612045,0.06723526797856946,0.05244121538936196,27.884227362204726,29.095108190216383,23.128075787401578,30.4247628495257,9.525125598603342,9.559820674106753,9.440805801618707,9.5702339614323,9.845698402334305e-05,9.364598058354775e-05,0.00010824100017340664,9.272918291636075e-05,0.009922549270391308,0.009677085335138249,0.010403893510287705,0.00962959931234736,0.8030571322504857,0.7891999696648259,0.8682364917422252,0.7734123313319685
Sandstone_14.jpg,Sandstone,810.8267101377952,840.5607911215823,889.8454109251968,1169.0189720379442,0.1497080018721656,0.09386855056872995,0.10994711972477753,0.10266293201290552,18.134165846456693,18.977555955111914,19.020853838582674,22.129642259284523,9.025872335754514,9.117501520612658,9.072468923742282,9.170214022337255,0.000197248868618831,0.00015473891695504889,0.00016992703663141698,0.00015122933091671876,0.014044531626894183,0.012439409831461011,0.0130356064926576,0.012297533529806648,0.8005643409525844,0.7926885522854032,0.7810149353944222,0.7116742730632294
Sandstone_15.jpg,Sandstone,1247.5791707677167,1425.7809535619072,1187.0216535433071,1392.222766445533,0.2572489735466921,0.2456992526067021,0.25821000946064715,0.24911559319852256,23.28893946850394,24.96738793477587,22.789739173228348,24.463078926157856,7.588052478997281,7.680160280675016,7.579699927567925,7.676196989288381,0.047425321107966455,0.043851979637743135,0.04795460402688383,0.04420679571100601,0.21777355465704842,0.20940864270068496,0.2189853968347749,0.21025412174558197,0.8610047860502148,0.8393069324447602,0.8677540792041954,0.8430891179311429
Sandstone_16.jpg,Sandstone,1252.0069512795278,1802.5855291710586,1448.7925688976377,1603.046438092876,0.2118209446123845,0.134727074153556,0.14733359734438212,0.13906044232763623,19.720656988188985,25.133114266228535,22.191929133858267,23.714179428358854,8.889490343335499,9.107558336615647,9.036081539294536,9.090701564368349,0.00038192288298639107,0.00029568166272546815,0.0003282006686083685,0.000292008706033656,0.01954284736128262,0.017195396556214344,0.018116309464357484,0.01708826222977796,0.8564757580964238,0.7935065348964868,0.8339844308993993,0.8163642078374643
Sandstone_17.jpg,Sandstone,1574.888841043307,2611.508711017422,2355.82092765748,3031.592349184699,0.0461525856515207,0.035946548463163135,0.03892465012150168,0.03383333779159494,27.56760580708661,36.07068014136028,34.09048966535433,39.71882943765888,9.320379818849162,9.424383240800912,9.415041091692121,9.479371128017902,0.00011990008110875596,0.00010584304137174209,0.00010650216612933225,9.78820855279506e-05,0.010949889547787956,0.010288004732295864,0.010319988669050574,0.009893537563882325,0.5906065864935292,0.32143317810788147,0.38820523813364144,0.21233869376275474
Sandstone_18.jpg,Sandstone,775.960383858268,1174.99751999504,998.9162770669291,1116.1483662967325,0.28555682254112685,0.20151464767898047,0.21803758552257432,0.20475501508907415,14.781742125984255,19.27986855973712,17.811085137795274,18.951143902287804,8.155578226242781,8.45322559035814,8.3897320247211,8.441177983052274,0.0016948731407228444,0.0009217064748222124,0.001076974016741002,0.0009485453901777661,0.04116883700959798,0.03035961914817464,0.03281728228755395,0.030798464087966566,0.8088374211069874,0.7109259328270893,0.7545113400512211,0.725463592285669
Sandstone_19.jpg,Sandstone,394.234375,767.2462644925289,552.9234128937007,436.08636617273226,0.3084518412090367,0.24764314913603855,0.2824816550181948,0.25113062100490513,9.379798228346457,13.765081530163059,11.511011318897637,10.761299522599042,7.9322188808147045,8.201638411598596,8.069593360243513,8.118788754567355,0.0018782889128278256,0.0013481192564716328,0.001746939773176421,0.0013166675226648236,0.04333923064416148,0.03671674354394236,0.0417964086157701,0.03628591355698274,0.8675516754848215,0.7427732729434191,0.8143227578487469,0.853795312032162
Sandstone_20.jpg,Sandstone,344.4440821850394,477.7298034596069,351.71567421259846,397.1522103044205,0.10466580502624065,0.08875539135384632,0.10401103272116898,0.09711005916105313,11.771222933070867,14.020832041664082,12.008981299212602,12.717341434682867,8.263108237856885,8.377365398816663,8.272963642654906,8.312806763953363,0.0003963311759631332,0.0003520829783305048,0.00040021564418128854,0.0003806728426898479,0.01990806811227883,0.01876387428892298,0.020005390378127805,0.019510839107784367,0.8044198304267701,0.7283096902975833,0.7992634489334283,0.7741302279858023
Sandstone_21.jpg,Sandstone,591.6044537401575,730.3073966147931,452.80105807086625,726.9298778597557,0.19819627473671558,0.18014339683326822,0.20621086112455755,0.17887744291695362,15.83686023622047,18.006696013392023,14.407849409448822,18.149792299584604,8.149575501544085,8.305796402406624,8.109060425233812,8.310802152004458,0.01978658425090288,0.015921815587198653,0.019431981307810285,0.015936249864935716,0.14066479392834186,0.12618167690753937,0.13939864170001903,0.12623886035977874,0.823300354607434,0.7801450436671431,0.8647371614814436,0.7811618267941445
Sandstone_22.jpg,Sandstone,1030.1697219488187,921.501829003658,697.773499015748,1044.5933411866824,0.06977156898153047,0.06892615467911561,0.07517298103947405,0.06535105406055754,20.91320127952756,19.813317626635254,17.553641732283467,21.364498728997457,8.58265836640383,8.551494302295351,8.497588437752352,8.594485672573105,0.00028967385815631,0.0002958238912943819,0.00031517360398002043,0.0002825428181701425,0.01701980781784301,0.01719953171729922,0.0177531294137124,0.016809010029449758,0.23182361008656568,0.31284883069540564,0.47837076180504456,0.22106664485006364
Sandstone_23.jpg,Sandstone,3912.5850147637802,3860.335916671833,3108.6279527559054,4842.7434434868865,0.024059996681609533,0.021427410847890085,0.025826306822958944,0.01823438268776728,48.71985728346458,49.4277388554777,43.776082677165356,56.41620683241366,9.743785776762842,9.743810309715332,9.71703141032077,9.737823860718878,6.885707130789264e-05,6.822935091713072e-05,7.03139834014043e-05,6.869447677763231e-05,0.008298016106750615,0.008260105987039799,0.008385343368127766,0.008288213123323526,0.10109612400841465,0.11242635526864385,0.28510554456961723,-0.11345452887098918
Sandstone_24.jpg,Sandstone,768.0042445866144,1290.147560295121,1095.2714074803152,1263.8695517391036,0.06485129388972037,0.045581359439755297,0.05094125273330795,0.0473056423347524,19.639456200787407,26.2248124496249,23.920644685039377,25.930931861863723,9.38781959539238,9.54862441147102,9.498077440636536,9.544954925183767,0.00010339345629863137,8.616744866945003e-05,9.09472644140601e-05,8.603483013897642e-05,0.010168257289163733,0.009282642332302265,0.009536627517841938,0.009275496220632966,0.86230848089726,0.767798177000442,0.8029857170063833,0.7725442630336551
Sandstone_25.jpg,Sandstone,252.1940821850394,259.487878975758,102.55093503937007,322.1461962923926,0.22104788684822554,0.1762845385966343,0.2427006177836593,0.17972925083372746,8.185593011811026,8.941285882571766,5.846702755905512,10.057164114328229,8.333685400734927,8.442676753352949,8.152387779844798,8.539854986066743,0.0004267844229047834,0.00035424715898721903,0.0004836948150458802,0.0003213808275220246,0.020658761407809118,0.018821454752149712,0.021993062884597958,0.01792709757663032,0.9298409838300654,0.9274530311539831,0.9712269024941639,0.9099314555042936
Sandstone_26.jpg,Sandstone,769.7919537401574,1017.1749023498046,730.9409448818898,912.6698493396987,0.296133342678291,0.28093698948231577,0.2991316812050549,0.2840280080405632,15.331815944881889,17.236778473556946,14.979453740157478,16.784053568107133,7.284193533145345,7.38392235535166,7.273768137546735,7.376995655833783,0.05468658990296497,0.05040181281304962,0.054413986513519905,0.05094665586441964,0.23385164079596485,0.22450348062569012,0.23326805720783955,0.2257136590116328,0.938773126347259,0.9182320167671681,0.9418614403617023,0.9266328998429656
Sandstone_27.jpg,Sandstone,46.14480807086615,62.74059148118296,44.74526328740157,52.32742265484531,0.25895662643714357,0.23018583244952495,0.26464869399368823,0.23403191666750126,4.422367125984253,5.163060326120653,4.364603838582677,4.809411618823238,7.017831658295769,7.151549810849074,7.012599992713785,7.092204302513156,0.0014706222039397208,0.0012852657610579034,0.0014865649848487198,0.0013335350621349145,0.038348692336763204,0.03585060335695765,0.038555998039847446,0.03651759934791599,0.8822144642623284,0.8389608384250652,0.8855640749104804,0.8656878548767536
Sandstone_28.jpg,Sandstone,476.51673228346453,685.7501395002791,564.6441929133858,680.950647901296,0.1299291188848863,0.09095172356702028,0.09780906030678493,0.09101044513717674,13.750246062992124,17.583607167214335,15.948326771653543,17.588133176266354,9.07226216852477,9.274943272046015,9.229530349723419,9.285791968641437,0.00017780003821726392,0.0001379674778693596,0.00014260142045674715,0.00013328738914902344,0.013334168073684384,0.011745955809101259,0.0119415836661955,0.011545015770843426,0.9281708097887192,0.896304669737372,0.9146044201556622,0.897033168790877
Sandstone_29.jpg,Sandstone,410.51119586614175,423.4048608097217,352.33809055118115,603.5286130572262,0.2880745106184758,0.22240087647346402,0.24615349813703596,0.2115659861955517,9.789739173228346,10.694835389670779,9.564222440944885,12.845123690247382,8.317274708977129,8.479562712848963,8.364611703564663,8.577823025499274,0.003645676541841365,0.003347555024206706,0.0034897036957159864,0.0033249983419800675,0.06037943807159326,0.057858059284828296,0.059073714084319995,0.057662798596496055,0.9677625075315961,0.9668710412326961,0.9724062369105776,0.9527766405978395
Sandstone_30.jpg,Sandstone,422.3329232283465,586.0866141732283,627.9129552165356,595.1434062868126,0.06501724860285141,0.05347686174755714,0.054312206067315266,0.056150907667115856,15.863312007874015,18.748279496558997,19.412586122047248,18.852997705995413,8.474051431805233,8.551523783867891,8.569950026071407,8.552942262774428,0.00027381243727331203,0.000250162754650018,0.00024651709459668923,0.00025040684962639696,0.01654727884799528,0.01581653421739472,0.015700862861533733,0.015824248785531556,0.4975121119909547,0.30274734484592414,0.2555709434581129,0.2918938059887909
Sandstone_31.jpg,Sandstone,942.2623646653543,1791.9756959513918,1461.6987573818897,1636.2667865335734,0.07064974178365796,0.04392029050738128,0.050717189022005324,0.047736009924043636,21.49071112204724,31.87054374108748,28.48566683070866,30.35457870915742,9.34264622271779,9.56675203579683,9.504049550760923,9.543725507423126,0.00011926433764976904,8.820862083413046e-05,9.644758059047367e-05,9.155675822666669e-05,0.010920821290075626,0.00939194446502589,0.009820772912071313,0.009568529574948635,0.7973326401827406,0.6149924476474271,0.6861883776919646,0.6484690566519649
Sandstone_32.jpg,Sandstone,1626.853038877953,2168.9142538285078,1719.9093257874015,1953.0453840907683,0.03809095157869884,0.030361913136945428,0.03756705077341132,0.03417599633596449,30.75055364173229,36.18438836877674,31.604945866141733,34.00936201872404,9.633833728366767,9.698929496867514,9.648308526305943,9.678869813755295,7.733932704193535e-05,7.192537170119912e-05,7.618325783526566e-05,7.333612534420804e-05,0.008794278085319757,0.00848088271945787,0.00872830211640647,0.008563651402538992,0.6604217735182417,0.5479419174269765,0.6410613189310284,0.5929637786820852
Sandstone_33.jpg,Sandstone,1626.853038877953,2168.9142538285078,1719.9093257874015,1953.0453840907683,0.03809095157869884,0.030361913136945428,0.03756705077341132,0.03417599633596449,30.75055364173229,36.18438836877674,31.604945866141733,34.00936201872404,9.633833728366767,9.698929496867514,9.648308526305943,9.678869813755295,7.733932704193535e-05,7.192537170119912e-05,7.618325783526566e-05,7.333612534420804e-05,0.008794278085319757,0.00848088271945787,0.00872830211640647,0.008563651402538992,0.6604217735182417,0.5479419174269765,0.6410613189310284,0.5929637786820852
Sandstone_34.jpg,Sandstone,1150.61687992126,1760.9304978609957,2280.579785925197,2536.53022506045,0.05645518741553289,0.0445608767696616,0.040781080869853416,0.03261836005034985,24.230807086614178,30.30479260958522,35.21081446850394,37.80246760493521,9.425603199930608,9.511065589536752,9.587348869266007,9.630100711326422,0.00010087697177347481,9.223522694053883e-05,8.439872836776926e-05,7.988056152192657e-05,0.010043752872979044,0.009603917270600514,0.009186878053385125,0.008937592602145534,0.7213774281864955,0.5740468052371271,0.4492734305199407,0.386369872032088
Sandstone_35.jpg,Sandstone,1060.4251968503936,1159.6100192200386,757.9742864173228,1153.1558063116129,0.06396691101626527,0.05552786156577118,0.06626916806124059,0.05861172728359968,22.167445866141733,23.747907495814992,19.512303149606296,23.458490916981834,9.211242748800247,9.263623993812342,9.15268475667111,9.253749703733622,0.0001324881800154225,0.00012366005263971593,0.0001404879518743412,0.00012605295221130466,0.011510350994449409,0.01112025416255024,0.011852761360726926,0.01122733059152106,0.7489998912864348,0.7260338484019568,0.8205672501959684,0.7275743225550083
Sandstone_36.jpg,Sandstone,868.3371678149606,939.0170500341002,741.7810039370079,1022.6483972967944,0.06352415220742724,0.055976382541463726,0.06520569160688408,0.05874784606374968,20.45983021653543,21.70215140430281,19.12106299212598,22.163804327608652,9.142368627210608,9.177955117734076,9.101346982030792,9.186263886483829,0.00014256547067781634,0.00013558034432083497,0.00014829283808958242,0.00013587633350479046,0.011940078336334998,0.011643897299479886,0.012177554684319115,0.01165660042657337,0.7387702546072706,0.7159958374068056,0.7761373866979803,0.6907107651025961
Sandstone_37.jpg,Sandstone,2097.7044168307084,2271.5918531837065,1810.4985236220473,2276.1284022568047,0.308554815232781,0.29804346124572634,0.31262657255100407,0.2944043533323373,29.98431348425197,31.56891313782628,27.51021161417323,31.70630541261083,7.3922507270972275,7.458767423371855,7.368997778017399,7.479059059896631,0.07379745454070982,0.0697068251350217,0.07417313351472406,0.06899838655527024,0.2716568691211577,0.26402050135362914,0.2723474499875555,0.2626754395737642,0.7250310302099677,0.7013270421269043,0.7626735439949685,0.7007305685446013
Sandstone_38.jpg,Sandstone,1399.5789862204729,2121.3357926715853,1475.3097317913391,1863.671027342055,0.06103753560130047,0.047967309637411346,0.06022392585794658,0.04523324622534696,25.496801181102363,32.43741087482175,26.235051673228355,30.323640647281298,9.252050928183756,9.37172162171878,9.261863925953001,9.345770614526314,0.00013379183252507134,0.00011480344121330564,0.00013312581556803742,0.00011893767975024327,0.01156684194259917,0.010714636774679095,0.011538016101914463,0.010905855296593811,0.6864610167749654,0.5247021672523156,0.6701802725422223,0.5824315196162821
Sandstone_39.jpg,Sandstone,145.45546259842519,377.18624837249683,333.82320374015745,356.41428482856975,0.36437975669574985,0.3039515916081367,0.3173095418577929,0.2992826376129024,5.562869094488189,8.979787959575921,8.407972440944881,8.849029698059397,7.568630943979452,7.838533129432156,7.79218128815748,7.8757628734466065,0.004211550659429444,0.003596902847597002,0.003792915483780186,0.0032499208776705117,0.06489646107014961,0.059974184843122315,0.061586650207493716,0.057008077301997404,0.9827670210379518,0.9551953958669288,0.9602968909313682,0.9576609191924639
Sandstone_40.jpg,Sandstone,359.4189222440946,601.4656829313659,537.8492249015749,534.727943455887,0.5272497869368393,0.362413611798242,0.36850131289334903,0.35096749754958795,8.16400098425197,11.422034844069689,10.631213090551181,10.79701159402319,7.366236512874605,7.78291485644162,7.7290022151707,7.799635937245227,0.0034033447583496743,0.0018075060020167782,0.0019342229846569066,0.0017028507613962341,0.05833819296438376,0.04251477392644559,0.04397980200793208,0.04126561233516636,0.8983814213283311,0.8293921668123535,0.8473420287906143,0.8482904486945967
Sandstone_41.jpg,Sandstone,213.03801673228352,247.83458366916736,131.34885580708664,264.9433318866638,0.21131257310007606,0.1621902863644103,0.18224394121484044,0.16225024156431267,7.709522637795278,8.99460598921198,7.442113681102363,9.650133300266603,7.8235148648637605,7.9815930677352815,7.881661660904616,8.05109162527977,0.0007403648840500808,0.0005810344561355005,0.0006922300221553573,0.0005677629930497011,0.027209646893153187,0.024104656316477537,0.026310264577828882,0.02382777776146364,0.8744950284433336,0.8527820528329607,0.9216201892323426,0.8426224201196111
Sandstone_42.jpg,Sandstone,159.12217027559052,235.27540455080907,147.78973917322836,238.94996589993178,0.24780739285026876,0.18045067604743584,0.21716253502718844,0.19166105245479453,6.1605561023622055,8.216814433628866,6.524729330708661,7.958087916175832,7.933314271533316,8.20097284026838,8.035344059167523,8.137228440377308,0.0006257740176613166,0.00044186572346112624,0.0005273983936639748,0.0004833618694455442,0.025015475563365103,0.021020602357238155,0.022965156077500864,0.021985492249334427,0.9245071289021286,0.8885518017417835,0.9297276512254651,0.8868221374140576
Sandstone_43.jpg,Sandstone,307.54158464566933,571.1507843015686,469.4779158464568,495.51478702957405,0.38717868937417205,0.2444739175732967,0.2543147308261094,0.23969490072248886,8.693528543307085,12.58447516895034,11.354884350393704,11.684171368342735,7.5221817413754835,7.914782748633677,7.856154788091572,7.884009393087661,0.0026582572086042613,0.001293743736969773,0.0013900171232959656,0.001305544864174234,0.0515582894266699,0.035968649362601496,0.03728293340519179,0.03613232436716788,0.8696088063057446,0.7593840466193439,0.8019333640237005,0.7912747134023057
Sandstone_44.jpg,Sandstone,893.9581692913387,1124.4194928389857,831.1528051181102,1064.215760431521,0.12558934776769354,0.09999075361077375,0.11332271655107258,0.09652976614281347,18.225885826771652,21.16163432326865,17.99790846456693,20.929009858019718,9.107593916045328,9.24262084332194,9.167798749768387,9.251902769002058,0.00019215156838516803,0.00015239406757566073,0.0001677586973338009,0.00015224222896830693,0.013861874634592828,0.012344799211638103,0.01295216959948413,0.012338647777139396,0.8314445178620375,0.7871029907534889,0.8426967044768142,0.7984901798060563
Sandstone_45.jpg,Sandstone,565.9470349409448,662.6493272986547,212.47477854330708,632.743009486019,0.13485081865729664,0.10700438229528086,0.14889355624961237,0.11231894602228663,12.816498523622046,14.775683551367106,8.994094488188976,14.396428792857586,8.777213609821102,8.91116371140693,8.598650948386776,8.896260286190564,0.00023213339883711018,0.00019205469621801666,0.0002613170509544144,0.00019670403281534446,0.015235924613790598,0.013858379999769693,0.016165303923972925,0.014025121490216919,0.8308784995131353,0.8023428615218783,0.9363427054820739,0.8112678022916556
Sandstone_46.jpg,Sandstone,662.0634842519685,863.6136152272305,719.4924950787404,1003.6339512679025,0.3315725618770746,0.25435522086459544,0.26910494084478703,0.24959719233205377,13.60248523622047,15.852191704383412,14.296875000000004,17.358422716845435,8.06319012187011,8.306988813377572,8.242597144883185,8.343837116374548,0.005010666942720604,0.0027845701422694307,0.0030890528700002725,0.0027753022211977826,0.07078606460823066,0.05276902635324467,0.05557924855555599,0.05268113724282898,0.9262496529875932,0.9036142015192966,0.9197147120481113,0.8879845830584813
Sandstone_47.jpg,Sandstone,1482.1959276574808,1904.216132432265,1166.1307824803148,1671.6127472254946,0.1266803132702525,0.08574720187201024,0.10778169695425113,0.09128281609325094,23.56059301181103,27.940975881951765,20.688976377952756,25.916547833095667,9.232134491366546,9.396725283720789,9.237457293551467,9.36267634280038,0.00017032816048053977,0.00012482286729096988,0.00015081499889562278,0.00012962596450333952,0.013050983123142094,0.011172415463585746,0.012280675832201694,0.01138533989406287,0.7480844635925782,0.6769905563417956,0.8027691851307096,0.7164056113699612
Sandstone_48.jpg,Sandstone,1234.4814837598428,1400.1438402876806,1149.4604453740158,1352.48682497365,0.22754288739433084,0.21266012204299936,0.22573607620104166,0.2142355290845126,24.102915846456696,25.76886353772708,23.265440452755907,25.18990637981276,7.865760286611394,7.949630815136967,7.868128501211858,7.946097299697028,0.034412051734259735,0.030866380599398932,0.03394612935466106,0.030842632272405714,0.18550485636300668,0.17568830524368698,0.1842447539406782,0.17562070570523772,0.8105489142803217,0.7821762509479283,0.8235813402612515,0.7895903675876882
Sandstone_49.jpg,Sandstone,345.41430856299223,507.30008060016127,457.6731668307086,443.6348812697626,0.1471495974770793,0.12778905152611783,0.1449058139361951,0.13179759731625226,9.41726131889764,11.521421042842087,10.270976870078739,10.870915741831485,7.861892464867555,7.970984564629633,7.849702551735443,7.950941888383241,0.0006043441652312995,0.0005395459981818346,0.0005990709002902381,0.0005565365461439585,0.024583412400057472,0.023228129459382532,0.024475924911844252,0.02359102681410791,0.6677403036852166,0.5084138659809059,0.5566544343910146,0.5701228100395455
Sandstone_50.jpg,Sandstone,448.77233021653547,897.7878355756711,966.3097933070867,968.7707235414471,0.08077965155125146,0.0668494266183826,0.0648228382391852,0.06624406245754046,14.111774114173228,19.12145824291649,19.69168307086614,19.78851757703515,8.638867267468468,8.788266199003587,8.797513353392311,8.801705416953512,0.0002389260149614049,0.00020676766506983325,0.00020376523907344687,0.00020483796935105806,0.015457231801373908,0.014379418106092933,0.014274636215100084,0.014312161589049296,0.7273840687670057,0.4541777508088837,0.41225306496354674,0.41103112758843113
Sandstone_51.jpg,Sandstone,356.6273991141733,468.3515407030814,368.28137303149606,511.1855043710088,0.32748832257401705,0.2821990214804459,0.30317621906575937,0.2835178463486153,9.725824311023626,11.70425940851882,10.010703740157481,11.936449872899747,7.911842545528732,8.122245478303896,8.000212592960462,8.116212886725272,0.005950753661761231,0.004572035370123192,0.005060370350232887,0.00464021859285581,0.07714112821161764,0.06761682756624413,0.07113628012647896,0.06811914997161819,0.9648173099265624,0.9536771384348655,0.9636459334599061,0.9494377592879942
Sandstone_52.jpg,Sandstone,1318.2823572834645,1518.554901109802,1091.9081569881891,1431.3729307458616,0.11235546600425116,0.10035597003909474,0.12735648100626346,0.10171802132841792,25.37253937007874,27.51106702213404,23.163201279527563,26.703825407650818,9.369609837228918,9.420855583492187,9.298896701186418,9.404982663449529,0.00020012295883966766,0.0001662959491831315,0.0002437792351170641,0.00016886951747739442,0.014146482207236811,0.012895578668021513,0.01561343124098813,0.012994980472374493,0.7808558808490397,0.747333275031094,0.818193414588659,0.761844381071512
Sandstone_53.jpg,Sandstone,212.34282726377955,350.22313844627695,247.89929872047244,254.01525203050403,0.8186323259168385,0.7963410225209968,0.8150407032906511,0.8002912021345718,4.322281003937007,5.711761423522848,4.633304625984252,4.754169508339016,3.296252654532321,3.411220931989045,3.311851996102517,3.3991713866512296,0.18564895345122723,0.17827353975744598,0.18541936681041332,0.17797956868156273,0.4308699959978964,0.4222245134492383,0.43060349140527565,0.4218762480651912,0.9252952451371929,0.8775996361780997,0.9127979300569234,0.911223635854613
Sandstone_54.jpg,Sandstone,1193.075479822835,1463.3512307024612,933.137057086614,1333.4833529667058,0.2534783050619342,0.12377600921946397,0.12885120474030715,0.1200408975592471,20.31895915354331,23.580755161510318,18.710260826771652,22.471758943517884,8.750165618549106,9.013412496278056,8.897752667332885,9.002483304637096,0.0005595280355599776,0.0002456998527984283,0.00028591048393034285,0.00024578442113670133,0.023654344961549403,0.015674815877656373,0.01690888772008209,0.015677513231909624,0.7358962930784817,0.6747625955796893,0.7928848035775903,0.7036334414589338
Sandstone_55.jpg,Sandstone,460.71899606299223,656.8442556885115,459.0491510826772,670.7249674499351,0.17186809099832176,0.13741297075908315,0.17246390486027302,0.1441643899726729,12.22022637795276,15.163060326120654,12.587413877952756,15.444540889081779,8.735524340221254,8.895542652375127,8.774890263717207,8.904814054316432,0.0003430933375538627,0.0002724272917080772,0.00033724487614990854,0.0002941959507826263,0.01852277888314447,0.016505371601635548,0.018364228166462878,0.017152141288557132,0.9243446127270551,0.8919518169413234,0.9245057444075081,0.8896691277344245
Sandstone_56.jpg,Sandstone,481.4948941929134,649.0616281232564,401.1283218503938,636.2800545601092,0.17908889070831696,0.12379856921895183,0.15789249695956842,0.12358077216013205,13.225824311023626,16.240498480996962,12.195866141732287,16.040734081468166,8.68437043575917,8.897713763408065,8.687970056955807,8.883604404107235,0.0003691077328443721,0.000249418937674753,0.00031625588153520067,0.0002542085808333065,0.019212176681583273,0.015793002807406607,0.017783584608711503,0.01594391987038653,0.8829543850803417,0.8414935986069189,0.9019473970396324,0.8446034104072137
Sandstone_57.jpg,Sandstone,3587.641978346457,3958.2683985367976,2830.321173720473,4542.968689937379,0.030264194943141476,0.025139533584636928,0.03084484484730795,0.021582498531208583,45.27386811023622,48.6746233492467,40.43854576771654,53.06454212908425,9.817528815061735,9.840338058597558,9.786178716928138,9.863436146805238,6.308996992993985e-05,6.126783907111121e-05,6.526398550843978e-05,5.9524578098074275e-05,0.007942919484039848,0.007827377534724591,0.00807861284555955,0.007715217307248985,0.4247992486641684,0.3671719407675373,0.5474171454158882,0.2736899911222625
Sandstone_58.jpg,Sandstone,689.0513041338584,784.2619505239011,423.8433809055118,818.9338458676916,0.15825541316363495,0.12332237540492096,0.16038747057533848,0.13312228738066367,16.058562992125985,17.5245210490421,12.313607283464568,17.756835513671025,9.08793766410504,9.183613479368937,8.942218688215888,9.17491408863005,0.0002221677416987647,0.00017930217520798365,0.00023885033121628742,0.00018873154492542472,0.014905292405678082,0.01339037621607338,0.015454783441261395,0.013737959998683382,0.8931977058193804,0.8769653636450031,0.9339348336812096,0.8715296617475444
Sandstone_59.jpg,Sandstone,519.4836368110236,712.0597061194123,450.3478715551181,642.0894661789325,0.24715796140074264,0.2319629332967386,0.25498915368388336,0.23636380987820005,13.331077755905511,15.509393018786039,12.458968996062993,14.535123070246144,7.498571672237613,7.614603126929891,7.466196564871813,7.581930028749677,0.0287795728179347,0.026243408181527747,0.028965993234720842,0.02631253895405056,0.16964543264684345,0.16199817338947914,0.17019398706981642,0.16221140204699103,0.9230304008255321,0.8928468117684367,0.9332737812791854,0.9033761735993567
Sandstone_60.jpg,Sandstone,461.3101624015749,635.471386942774,480.8216043307086,714.1703143406287,0.23377176784901693,0.1755341350437082,0.20033746090291987,0.18494197868441764,10.815206692913389,13.93217186434373,12.330339566929132,15.022444044888088,8.274622068832896,8.532655288938408,8.458692711414766,8.544820493276612,0.0010293500201258219,0.0007816651506574759,0.0009220210090810806,0.0008360137620517039,0.03208348516177477,0.027958275173148216,0.03036479884802599,0.028913902573877916,0.9283690975936847,0.9014152646640079,0.9251587758439015,0.8892091197158933
Sandstone_61.jpg,Sandstone,661.4337475393701,799.3588567177135,531.6420398622047,799.7224874449751,0.09826927300366631,0.08915510750449145,0.10188373865930392,0.09068145079614465,17.480991633858267,19.537045074090152,15.76863927165354,19.405418810837624,9.03216500169043,9.106630463757533,8.950770095730231,9.09652662510541,0.0002900201112902225,0.00026618653274506623,0.0003280852508970643,0.00027300389401448404,0.01702997684350224,0.01631522395632577,0.018113123720028643,0.016522829479677023,0.869118255152507,0.8421739289768043,0.894850948290441,0.8421016497519718
Sandstone_62.jpg,Sandstone,276.8035187007874,308.9548639097278,289.47133366141736,288.8174096348192,0.07577649982857643,0.07125079984220006,0.07531055713600168,0.07408302941111403,13.107652559055117,13.868869737739477,13.280511811023626,13.324198648397294,8.224366149829496,8.253454217238753,8.225679144899887,8.227437948900729,0.00034024384455018906,0.0003296243184959555,0.00034441023471890703,0.00034139469357740863,0.018445699893205166,0.018155558886907213,0.018558292882668574,0.01847686914976151,0.5383688723684951,0.4808036540476869,0.5126669995707848,0.5146659792372885
Sandstone_63.jpg,Sandstone,516.0092888779527,671.5214210428421,404.99384842519686,521.0613801227603,0.25506856506237374,0.20717836387104852,0.2482906582824354,0.2159995977337654,13.266547736220472,15.661789323578647,11.761195866141732,13.588629177258355,8.50507846124063,8.685594274654601,8.480623700058196,8.607222427506617,0.0012109058641945408,0.0008123730674890206,0.0011503834653177117,0.0009307072368252245,0.03479807270804722,0.028502158996978118,0.033917303332041474,0.030507494764815162,0.9281988243468106,0.9066406969558447,0.9436638692809652,0.9275640463590289
Sandstone_64.jpg,Sandstone,1406.7215797244094,1869.0624961249919,1107.2424335629921,1815.5297910595818,0.19979696616295406,0.1368821864910456,0.15641139395717896,0.14060576047210832,22.110482283464567,26.30336660673321,19.534264271653548,26.175336350672698,9.077011604490465,9.264480399623235,9.119501669251562,9.26592203199711,0.0006096306748277557,0.00028814739258841766,0.00033343230748961514,0.0003048554054204022,0.024690700168844053,0.016974904788787996,0.01826012890123219,0.017460108975043718,0.84128242534206,0.7901722852299202,0.8757927861068795,0.7961873115305568
Sandstone_65.jpg,Sandstone,863.3583907480314,1146.1125302250607,658.0894438976378,954.1705003410008,0.1344851324389167,0.09166712962764648,0.11774747813345421,0.10042098453681272,18.853838582677167,22.3755347510695,16.577878937007874,20.397668795337594,9.254697222395317,9.376646545014083,9.202458164296837,9.331633389623267,0.0001574940894022413,0.0001226413885650637,0.00015223028492931983,0.00012864574058244778,0.01254966491195049,0.011074357252909249,0.012338163758409102,0.011342210568599393,0.8541367608094184,0.8069070646134671,0.889936792736126,0.8392439699670935
Sandstone_66.jpg,Sandstone,602.3152682086616,768.5598611197223,442.5566560039371,679.0435240870481,0.14404871298838448,0.12483886293356909,0.15152669766008892,0.1274098652762205,15.285986712598426,17.78932357864716,13.56120816929134,16.70153140306281,8.827967114175369,8.924730476876006,8.738081847911113,8.909475958661442,0.000596783359094062,0.0005518872095466306,0.0007515755387956091,0.0005617125128478046,0.024429149782464025,0.023492279786062286,0.027414878055457573,0.023700474949836018,0.903689610198453,0.8767701682859185,0.9288722204231802,0.8911222495006113
Sandstone_67.jpg,Sandstone,502.16763041338584,903.3483786967574,813.2937992125984,1003.4756649513299,0.0859066779483324,0.05681418728709175,0.06500675237547211,0.05776905377295644,15.36804872047244,21.753363506727016,20.30597933070866,22.58323516647033,9.120511213056634,9.352545258523698,9.31830799997174,9.370816460027125,0.0001445748741106857,0.00010945064980216144,0.00011411595088815178,0.00010852232008884627,0.012023929229277995,0.010461866458818973,0.010682506769862201,0.010417404671454703,0.8713596440619636,0.7684658672243426,0.7916227632364355,0.7428237103037424
Sandstone_68.jpg,Sandstone,159.5310654527559,324.6650133300267,277.9207062007874,312.95926591853174,0.21818586178541283,0.17927427573362403,0.2177658118395136,0.17499757429463714,7.464013287401574,10.433752867505735,9.319943405511811,10.42755285510571,8.210381470757424,8.447976300408888,8.343417170171604,8.46366758474962,0.0005206587561612624,0.00040575696502623715,0.0004704085335905047,0.00039137650350444834,0.022817948114615003,0.02014340996520294,0.021688903466761632,0.01978323794287599,0.9454784069540851,0.8893202630343805,0.9051849165598516,0.893306584761465
Sandstone_69.jpg,Sandstone,1703.9664124015749,1707.3852067704136,1676.0252829724413,1836.6149792299582,0.029737419315443405,0.030730491403314585,0.030446031474540565,0.027461113755779584,32.975024606299215,32.876185752371505,32.56772883858268,34.319982639965275,9.358645184872229,9.360671492122865,9.35791165487019,9.369699354239643,0.00010355806844426188,0.00010366348465352398,0.00010385323505022012,0.00010257755030979089,0.010176348482843042,0.010181526636684892,0.0101908407430506,0.010128057578321269,0.2179429445548566,0.21598058685960567,0.22977400292013542,0.156468664637021
Sandstone_70.jpg,Sandstone,806.062438484252,940.8236716473434,1052.0923351377953,1211.5824911649825,0.08792181772486185,0.07530248955844661,0.0727417012390255,0.06822775271463945,19.07904773622047,21.08506417012834,22.470656988188978,24.395188790377585,9.100270548675827,9.16677715028987,9.211659110699516,9.253521845639476,0.00015510626724378446,0.00014200946003727213,0.00013521847112053597,0.00012740412361598487,0.01245416666195633,0.011916772215548644,0.0116283477382015,0.01128734351457352,0.7301403105826714,0.685713120154803,0.6493506575302931,0.5952621115820246
Sandstone_71.jpg,Sandstone,657.5401697834648,653.1315022630046,579.2123523622047,838.4688449376899,0.05392123251627215,0.051742261215823655,0.052892628011061295,0.046073354998025694,19.685346948818903,19.733771467542937,18.765378937007874,22.250852501705005,9.066788125998116,9.072236196268992,9.043355542356878,9.137674079676284,0.0001427527879469822,0.00014125987703894312,0.0001450251923941348,0.00013240326561253285,0.01194791981672886,0.011885279846892253,0.01204264059059037,0.011506661792741318,0.6627086151860099,0.6654826150570241,0.7037708051997587,0.5705656183333733
Sandstone_72.jpg,Sandstone,166.11884842519683,291.40603881207767,280.29263041338584,356.5538471076942,0.2914550377836535,0.1708436934265433,0.17792217353974024,0.16898444338392274,6.772760826771654,9.931427862855728,9.698142224409448,10.839419678839356,8.256268627945177,8.691542868460552,8.660426156397229,8.711519441797584,0.0005614636473413572,0.00027933883135420804,0.0002951495771155605,0.00028328855715309534,0.023695224146256924,0.016713432662209402,0.01717991784367901,0.016831178127305745,0.9676193013556292,0.9430872117817244,0.9452169640310346,0.9303610567846894
Sandstone_73.jpg,Sandstone,506.84092027559063,1000.3121706243413,784.0727116141732,980.6209312418626,0.1212383846689617,0.07646060021698069,0.0873848925989933,0.08120100037676958,13.773868110236222,21.221464442928887,18.894438976377955,20.935147870295744,9.140094516335381,9.439040759399376,9.364359930578381,9.421975846951417,0.00016188185452542785,0.00011133998335948808,0.0001258904495348053,0.0001172059508233345,0.012723280022283085,0.010551776312995271,0.011220091333621366,0.010826169720789274,0.9408402378603915,0.8833933763844991,0.9084185798791504,0.8856919779782227
Sandstone_74.jpg,Sandstone,298.9741018700787,435.12889825779655,305.12290846456693,277.4529109058218,0.2700484931664934,0.23083267836782342,0.25753222645023865,0.2540503780959855,9.718688484251969,11.923119846239693,9.888779527559056,9.478330956661914,8.004838695855351,8.192792283431144,8.060902466086416,8.048228325829118,0.004089204101259767,0.0030224378137391644,0.003535312612617413,0.003253092190355749,0.0639468850004421,0.05497670246330862,0.059458494873461214,0.05703588511065423,0.9141089961592586,0.8748578482051126,0.9123154846301826,0.9202007702866235
Sandstone_75.jpg,Sandstone,304.99034202755905,347.3258726517453,259.9626599409449,314.1951763903528,0.0985589466605871,0.08972966480586571,0.11371639084170172,0.10047811394005048,12.427349901574802,13.485956971913945,11.324126476377954,12.523653047306095,8.699245885401739,8.75306794341023,8.615309206167074,8.677519325093527,0.0002392514550654101,0.00022194383777446335,0.00027045018689646753,0.00024560567442171523,0.015467755333771288,0.014897779625651043,0.016445369770742995,0.01567181145948723,0.8547701333671966,0.8329395135140572,0.8746075951208939,0.8488896297468406
Sandstone_76.jpg,Sandstone,666.2375123031495,861.8285076570154,495.3912401574803,721.023002046004,0.09876342570598354,0.07797942757201942,0.10826501075968617,0.08899177236699964,17.037955216535433,20.118668237336475,14.624261811023622,18.091636183272364,8.894196608802085,9.022539887556833,8.797368709323216,8.943411443942574,0.00019969156149249797,0.0001696171784680354,0.00022135792562600747,0.00018567170868609198,0.01413122646809179,0.013023716000744005,0.01487810221856294,0.013626140637983009,0.7606535018444978,0.690529290869189,0.8218153864186193,0.7410659939983301
Sandstone_77.jpg,Sandstone,308.9365772637795,437.6675553351107,314.53666338582684,355.9704259408519,0.08042854265293739,0.06610908757223107,0.07588191550135046,0.07468312437598773,13.263841043307085,15.935395870791744,13.428395669291342,14.20912641825284,8.596941981415718,8.722753745220507,8.612422160977163,8.647729047488516,0.00025516774666361835,0.00021985077140220622,0.00024871192320509645,0.0002383750814993725,0.015973970910941913,0.014827365625835434,0.015770603133840395,0.015439400295975634,0.7840337534520111,0.6933348534890024,0.7798591984421476,0.7505823792476884
Sandstone_78.jpg,Sandstone,373.19266732283467,811.3932047864095,733.216350885827,778.0991381982763,0.14056388470771486,0.09161288214694174,0.09848240193334551,0.09577556289174559,12.40834153543307,19.19282038564077,18.198634350393704,18.855539711079423,8.761839375690517,9.050845620811081,9.016573123651401,9.042014071454945,0.000293053137375806,0.00020627370909401122,0.00022369087706925421,0.00021051942407685409,0.017118794857577037,0.014362232037326622,0.014956298909464675,0.014509287510999776,0.892137244210286,0.7666258344115914,0.7905629384876799,0.7761900740754837
Sandstone_79.jpg,Sandstone,878.3583907480316,1905.54758509517,2269.477854330709,2679.1434062868125,0.07605138539380644,0.05746636990094773,0.04802548047460012,0.039581834818581865,21.460999015748037,30.58211916423832,34.20004921259842,38.49823299646599,9.368124373281098,9.522989174080216,9.58151510575416,9.636375025223733,0.000114501937988251,9.477612110410528e-05,8.92727615533356e-05,8.120866883435046e-05,0.010700557835377135,0.009735302825495737,0.009448426406197787,0.009011585256454631,0.7816551896801532,0.5280484297499441,0.43821686233787294,0.3364445162964858
Sandstone_80.jpg,Sandstone,284.2399114173229,409.37125674251354,230.0864296259843,280.77971355942714,0.1439466337188734,0.11854495354477879,0.171281445918798,0.150731671185796,10.281126968503939,12.839047678095358,9.373093011811026,10.063240126480254,8.647440852999553,8.826146051578153,8.587220303543313,8.602034231164104,0.0002603218097061195,0.00021551856607340226,0.00029385727716767945,0.00027596186384635157,0.0161344913060846,0.014680550605253273,0.017142265811953782,0.01661209992283792,0.9319012689979412,0.9008251091222563,0.9443384689215419,0.9319775074711117
Sandstone_81.jpg,Sandstone,687.023375984252,847.1956723913449,771.9273499015746,879.6387252774506,0.4055463963405365,0.39153493304836967,0.400492012410598,0.3909272704203447,14.242495078740157,15.598301196602394,15.249323326771652,16.118482236964475,6.309315155025965,6.405506624036033,6.342645055192381,6.420966876976283,0.11331661133781254,0.1060742262224806,0.11219616457787604,0.10643880417279095,0.3366253278317194,0.32569038398835265,0.3349569592916022,0.32624960409599113,0.8650849969692782,0.8334864911661798,0.8484016631275769,0.8271099163684144
Sandstone_82.jpg,Sandstone,527.8606668307086,719.9495318990637,633.5722194881889,775.5687271374544,0.15644574690850005,0.09316633439616955,0.09599642146704951,0.0869404675798259,14.408156988188978,17.794655589311176,16.537032480314963,18.563209126418254,9.064179237973622,9.268952660249642,9.223937781087413,9.296065217840649,0.00017070090292524334,0.0001240540642157606,0.00013017793369571112,0.0001183745314976525,0.013065255562951815,0.011137956016063297,0.011409554491552731,0.01088000604308897,0.9079085088352662,0.8743481072739001,0.8895857586675439,0.864644324214109
Sandstone_83.jpg,Sandstone,870.0967642716536,1082.59160518321,823.4739173228348,861.0026040052081,0.05032962487408048,0.04343275724465938,0.05042741904683568,0.048235591509550105,22.332123523622045,25.145886291772584,21.690821850393707,22.252898505797013,9.313813455886441,9.379878588586728,9.291358090025932,9.303580590367243,0.0001091359604594209,0.00010209897039547315,0.00011283311140841037,0.00011060385441497525,0.010446815804800088,0.01010440351507565,0.010622293133236833,0.010516836711434444,0.7229464474692624,0.6551520740508899,0.7394699366821211,0.7257742020869606
Sandstone_84.jpg,Sandstone,839.5632381889764,2613.0732841465683,2458.964320866142,2619.9624279248555,0.09479080710597569,0.05009717944380135,0.05637918928311786,0.05113715153879118,19.015132874015748,37.342116684233375,35.64443897637795,37.51391902783805,8.918868754797977,9.272749362829224,9.247800832994386,9.27600571890465,0.0002162189993325299,0.0001416827187303082,0.00015310821637268274,0.0001411868407467982,0.014704387077757777,0.011903055016688287,0.01237369049122705,0.011882206897155015,0.7675998401074062,0.2772396351281627,0.3200203753019522,0.27546951103917877
Sandstone_85.jpg,Sandstone,204.2813115157481,202.88740777481553,72.37955216535434,206.97185194370388,0.12305611545622287,0.1257444883122207,0.15054641304231225,0.12388468489423278,9.111158956692915,9.03757207514415,6.433932086614172,9.178312356624714,8.212106387511396,8.209874455517308,7.978385456767471,8.222595710637604,0.00037560707445633663,0.00037708637634399693,0.0004553682813420314,0.0003730463161837726,0.019380584987464557,0.019418712015579122,0.021339359909379463,0.019314406959152864,0.8570362033562602,0.8580262911299613,0.9494852520880942,0.8551744413865912
Sandstone_86.jpg,Sandstone,110.75639763779526,124.56258912517825,96.66738435039369,129.98282596565193,0.14290835919010111,0.13813240948373653,0.1411148258800901,0.1354401151915716,7.452878937007873,7.915803831607664,7.2890625,8.095914191828383,8.080701404426907,8.121504152789562,8.07904778624983,8.139844124298065,0.00043506422462063674,0.00042035461341677225,0.00043574916251395003,0.0004133796475169366,0.020858193225220558,0.020502551387980284,0.020874605685232715,0.02033173990382861,0.9700415532550625,0.9660887827878271,0.9736815678887017,0.9646160257186053
Sandstone_87.jpg,Sandstone,301.1507750984252,558.3623907247816,460.3446112204724,454.2690185380372,0.4632527637887571,0.33068054309104056,0.3325864995458052,0.2941954171706078,6.858821358267717,9.833405666811334,8.965059055118111,9.03992807985616,7.555341617659626,7.871886121530252,7.8017110160281105,7.897457626602639,0.001502876724015167,0.001048828063308058,0.001241728069393639,0.0009999629398477596,0.038766954020340146,0.032385615067620034,0.03523816211713714,0.03162219062379707,0.9441492907854949,0.8968225961859271,0.9149610040039866,0.9160551708649128
Sandstone_88.jpg,Sandstone,234.27288385826773,313.89478578957153,271.02682086614175,307.1260462520925,0.2659266359572155,0.16697146037873345,0.20927711082620543,0.1999324170824105,8.576648622047244,10.701655403310804,9.649975393700787,10.266352532705067,8.15181609389102,8.429573847289715,8.296392309702375,8.35270030688236,0.0006378682801310916,0.0003964140856547569,0.0005072684095563504,0.0004673592334350644,0.025256054326261882,0.019910150317231583,0.0225226199532015,0.021618492857622254,0.8855396992355855,0.8469242378969754,0.8681212536548838,0.8502275812834353
Sandstone_89.jpg,Sandstone,2340.2188730314965,3211.1100502200998,2258.777312992126,3537.668423336846,0.05128679681585843,0.036590932688265576,0.045171485018727114,0.0328788527718501,32.91904527559056,40.6284332568665,32.854945866141726,42.98803397606794,9.640488587491955,9.757004532201254,9.67381616933471,9.782181632320125,8.143192555916364e-05,6.929798719167155e-05,7.653707934368993e-05,6.669558878208832e-05,0.009023963960431338,0.008324541260133891,0.008748547270472392,0.008166736727854543,0.667210550615407,0.5433112803497204,0.6786938979825483,0.4968831725506575
Sandstone_90.jpg,Sandstone,963.6329970472441,1250.1906503813007,828.8540231299214,1068.5168330336662,0.23106069228420142,0.18525664713943643,0.21689952130518084,0.19371707599315374,18.217027559055115,21.558745117490233,17.436085137795278,19.7238514477029,8.722794772171964,8.876075073302964,8.758326674531794,8.842352859112246,0.0009726856001563565,0.0006454390117534649,0.0008093146679457423,0.0006507687390723533,0.031187907915670724,0.025405491763661355,0.028448456336781128,0.025510169326610776,0.861625355356871,0.8204533484421824,0.8809151347509283,0.8465493441648417
Sandstone_91.jpg,Sandstone,157.08126230314957,145.67766135532273,72.40674212598425,207.61572323144645,0.2330554179376921,0.19666159748000472,0.2563654354860303,0.2017117119069233,7.3815821850393695,7.931737863475727,5.362327755905512,8.3499286998574,8.387907354149426,8.44981974667252,8.182827043664265,8.480923557751769,0.000947456423721441,0.0008661623746460339,0.0009797525698567024,0.0006689413217626113,0.030780780102548425,0.029430636667357943,0.03130099950251912,0.02586389997201913,0.9749291577162733,0.976710961451199,0.988418721456115,0.9668106201152874
Sandstone_92.jpg,Sandstone,1050.2937376968505,1079.966085932172,993.8791215551181,993.6048112096224,0.046544234521933806,0.04535888394232745,0.048886149883616684,0.047188372157315764,24.142408956692915,24.43964287928576,23.54730561023622,23.603571207142416,8.750844747540585,8.75789643307536,8.746524498759904,8.744458973376048,0.0002133713984224844,0.00021061744646894343,0.00021457287787622444,0.00021537441549680051,0.01460723787793176,0.014512665036751294,0.014648306314254369,0.014675640207391313,0.19817067127514398,0.17359888793410208,0.2399861136809864,0.2396783220353087
Sandstone_93.jpg,Sandstone,251.15102116141736,164.60555521111039,219.31016240157487,412.1478082956166,0.15906870306625706,0.19996495266983688,0.18645125431654203,0.13511096202783401,9.248954232283467,7.034224068448136,8.699434055118113,12.198896397792792,8.575395429621675,8.342375634683448,8.463306656057549,8.761156519657465,0.00034070929958266176,0.0004059011156028387,0.0004966859298952974,0.0002935213260841301,0.018458312479277778,0.020146987755067472,0.022286451711640808,0.017132464098434004,0.9402785358276998,0.960703103349671,0.9478696936069044,0.9016065154550166
Sandstone_94.jpg,Sandstone,527.1484375,758.9022258044515,811.5792322834645,923.2603385206771,0.06305931499281181,0.05248942480943597,0.04901249056119522,0.044513879456364536,17.312438484251967,20.957777915555827,21.73277559055118,23.277822555645116,9.05071714729083,9.171117109735391,9.186974856699736,9.224737185398768,0.00014964000875267373,0.00013193429573665516,0.00013054310776590303,0.00012407712830801693,0.012232743304454391,0.011486265526125328,0.011425546278664449,0.011138991350567472,0.7990600542830334,0.7103492886914509,0.6901053845636905,0.6476254696337561
Sandstone_95.jpg,Sandstone,273.0984251968504,419.97916795833595,279.28395669291336,386.84109368218736,0.46002484062578025,0.444590901371947,0.4781172771404369,0.4209159849814496,6.984005905511813,9.339078678157358,7.415354330708661,8.30466860933722,6.470199998705596,6.55639008106324,6.390484858954545,6.591975870393427,0.030119031307398562,0.028230739144843656,0.03447558823828584,0.02667911194834107,0.17354835437824975,0.16802005578157525,0.1856760303277885,0.1633374174778733,0.9382044847219135,0.9050453346867529,0.9365785639081988,0.9125383695232379
Sandstone_96.jpg,Sandstone,401.19438976377955,414.9390538781077,393.7623031496063,439.3144646289292,0.06250215714237506,0.06025128788313898,0.06485138194724169,0.05890938478991707,15.732160433070867,15.959327918655834,15.572096456692911,16.44249488498977,8.63970434257832,8.643583223191552,8.629162385037922,8.667036813469508,0.00022501723470243814,0.0002243674894690603,0.0002270001488245164,0.0002173252533001438,0.015000574479080398,0.01497890147738012,0.015066524112233597,0.014741955545318396,0.6229342354403009,0.6091593970085478,0.6279482961047747,0.5861666255314232
Sandstone_97.jpg,Sandstone,138.42304379921262,185.26133052266104,104.70577017716535,188.75621551243106,0.22723351384417736,0.19016190148555953,0.22121732218861861,0.18538377945947687,6.49956938976378,7.777171554343108,5.961675688976379,7.984437968875939,7.598035026199183,7.758368650949465,7.592831600217998,7.777689245448069,0.0011844392585269546,0.0010250701262764044,0.001149742045577841,0.0010171783627093824,0.034415683322098295,0.032016716356872144,0.03390784637186268,0.03189323380764927,0.8930375340275631,0.8578016912024757,0.9199856569449852,0.8551187406874953
Sandstone_98.jpg,Sandstone,878.923474409449,1316.4533449066898,1120.9024360236222,1347.8259036518075,0.09202030074883646,0.07578617629866896,0.08613419422032537,0.07430261619176992,19.82468011811024,24.826585653171307,22.66080216535433,25.548763097526198,9.321584024051152,9.456815346693475,9.39503507019603,9.473221095145732,0.00012588855744117742,0.00010816098264349794,0.0001181650312519375,0.00010669449077753633,0.011220007016093056,0.010400047242368562,0.010870374016193623,0.01032930253102969,0.8827215695491363,0.8235645561534086,0.8496213901227866,0.8193438247621971
Sandstone_99.jpg,Sandstone,564.0118110236222,459.04873209746427,263.94457431102364,789.448508897018,0.2225312661218173,0.20377441959378434,0.27288894948724324,0.19309577408525605,12.884104330708663,12.133114266228532,8.38859498031496,15.60660921321843,8.540809114328434,8.562909104236173,8.218783837475485,8.663017773714948,0.0012141754019836168,0.001012096574382249,0.0015000934542884709,0.0010095518362033067,0.034845019758691725,0.03181346529981054,0.03873103993295908,0.03177344545691113,0.9037416498070685,0.9216021269916631,0.9550137975355495,0.8651789088745653
Sandstone_100.jpg,Sandstone,498.984128937008,529.0244900489802,349.355499507874,732.8780457560915,0.2670357730412439,0.24107027480468565,0.31845644616568325,0.23183722601157675,10.207677165354333,11.290222580445162,9.299274114173228,13.662843325686651,8.09300043934251,8.210002561614935,7.9478305149474195,8.263293688030034,0.0016757478583316547,0.0014230218180815801,0.0026124269167483644,0.0014478849095338469,0.04093589938344649,0.03772296141717376,0.05111190582191555,0.038051082895679156,0.9417191788119095,0.9382090414469413,0.9593310162621825,0.9143980487621042
Sandstone_101.jpg,Sandstone,197.48462106299212,259.04836009672016,148.98252952755908,276.004092008184,0.27958937659841143,0.1922502738268943,0.22224924953068986,0.1933451869511581,6.495693897637796,8.608903217806434,7.131397637795278,8.844193688387374,7.945483239284189,8.254126911232017,8.121221709750644,8.269228243031629,0.0006797535567727384,0.0004497017488051962,0.0005442512716080122,0.00045023798895015466,0.026072083859422102,0.02120617242232073,0.02332919354817076,0.02121881214748259,0.975578268601646,0.9679127174577986,0.9815603417147689,0.9658110924906813
Sandstone_102.jpg,Sandstone,609.3318774606298,649.0777481554964,426.10999015748035,674.9817099634199,0.25510508177844604,0.1960027457977791,0.20570569584853482,0.18074590650655853,14.0390625,14.876743753487508,12.479576771653544,15.25265050530101,8.550551654599673,8.725395447012634,8.65312063608893,8.778205068156142,0.000970712146502418,0.0006082596950363473,0.0006440119081410037,0.0005212215768842227,0.031156253730229153,0.02466292146191013,0.02537738970306055,0.022830277634847605,0.9449301639787685,0.941091061992779,0.9612701943472297,0.9387390883580522
