Filename,Label,Contrast0,Contrast45,Contrast90,Contrast135,Homogeneity0,Homogeneity45,Homogeneity90,Homogeneity135,Dissimilarity0,Dissimilarity45,Dissimilarity90,Dissimilarity135,Entropy0,Entropy45,Entropy90,Entropy135,ASM0,ASM45,ASM90,ASM135,Energy0,Energy45,Energy90,Energy135,Correlation0,Correlation45,Correlation90,Correlation135
88.jpg,Limestone,2777.012195121951,3875.6880733944954,3041.8327121559637,4404.40366972477,0.9572938179324892,0.9403978704918878,0.9532212851450811,0.9322670367280046,10.890243902439025,15.198776758409785,11.928755733944955,17.27217125382263,0.7883550486472719,0.8343448142711871,0.8009704549724359,0.8554209236617304,0.534666141082881,0.5211584010573994,0.5304944127462792,0.5140628145681896,0.7312086850433883,0.7219130148829562,0.7283504738422837,0.7169817393547687,0.8993833222641838,0.8590248245440743,0.8899085869704353,0.8397932010110527
97.jpg,Limestone,1410.2743902439024,1687.5229357798166,1120.1028526376147,1873.1192660550457,0.9783121460609001,0.9740484892845966,0.9827745386055176,0.9711943028011096,5.530487804878049,6.617737003058104,4.392560206422019,7.345565749235473,0.7439143352371882,0.7602160341811954,0.7264673036622535,0.7702448316375585,0.5304162000909822,0.5256908276501596,0.5348927532352623,0.5229928893627236,0.7282967802283504,0.7250453969581212,0.7313636258628551,0.7231824730748966,0.9516283840479547,0.9422046062598081,0.9615650102405797,0.9358481812551106
99.jpg,Limestone,5526.036585365853,7127.522935779816,5106.488317087156,7533.02752293578,0.9150180453147072,0.8903896451299509,0.9214700532542806,0.8841536074349372,21.67073170731707,27.951070336391435,20.025444380733944,29.541284403669728,0.9835647103353998,1.0383880572986866,0.9679838401961907,1.0512516718105342,0.42256559934048155,0.4028145524410592,0.4279405353975207,0.3979844188633988,0.6500504590725873,0.6346767306598369,0.6541716406246305,0.6308600628216996,0.8299223459619784,0.7805952199856476,0.8428419669231968,0.7681126723261877
80.jpg,Limestone,1391.6158536585365,2096.146788990826,1224.1900802752293,1926.1467889908258,0.9785990856940526,0.967764482068852,0.9811738369225351,0.9703788209486848,5.4573170731707314,8.220183486238533,4.800745412844037,7.553516819571866,0.35120202919759363,0.3743442836334961,0.34513871584677785,0.3673502504009824,0.8430354805077716,0.83763327337878,0.8441480196669817,0.8400859331218963,0.9181696360192769,0.9152230730148689,0.9187752824640972,0.9165620181536525,0.8426625454279798,0.7542422447723331,0.8629607099807944,0.7741734912900532
20.jpg,Limestone,1903.1707317073171,2738.7155963302753,1764.8222477064219,2835.412844036697,0.9707321574184585,0.9578827607982918,0.9728597445989847,0.9563957056556347,7.463414634146342,10.74006116207951,6.920871559633027,11.119266055045872,0.4956648941963896,0.5264249428013932,0.4906381342034799,0.5303169557919305,0.7532868690278599,0.7453872211748953,0.7541654494910905,0.744027619731316,0.8679210039098374,0.8633581071460992,0.8684269972145561,0.8625703563949528,0.8659271853922894,0.8034343531297499,0.8763131217212293,0.7964941081946955
21.jpeg,Limestone,2666.6158536585367,3741.559633027523,2485.6651376146788,3679.1743119266057,0.9589915440953074,0.9424605598833156,0.9617742881675841,0.943419950297933,10.457317073170731,14.672782874617738,9.747706422018348,14.428134556574923,0.5648351997611925,0.6016992857195717,0.5584994198430335,0.599428632704507,0.7163997219071693,0.7052624972085575,0.7179081008192352,0.7061124138651953,0.846403994500953,0.8397990814525564,0.8472945773573882,0.8403049528981698,0.8321177650154219,0.7607551140984583,0.8441821603464444,0.7647441909788509
66.jpg,Limestone,2550.0,3610.550458715596,2350.5070957568805,3231.559633027523,0.9607849168025098,0.9444752797540124,0.9638528112484717,0.9503035765228136,10.0,14.159021406727827,9.2176748853211,12.672782874617738,0.8545838334613387,0.9038007613628364,0.8445832180979465,0.8869727180029707,0.46616654127445156,0.4511611267285196,0.4690723845684659,0.4563762342145495,0.6827638986314754,0.6716852884562231,0.6848885928152592,0.675556240600699,0.9209609184794685,0.8881426710002196,0.9271341944482491,0.8998840666576481
27.jpg,Limestone,1519.1158536585365,2291.1009174311926,1401.2937213302753,2284.8623853211016,0.976638331534178,0.9647663870231724,0.9784502549544756,0.9648623260646343,5.9573170731707314,8.984709480122325,5.4952694954128445,8.960244648318044,0.554278706832269,0.5877723726235594,0.5491981420314018,0.5874865051023397,0.6994378626396611,0.6916726210789067,0.7002137094090326,0.6917618100343178,0.8363240177345508,0.8316685764647518,0.8367877325875617,0.83172219522766,0.9158870455126024,0.8715650673886151,0.922676610989445,0.8719147881036904
67.jpg,Limestone,2637.0731707317077,3197.2477064220184,1736.8585149082567,3412.477064220184,0.9594458651811321,0.9508312412508532,0.9732897838570994,0.9475213443204228,10.341463414634147,12.53822629969419,6.81120986238532,13.382262996941897,0.5899887508540741,0.6084772944325105,0.5495419664633802,0.6169122493100592,0.696921021601768,0.6926351486147665,0.7088386110326602,0.6896616535956017,0.8348179571629781,0.8322470478258043,0.8419255377007282,0.8304587007164184,0.8464817122395315,0.8113312877260995,0.8992676050072962,0.7986306622169294
25.jpg,Limestone,1346.5243902439024,2082.1100917431195,1183.7980217889908,2088.3486238532114,0.9792925231408374,0.967980344912141,0.9817950047398118,0.9678844058706793,5.280487804878049,8.1651376146789,4.642345183486238,8.189602446483182,0.7772049212247181,0.8183912601185717,0.7673053093038997,0.818716508684781,0.4960046257891475,0.4848396078259506,0.49853721826780584,0.48474982057265886,0.7042759585483147,0.6963042494671066,0.7060716806867458,0.6962397723289433,0.9571902137921335,0.933865289397726,0.962353822062221,0.9336671329614644
32.jpg,Limestone,670.1524390243902,1126.0550458715597,534.4180045871559,1112.0183486238534,0.9896940848426108,0.9826830030161542,0.9917814719560305,0.9828988658594431,2.6280487804878048,4.415902140672783,2.095756880733945,4.3608562691131505,0.17608503200772185,0.1857862863862533,0.17183401914955693,0.18520209240132465,0.9339228419902563,0.9327214792595815,0.9343984067132892,0.9329299155983984,0.9663968346338145,0.9657750665965557,0.9666428537537994,0.9658829719994024,0.8155588452116133,0.6554542623546441,0.8569436895928726,0.6597491538211374
63.jpg,Limestone,3243.4756097560976,4290.5504587155965,2801.033901949541,4296.7889908256875,0.9501203271036802,0.9340179242346816,0.9569244009788462,0.9339219851932199,12.71951219512195,16.825688073394495,10.984446674311926,16.850152905198776,0.8326650843388537,0.8773222562032803,0.812329855292081,0.8775701066501882,0.5071713074365531,0.4922599593217127,0.5135334247030119,0.4921766889130287,0.7121596081192426,0.7016123996350925,0.7166124647974049,0.7015530549523883,0.8880189181639511,0.8520925685960351,0.9032528686201522,0.8518775087175852
87.jpg,Limestone,1937.3780487804877,2765.229357798165,1839.3922018348624,2902.477064220184,0.9702061014243459,0.9574750198720794,0.9717129732440122,0.9553643609599209,7.597560975609755,10.844036697247706,7.213302752293578,11.382262996941897,0.7044223195177264,0.7420046853727088,0.7000245039686306,0.74821474815088,0.5850730662667838,0.575429940254815,0.5858865277760426,0.5735032208794714,0.7649006904603916,0.7585709856399828,0.7654322489783421,0.7572999543638381,0.922816602495452,0.8892137090258102,0.9268351124773954,0.883715009868603
58.jpg,Limestone,3428.506097560976,4781.834862385321,3313.702336582569,4692.935779816514,0.9472748424082524,0.9264627247195688,0.9490403479134104,0.9278298560603986,13.445121951219512,18.75229357798165,12.994911123853212,18.40366972477064,0.8064712523330859,0.858369645617081,0.8020915245343412,0.8550468704560051,0.5353517932058804,0.518961354879205,0.5364330294495026,0.5201292999383735,0.7316773832816486,0.7203897243015096,0.7324158855797044,0.7211999028968137,0.8728582582118272,0.8219012904912402,0.8772639544623269,0.8252123232511878
49.jpg,Limestone,3733.262195121951,5549.174311926606,3680.3379443807344,4892.56880733945,0.9425881617334304,0.9146622226197736,0.9434020554181293,0.9247598067336227,14.640243902439025,21.761467889908257,14.432697821100918,19.18654434250765,0.8474864741283861,0.9155586512232634,0.8457084648539286,0.8917256324660849,0.5061333120515357,0.4836320307097673,0.5064528899373907,0.4921082706739451,0.7114304688805053,0.6954365756197809,0.711655035770415,0.7015042912726515,0.8694424178954924,0.8053004254927476,0.8714106697926688,0.8283382334937461
53.jpg,Limestone,2627.7439024390246,3626.146788990826,2316.3292001146788,3523.211009174312,0.9595893349977082,0.9442354321503579,0.9643784147861674,0.9458184263344768,10.304878048780488,14.220183486238533,9.083643922018348,13.81651376146789,0.7955524791015058,0.8386722222087091,0.7808715087195455,0.8342921805537314,0.5238604872376683,0.511457144169104,0.5278740073683165,0.5128661132418462,0.7237820716470312,0.7151623201547352,0.7265493839845413,0.7161467120931619,0.9076020520874104,0.8720645530213479,0.9186287193818163,0.8756962689355805
100.jpeg,Limestone,3083.3231707317077,4187.614678899083,2690.7325114678897,4133.027522935779,0.9525832256215714,0.9356009184188003,0.9586206669414098,0.9364403850315908,12.091463414634148,16.422018348623855,10.551892201834862,16.207951070336392,0.5262639804540796,0.5587746327110534,0.5125451974426257,0.5570052441706239,0.7501147290167307,0.739201855741687,0.7544483931528895,0.7399339149069186,0.8660916400801538,0.8597684896189712,0.8685898877795489,0.8601941146665203,0.7683744296347701,0.6788754137168608,0.799013125743558,0.6830613952885218
41.jpg,Limestone,1054.2073170731708,1692.2018348623853,910.3748566513761,1670.3669724770643,0.9837879107268912,0.9739765350035003,0.9859998330413777,0.9743123216486166,4.134146341463414,6.636085626911314,3.57009747706422,6.5504587155963305,0.5590519175373652,0.5903404466926709,0.5514400075921977,0.5892139868253286,0.6813031736180726,0.6750456663981121,0.6825697496744518,0.6753640937617778,0.8254109119814643,0.8216116274725621,0.826177795437793,0.8218053867928694,0.9464492759801679,0.9131402018753689,0.9538893643720533,0.914260973464074
34.jpg,Limestone,3352.3170731707314,4716.3302752293575,3462.8422448394494,4733.48623853211,0.9484465125769579,0.9274700846549171,0.9467468052034655,0.9272062522908974,13.146341463414634,18.495412844036696,13.579773509174313,18.56269113149847,0.827745353053056,0.8839788375531553,0.8323175622170527,0.8846299149756154,0.514463732145761,0.49539073390975374,0.513139480838976,0.4951652397531879,0.7172612718847722,0.7038399916953808,0.7163375467187072,0.7036797849541991,0.8819295067943795,0.8341537500112896,0.8779816027883653,0.8335504733082884
82.jpg,Limestone,1352.7439024390242,2002.5688073394497,1203.99405103211,2102.3853211009177,0.9791968765964534,0.9692035676907783,0.9814844208311736,0.9676685430273902,5.304878048780488,7.853211009174312,4.721545298165138,8.244648318042813,0.38141425584587385,0.40417338355259624,0.3758386268590994,0.40839075730830793,0.8226795693140492,0.8178486336492601,0.8235759056032874,0.8164104912266861,0.9070168517255064,0.9043498402992396,0.9075108294688761,0.9035543653962865,0.8674515850041202,0.7977917431166671,0.8829969100138377,0.787712826885722
96.jpg,Limestone,4603.993902439024,6335.229357798165,4158.82848337156,6029.54128440367,0.9291976455196533,0.9025739033955931,0.9360436058903889,0.9072749164272188,18.054878048780488,24.844036697247706,16.30913130733945,23.64525993883792,0.9339737848245852,0.9976816778906807,0.9159630991026031,0.9871667422493123,0.4479673684628229,0.42540235293369777,0.4540101142221671,0.4292095075904532,0.6693036444416114,0.6522287581314533,0.6738027264876324,0.655140830349058,0.8543865043652753,0.7998044696934569,0.8684337697724558,0.8094643229529552
79.jpg,Limestone,831.8597560975611,1366.2385321100917,691.3256163990826,1288.2568807339449,0.9872072746886238,0.9789893499198767,0.9893684738966094,0.9801885879381487,3.26219512195122,5.3577981651376145,2.7110808486238533,5.051987767584098,0.21804188191700735,0.2321539365953162,0.21346065855240154,0.2288928961487819,0.9138019408519262,0.9113113102112703,0.9143860764004876,0.9124616097976082,0.9559298828114572,0.9546262672958828,0.9562353666333868,0.955228564165461,0.8261094003146355,0.6915556831282771,0.8584239719421042,0.7091609523561152
11.jpg,Limestone,1411.829268292683,1988.532110091743,1345.3662557339449,1824.7706422018348,0.9782882344248043,0.9694194305340673,0.979310333470705,0.9719378303724382,5.536585365853659,7.798165137614679,5.275946100917431,7.155963302752293,0.39178459452718073,0.4190553380973213,0.38830607859743616,0.4118287748937507,0.8168167762433384,0.8079648352146512,0.8179212628572647,0.8103355833756162,0.9037791634261869,0.8988686418018215,0.9043899948900721,0.9001864159026264,0.8659271397449622,0.8116807262354742,0.8721394741330738,0.8271893723101998
61.jpg,Limestone,1455.3658536585365,2043.1192660550462,1200.8869696100921,2192.8440366972477,0.9776187086141154,0.9685799639212769,0.9815322029709641,0.966277426926195,5.7073170731707314,8.012232415902142,4.709360665137615,8.599388379204893,0.39584155661407955,0.415705893424842,0.3849448429142929,0.42200981471171145,0.8148803201921377,0.8109126854032636,0.81735007907326,0.8087601108791234,0.9027072173147491,0.900506904694941,0.904074155737935,0.8993109089069938,0.8628903750253605,0.8019557622580694,0.8877476635290453,0.787442596744157
35.jpg,Limestone,2532.896341463415,3562.2018348623856,2333.41814793578,3701.0091743119265,0.961047944799566,0.9452188073253408,0.9641156130173195,0.9430841636528169,9.932926829268293,13.96941896024465,9.150659403669724,14.513761467889907,0.586360024439337,0.6235802990861744,0.5787714262642518,0.628798001960015,0.697706518348203,0.6869095276417019,0.6995513901460205,0.6850132918310201,0.8352882845749742,0.8288000528726467,0.8363918879006542,0.8276552977121696,0.8529301205578924,0.7903557530953208,0.8650188080334708,0.7821866033691751
17.jpg,Limestone,5210.3963414634145,6709.54128440367,4481.964951261468,6893.577981651376,0.9198721074422014,0.8968175609078881,0.931074263352175,0.8939873591847665,20.43292682926829,26.31192660550459,17.576333142201836,27.033639143730888,0.9716918102982884,1.0247157184484172,0.9434391189674184,1.0307912854435284,0.4267881816150426,0.40787059121743513,0.43634733575678,0.40563242845560954,0.6532902736265424,0.6386474702192401,0.6605659208260596,0.6368927919639298,0.8395824140542612,0.7934635491431864,0.8620019975870746,0.7877984396124789
84.jpg,Limestone,1760.1219512195123,2289.54128440367,1399.740180619266,2543.761467889908,0.9729320279392932,0.9647903717835378,0.9784741460243708,0.9608808558439716,6.902439024390244,8.978593272171254,5.489177178899082,9.975535168195718,0.49665860914949966,0.515585420462002,0.48007087180210206,0.5265004815345624,0.7496308931768109,0.7459701767419041,0.7537912048180591,0.7423511991372689,0.8658122736348861,0.863695650528532,0.868211497745831,0.8615980496364118,0.8791770049422543,0.8399969819210565,0.9043901011939814,0.8222309792324546
85.jpg,Limestone,5339.451219512195,7363.02752293578,5224.557411123853,7506.51376146789,0.9178874416462308,0.8867679463147697,0.9196543319422408,0.8845613483611495,20.9390243902439,28.87461773700306,20.488460435779817,29.43730886850153,0.9509456799543599,1.0183898112561665,0.9469629932546904,1.0228359089694234,0.4483608421439519,0.4241384115548666,0.4496130486167187,0.42243637949687957,0.6695975225043413,0.6512590970995081,0.6705319146891657,0.649951059308991,0.827589050028432,0.7618385321443397,0.8313795732412782,0.757197385132537
94.jpg,Limestone,4006.9207317073174,5101.559633027523,3080.6712299311926,5124.954128440367,0.9383797137805291,0.9215458488446541,0.9526240083976996,0.9211860774391726,15.713414634146341,20.00611620795107,12.08106364678899,20.097859327217126,0.7786885164855132,0.8163768500082188,0.7412130029790855,0.8171952783305021,0.5717970285418527,0.5596814698038862,0.5838288668926015,0.5593782751617905,0.7561726182174627,0.7481186201424787,0.764086949824823,0.7479159546110716,0.8336265064775492,0.7868167615030985,0.8723133566660749,0.7858391557013702
19.jpg,Limestone,2050.8841463414633,2874.4036697247707,1618.7894208715597,2716.880733944954,0.9684605519893357,0.9557960866464988,0.9751055051691391,0.958218547443408,8.042682926829269,11.272171253822629,6.34819380733945,10.654434250764526,0.6450345079116402,0.6797089339311277,0.6239233006226181,0.6727665311475006,0.639537933117748,0.6306681378322558,0.645014691144814,0.6328823332987407,0.7997111560543269,0.7941461690597367,0.8031280664656254,0.7955390206009638,0.9044003719406885,0.8648513653474342,0.9247229788462837,0.872257774517217
45.jpg,Limestone,1778.780487804878,2433.02752293578,1583.0579845183486,2242.7522935779816,0.9726450883061409,0.9625837738299177,0.9756549997767302,0.965509914594501,6.975609756097561,9.541284403669724,6.208070527522936,8.795107033639143,0.37001445740649613,0.397339333431296,0.36110101731572064,0.389935947119591,0.8366579789816802,0.8268634909928431,0.8396205594759067,0.8295792622964839,0.9146900999692082,0.909320345638897,0.9163081138328454,0.9108124188308392,0.7999390660292058,0.7271231274052592,0.8218110855253619,0.7484634982107454
81.jpg,Limestone,5149.756097560976,7453.48623853211,5173.290567660551,7138.440366972477,0.9208046612499465,0.8853768302135745,0.9204427372487842,0.8902217518073928,20.195121951219512,29.22935779816514,20.287413990825687,27.993883792048926,0.9451779067955787,1.0225249755615884,0.9462997507580013,1.0126513161616857,0.4496803476263305,0.42191411492171127,0.44915465820559086,0.4256718703085505,0.6705820961122736,0.6495491628211919,0.6701900164920326,0.6524353380286436,0.8341069238188142,0.7594943894634101,0.8334259777137202,0.7696601424092966
60.jpg,Limestone,4000.701219512195,5346.422018348624,3837.245556192661,5401.0091743119265,0.9384753603249132,0.9177802414672804,0.9409890573587079,0.9169407748544901,15.689024390243901,20.966360856269112,15.048021788990827,21.180428134556575,0.7866591085037764,0.8371342109230351,0.7799093704434289,0.8390111837754042,0.5649747986234187,0.5464909894379606,0.5674006340418495,0.5457902603713635,0.751648055025368,0.7392502887642051,0.75326000427598,0.7387761909884234,0.8369254444676653,0.7825118472981638,0.8434989164592069,0.7802912856457239
40.jpg,Limestone,1100.8536585365853,1824.7706422018348,1036.2116542431193,1768.6238532110092,0.9830705616440103,0.9719378303724381,0.9840646563798616,0.972801281745594,4.317073170731708,7.155963302752293,4.063575114678899,6.935779816513762,0.6761923635383209,0.7148541868329619,0.6728341949258986,0.7118814734827237,0.5808335606174443,0.5721577176926345,0.5812483290948864,0.5729734657874234,0.762124373457144,0.7564110771879498,0.7623964382753151,0.7569501078587831,0.9579410772497943,0.929942836461871,0.9604644660023085,0.9320984414938135
7.jpeg,Limestone,883.170731707317,1406.7889908256884,674.2366685779817,1347.5229357798166,0.9864181906974545,0.9783657461503754,0.9896312756654572,0.979277167044262,3.4634146341463414,5.516819571865445,2.644065366972477,5.284403669724771,0.34661095045165213,0.3666536089725595,0.3364009006541885,0.36377364214524477,0.8363999732062051,0.8333440459575615,0.8382162853941232,0.8342168745465957,0.9145490545652568,0.9128767967023598,0.9155415257617336,0.9133547364231467,0.9095752734059906,0.851297873503365,0.9315686156928077,0.8575624863712942
52.jpg,Limestone,2736.5853658536585,4172.018348623854,2875.6038560779816,4123.669724770642,0.957915520470986,0.9358407660224548,0.9557776296238738,0.9365842935937834,10.73170731707317,16.36085626911315,11.276877866972477,16.171253822629968,0.8304995379138795,0.8922123194521421,0.8373487594830349,0.89024699228512,0.4948219807921768,0.47612531347671827,0.49258072865066277,0.47677399407941823,0.7034358398547638,0.6900183428552594,0.7018409568062146,0.6904882287768693,0.9094678827058137,0.8616732803667206,0.9049277224365957,0.8632763189867698
22.jpg,Limestone,3912.0731707317077,5216.972477064221,3122.6168291284403,4930.0,0.939838323582387,0.9197709765776116,0.9519789495105275,0.9241841724848523,15.341463414634147,20.458715596330276,12.245556192660551,19.333333333333332,0.916677436761179,0.9687652579615268,0.8818901437126783,0.957883863567391,0.447102643048331,0.42961742162025396,0.45799749042415494,0.4333420077177622,0.6686573435238194,0.6554520742359841,0.6767551185060626,0.6582871772393583,0.8787910120691795,0.8384373748643762,0.9032378299161102,0.8473245267402968
30.jpg,Limestone,1441.3719512195123,2132.018348623853,1190.0121846330273,1983.8532110091744,0.9778339133389796,0.9672128325804471,0.9816994404602309,0.9694913848151636,5.652439024390244,8.36085626911315,4.666714449541284,7.779816513761468,0.3683414332908097,0.39134307186948014,0.3579606802278562,0.38520366360513814,0.8328181980412512,0.82753961966139,0.835194607640953,0.8296739797544267,0.9125887343383389,0.9096920466077463,0.9138898224846106,0.9108644134855783,0.8476604599652344,0.7670465499574407,0.8753683821572826,0.7832357070562287
90.jpg,Limestone,747.8963414634146,1302.2935779816514,975.6235665137615,1403.6697247706422,0.9884985030378093,0.9799727250948598,0.9849964081057767,0.9784137156711064,2.9329268292682924,5.107033639143731,3.8259747706422016,5.504587155963303,0.6494909804196044,0.6846760002200969,0.6639537220413049,0.6904972157398607,0.5900205481989835,0.5810078921063544,0.5868242367233748,0.5795137366334941,0.7681279504086436,0.7622387369494904,0.7660445396472549,0.7612579961047989,0.9711455509832995,0.9498515108945392,0.962339524278967,0.9459477362935153
0.jpg,Limestone,3035.121951219512,4343.577981651376,2659.6616972477063,4106.513761467891,0.9533244863405482,0.9332024423822567,0.9590984883393149,0.9368481259578032,11.902439024390244,17.033639143730888,10.430045871559633,16.103975535168196,0.6273602099642988,0.6726112708420615,0.6126617958410631,0.6641936279890814,0.6755302015126657,0.6610785461961237,0.6798505857731093,0.6642505167573223,0.821906443284554,0.8130673687930932,0.8245305244641398,0.8150156543020032,0.8332826430656712,0.7584879721236192,0.8543994624415691,0.7716692389951487
43.jpg,Limestone,2178.3841463414633,3361.009174311927,1990.0856508027523,2436.1467889908254,0.9664997978294612,0.9483128414124824,0.969395539464172,0.9625358043091867,8.542682926829269,13.180428134556575,7.80425745412844,9.553516819571865,0.665159037779303,0.7189618079659152,0.6556377762632056,0.6783213875715413,0.6260164334131314,0.6086269877309994,0.6289382804855836,0.6215821339537252,0.7912120028242313,0.7801454913867024,0.7930562908681726,0.78840480335531,0.9019314620232108,0.8490231008608857,0.9103529046015603,0.8905680202063587
44.jpg,Limestone,3618.201219512195,4482.385321100917,2428.1841313073396,4267.155963302753,0.9443576228045367,0.9310677987097329,0.9626582577537086,0.9343776956401633,14.189024390243903,17.577981651376145,9.522290711009175,16.733944954128443,0.8837292485094799,0.9199978078522553,0.8286415043777066,0.9113813124515797,0.4701340750400077,0.4579899626829315,0.486877670011961,0.46085453527177966,0.6856632373403198,0.6767495568398486,0.6977662001071426,0.6788626777720069,0.8834254470129197,0.8557364175375592,0.9217428435896802,0.8626634789084073
1.jpg,Limestone,2797.2256097560976,4022.293577981651,2634.8050458715593,3998.8990825688074,0.9569829666632409,0.9381433030175368,0.9594807454576392,0.9385030744230184,10.96951219512195,15.773700305810397,10.332568807339449,15.681957186544343,0.6375998617176649,0.6823235693973122,0.6316394566121613,0.681458765505086,0.6629936327857244,0.6493449070750446,0.6643829889390865,0.6496603035421871,0.8142442095500123,0.8058194010291913,0.8150969199666298,0.8060150764980684,0.8545909544899024,0.7886103405005036,0.8634494336348397,0.7898398266937929
23.jpg,Limestone,716.7987804878048,1133.8532110091742,601.2202551605504,1119.8165137614678,0.9889767357597299,0.9825630792143271,0.9907541559505344,0.9827789420576158,2.810975609756097,4.446483180428134,2.357726490825688,4.391437308868501,0.4050747013403602,0.42332278727481965,0.3993914107142287,0.42255963629682003,0.7909785610188368,0.7889846846493223,0.7915335499321359,0.7891930692123608,0.8893697549494455,0.8882480985903219,0.8896817127108637,0.8883653917236762,0.9443596789912657,0.9100629631561055,0.9536090812063795,0.9111763515076804
86.jpg,Limestone,3863.871951219512,4901.926605504587,3329.237743692661,5270.0,0.9405795843013639,0.9246158981714301,0.9488014372144579,0.9189554947251868,15.152439024390244,19.223241590214066,13.055834288990827,20.666666666666668,0.9181969922886838,0.960081599538992,0.8948815756289612,0.9740438022407667,0.44441286767707744,0.43068306263176737,0.4517040091612703,0.42590804839693397,0.6666429836704781,0.6562644761312069,0.6720892865990874,0.652616310244338,0.8810852066093716,0.8491131783342944,0.8975435171357136,0.8377834647125616
12.jpg,Limestone,1668.3841463414635,2351.926605504587,1674.71688646789,2323.853211009174,0.9743428144689592,0.9638309813689203,0.9742454266529097,0.9642627070554981,6.5426829268292686,9.223241590214066,6.567517201834862,9.113149847094801,0.8075833285433701,0.843450553450324,0.808031007545501,0.8420329916859248,0.479738830544057,0.4702090658819415,0.4795550169684915,0.4706097534513311,0.692631814562439,0.6857179200530941,0.6924991097239703,0.6860100243081956,0.9481939150468728,0.9269197577724744,0.9480068715562409,0.9277920683560922
28.jpg,Limestone,2884.298780487805,4067.5229357798175,2690.7325114678897,4098.715596330277,0.9556439150418632,0.9374477449669392,0.9586206669414097,0.9369680497596304,11.310975609756097,15.95107033639144,10.551892201834862,16.07339449541285,0.8704355619359925,0.9230014790858367,0.8611287161513375,0.9242960491430523,0.4616784219724213,0.44518027446836184,0.46447088466704534,0.44476081587825345,0.6794692207689921,0.6672183109510423,0.681521008236023,0.666903903031204,0.9105588321605121,0.873930245178371,0.9165493312618649,0.8729634525800457
64.jpg,Limestone,3635.3048780487807,4848.899082568807,2978.137543004587,4519.816513761468,0.9440945948074804,0.9254313800238549,0.9542008190107866,0.9304921644609622,14.25609756097561,19.015290519877677,11.678970756880734,17.724770642201836,0.8921310003946372,0.9420257735044444,0.8625816143143757,0.929180695742585,0.4627690880915476,0.44609970442179064,0.47197276715659087,0.450431404376741,0.6802713341686151,0.667906957907904,0.6870027417387727,0.6711418660586903,0.8845985204291635,0.84621339801083,0.9054356320767989,0.8566505073770939
62.jpg,Limestone,802.3170731707318,1097.9816513761468,601.2202551605504,867.1559633027523,0.9876615957744482,0.9831147287027321,0.9907541559505344,0.9866644732368168,3.1463414634146343,4.3058103975535165,2.357726490825688,3.400611620795107,0.33073041975224815,0.3474800729291103,0.31860492328213263,0.33500715310113205,0.845131317326128,0.840317599526502,0.8482696173884036,0.8437601192387543,0.91931023997676,0.9166883873631769,0.9210155359104446,0.918564161743073,0.9135240221498858,0.8819870279058645,0.9351476908168233,0.9067965731756543
92.jpg,Limestone,2333.871951219512,3348.532110091743,2418.8628870412845,3551.2844036697247,0.9641086342198579,0.9485047194954058,0.9628016041730802,0.945386700647899,9.152439024390244,13.131498470948012,9.485736811926605,13.926605504587156,0.5536923935294089,0.5904988391040727,0.5588477619769009,0.5981577245493449,0.718666771989266,0.7081654926023577,0.7164085255543764,0.705378284531768,0.8477421612667769,0.8415256933702961,0.8464091951026858,0.839868016138112,0.8545293046842347,0.7880735297638302,0.8498687225989386,0.7752414658929861
91.jpg,Limestone,3526.4634146341464,4677.339449541285,3248.4536267201834,4674.220183486239,0.9457684093342025,0.9280697036640531,0.9500437728490114,0.928117673184784,13.829268292682926,18.34250764525994,12.739033830275229,18.3302752293578,0.8842045418728739,0.9321518999854803,0.8717465882656916,0.9320302316372124,0.467244452037735,0.4513060563360951,0.4712083847191025,0.45134712775974206,0.6835528158363002,0.6717931648477046,0.6864461994352525,0.6718237326559267,0.8873594012612588,0.8507451137547302,0.8962105788760596,0.850844650191039
46.jpg,Limestone,4182.621951219512,5795.59633027523,3733.158328555046,5455.59633027523,0.9356776989016777,0.9108726304820344,0.9425897590416904,0.9161013082416998,16.402439024390244,22.72782874617737,14.639836582568808,21.394495412844037,0.8839065127629591,0.9430167317722461,0.865716389114326,0.9309922670525064,0.48390065848924174,0.46408723364314985,0.48964076673668255,0.46841126646828846,0.6956296848821517,0.6812394833266417,0.6997433577653185,0.6844057761798102,0.8589134011460057,0.8039954691268674,0.8741657853869189,0.8154941202921913
29.jpg,Limestone,1954.4817073170732,3211.284403669725,2454.5943233944954,3109.908256880734,0.9699430734272895,0.9506153784075642,0.9622521095654892,0.9521743878313178,7.664634146341463,12.593272171253824,9.62586009174312,12.195718654434252,0.8142162616852703,0.8750656776695258,0.8400554866006528,0.8704532173604719,0.484237333442201,0.46703351617625777,0.47690445989570185,0.46844099324366006,0.6958716357505894,0.6833985046634634,0.6905826959138941,0.6844274930506956,0.9382308879725552,0.8983881750309811,0.9224514358045516,0.9015959305545296
77.jpg,Limestone,1183.2621951219512,1771.7431192660551,902.6071530963303,1717.1559633027523,0.9818032449309209,0.972753312224863,0.9861192883908539,0.9735927788376533,4.640243902439024,6.948012232415902,3.539635894495413,6.73394495412844,0.699996290950698,0.7313809620397862,0.6831245246996825,0.728445943458133,0.5623063562245886,0.5553916357431337,0.5660024215789142,0.5561860732152865,0.7498708930373205,0.745246023634567,0.7523313243371661,0.7457788366635825,0.9566559492456781,0.9348316954593485,0.9669745019380843,0.9368395217436117
56.jpg,Limestone,4093.993902439024,5107.798165137615,3150.5805619266057,5301.192660550459,0.9370406621591514,0.9214499098031923,0.9515489102524128,0.9184757995178782,16.054878048780488,20.03058103975535,12.355217889908257,20.788990825688074,0.9064928596978019,0.9454791869164966,0.8659443089554197,0.9526663606772441,0.46117142831167535,0.44853101557336655,0.4738565826722821,0.44603295278747657,0.6790960376203614,0.6697245818792726,0.6883724156822977,0.6678569852801396,0.8687868437223389,0.8360399354703862,0.8990669124095685,0.8298319818820894
83.jpg,Limestone,847.4085365853659,1324.1284403669724,725.5035120412844,1344.4036697247707,0.9869681583276634,0.9796369384497436,0.9888428703589136,0.979325136564993,3.323170731707317,5.192660550458715,2.8451118119266052,5.272171253822631,0.2504804589934154,0.2640923500100754,0.2464630265093513,0.26498779901473674,0.8958262091914952,0.8940210839382121,0.8961763238098375,0.8937220733542757,0.9464809608182804,0.9455268816581642,0.9466658987255416,0.9453687499353232,0.857279419771419,0.7632997165729873,0.879758618654259,0.7596753306076739
47.jpg,Limestone,4182.621951219512,5795.59633027523,3733.158328555046,5455.59633027523,0.9356776989016777,0.9108726304820344,0.9425897590416904,0.9161013082416998,16.402439024390244,22.72782874617737,14.639836582568808,21.394495412844037,0.8839065127629591,0.9430167317722461,0.865716389114326,0.9309922670525064,0.48390065848924174,0.46408723364314985,0.48964076673668255,0.46841126646828846,0.6956296848821517,0.6812394833266417,0.6997433577653185,0.6844057761798102,0.8589134011460057,0.8039954691268674,0.8741657853869189,0.8154941202921913
98.jpg,Limestone,3224.8170731707314,4535.412844036697,3046.493334288991,4184.495412844037,0.9504072667368324,0.930252316857308,0.9531496119353953,0.9356488879395313,12.646341463414634,17.785932721712538,11.947032683486238,16.409785932721714,0.8645731194135814,0.9202467558699254,0.8563110436121695,0.906188564866757,0.4772483793356374,0.4589751470116591,0.47987449245079905,0.4636481051472857,0.6908316577398849,0.6774770453761951,0.6927297398342294,0.6809171059294117,0.8957282240836204,0.8535123885561565,0.9014634673360716,0.8648465400605805
89.jpg,Limestone,2658.8414634146343,3641.743119266055,2426.63059059633,3488.8990825688074,0.9591111022757877,0.9439955845467035,0.9626821488236039,0.9463460910625164,10.426829268292684,14.281345565749236,9.516198394495412,13.681957186544343,0.6952386626702631,0.7381318471423906,0.6842657905781908,0.7319253915373671,0.6128225521758552,0.5984159448053521,0.6163271870715797,0.6005087269350459,0.7828298360281468,0.773573490242105,0.7850650846086455,0.7749249814885605,0.882487811038661,0.8393954450280913,0.8926851434498976,0.8461360216393319
48.jpg,Limestone,4182.621951219512,5795.59633027523,3733.158328555046,5455.59633027523,0.9356776989016777,0.9108726304820344,0.9425897590416904,0.9161013082416998,16.402439024390244,22.72782874617737,14.639836582568808,21.394495412844037,0.8839065127629591,0.9430167317722461,0.865716389114326,0.9309922670525064,0.48390065848924174,0.46408723364314985,0.48964076673668255,0.46841126646828846,0.6956296848821517,0.6812394833266417,0.6997433577653185,0.6844057761798102,0.8589134011460057,0.8039954691268674,0.8741657853869189,0.8154941202921913
18.jpg,Limestone,2232.8048780487807,3233.119266055046,2027.3706278669724,3156.697247706422,0.9656628905661,0.9502795917624483,0.9688221537866858,0.9514548450203546,8.75609756097561,12.678899082568808,7.950473050458715,12.37920489296636,0.5151523429094047,0.5504581603238556,0.5074152209730208,0.5475520076872791,0.7452828443551546,0.7351917923857169,0.7471154885274707,0.7362515732420751,0.8632976568687967,0.8574332582689552,0.8643584259596656,0.8580510318402251,0.8450178020106234,0.7714591427602218,0.859984877917307,0.7768612180157688
93.jpg,Limestone,2120.8536585365855,3064.678899082569,2007.1745986238532,3108.3486238532114,0.9673845283650142,0.9528699458819154,0.9691327376953242,0.9521983725916832,8.317073170731707,12.01834862385321,7.871272935779817,12.189602446483182,0.6476393004525376,0.6870573010973846,0.6430093705328055,0.6889094728965457,0.6392149864109832,0.6287010598131443,0.6400567701100147,0.6280932317376071,0.7995092159637581,0.7929067157069262,0.8000354805319666,0.7925233319831076,0.9009334153526385,0.8555995734564787,0.9064694268316584,0.8535419592360113
15.jpg,Limestone,827.1951219512196,1302.2935779816514,755.0207855504588,1392.752293577982,0.9872790095969117,0.9799727250948597,0.9883889400309036,0.9785816089936645,3.2439024390243905,5.107033639143731,2.9608658256880735,5.4617737003058116,0.26773213304678134,0.28244890203901196,0.26620045225302635,0.28653523808376286,0.8853485792084269,0.8834599746214551,0.884981093445786,0.8821264946332305,0.9409296356308621,0.9399255154646325,0.9407343373374791,0.9392158935160917,0.875394956077742,0.7933458880602923,0.8878601561789482,0.778991470704001
42.jpg,Limestone,4863.658536585367,6453.761467889908,3778.211009174312,5957.798165137615,0.9252044022916164,0.9007510616078198,0.9418969180147279,0.908378215404029,19.07317073170732,25.30886850152905,14.81651376146789,23.363914373088686,0.8154231535857912,0.8656842714367043,0.7748778723315579,0.8499615628373595,0.5566241308026635,0.5387407370660986,0.5704513464327272,0.5449121630216177,0.7460724702082657,0.7339896028324233,0.7552822958554816,0.7381816599060272,0.8001015223206726,0.7330968355925038,0.8449819666217034,0.7536080019244479
39.jpg,Limestone,2179.939024390244,2986.6972477064223,2106.6012041284403,3027.2477064220184,0.9664758861933651,0.9540691839001874,0.9676037092220275,0.9534455801306858,8.548780487804878,11.712538226299694,8.261181192660551,11.871559633027523,0.8369692905428494,0.8762320596238828,0.8332338812354467,0.878117279724631,0.4704631155339742,0.4592963947170167,0.47144701568960545,0.4587304572729937,0.6859031385946373,0.6777140951146116,0.6866199936570486,0.677296432349229,0.9325644917037624,0.9075604628626209,0.934842287786119,0.9063054090946984
76.jpg,Limestone,4135.975609756098,5631.834862385322,3845.0132597477063,5446.238532110092,0.9363950479845585,0.9133910303204054,0.9408696020092316,0.9162452168038925,16.21951219512195,22.085626911314986,15.078483371559633,21.357798165137616,0.716316422963692,0.7686413337331433,0.7050636839709523,0.7626894758778858,0.6247116047664824,0.6044341225116089,0.6288422432549066,0.6068020880121423,0.7903869968353998,0.7774536143794103,0.7929957397457483,0.7789750239976518,0.7985421184268067,0.7263125054982327,0.8125926963657815,0.7353318386042172
54.jpg,Limestone,2577.9878048780483,3417.1559633027523,2279.044223050459,3442.110091743119,0.9603545073527813,0.9474493900393266,0.9649518004636537,0.9470656338734795,10.109756097560975,13.400611620795106,8.937428325688074,13.498470948012232,0.8134502886588229,0.8526311587017897,0.7985453129294496,0.8537200367688589,0.5058702802953424,0.49351928258877775,0.5103038187823156,0.4931760022763221,0.7112455836737002,0.70250927580266,0.7143555268788193,0.7022649089028457,0.9130673605300579,0.8849300210033588,0.9231178005754863,0.8840897107961722
14.jpg,Limestone,1775.670731707317,2623.302752293578,1660.7350200688072,2629.5412844036696,0.972692911578333,0.9596576330653344,0.974460446281967,0.9595616940238725,6.963414634146341,10.287461773700306,6.512686353211009,10.311926605504587,0.4714948627042044,0.5027765309750732,0.46759769268268436,0.5030301820127314,0.768281145470751,0.7602938076935205,0.7687887951597482,0.7602056174353409,0.8765164832852551,0.8719482826942895,0.8768060191169699,0.8718977104198296,0.8668946113304671,0.7992793945883673,0.8762140975817835,0.7988020566444631
50.jpg,Limestone,1840.9756097560976,2629.5412844036696,1399.740180619266,2275.5045871559637,0.9716886228622997,0.9595616940238725,0.9784741460243707,0.9650062346268267,7.219512195121951,10.311926605504587,5.489177178899082,8.923547400611621,0.8219692273418688,0.8624831166898612,0.7970639459737681,0.8448421206745531,0.4724916219360101,0.4611970009786593,0.478941098471938,0.466230919704401,0.6873802600715343,0.679114865820694,0.6920557047463289,0.682811042459333,0.9433761625173464,0.9191220436654053,0.9569472935688385,0.930011305876528
95.jpg,Limestone,3910.5182926829266,5022.018348623853,3237.5788417431195,5121.834862385322,0.9398622352184829,0.9227690716232915,0.9502110103382782,0.9212340469599034,15.335365853658535,19.69418960244648,12.6963876146789,20.085626911314986,0.912775757956096,0.9567839306701382,0.8835292153946874,0.9605613333774204,0.4507141727052767,0.436386904699047,0.4598100112104359,0.4350913228545558,0.6713524951210629,0.6605958709370253,0.6780929222536067,0.6596145259578171,0.8779563562432138,0.843134399872679,0.8989818398099287,0.8400165742800862
71.jpg,Limestone,511.55487804878055,907.7064220183487,399.2599627293578,907.7064220183487,0.9921330717244059,0.9860408694673153,0.9938599950369182,0.9860408694673153,2.00609756097561,3.559633027522936,1.5657253440366974,3.559633027522936,0.1492478603576991,0.15645881409390783,0.14607152268409268,0.15645881409390783,0.9454916332573319,0.945234367428298,0.9455971112562681,0.945234367428298,0.9723639407430388,0.9722316428857364,0.972418177152334,0.9722316428857364,0.8315522722231284,0.6595377209421968,0.8728770791761244,0.6595377209421968
8.jpg,Limestone,4580.670731707318,5920.366972477064,4371.663560779816,6417.889908256881,0.9295563200610938,0.9089538496527996,0.9327705293147384,0.9013027110962248,17.963414634146343,23.217125382263,17.14377866972477,25.168195718654435,0.9387156025826064,0.9881646829777819,0.9305118243917176,1.0053394153416857,0.44305934019336823,0.4262416687874062,0.4457044380701067,0.4200422105626765,0.6656270278416947,0.6528718624564902,0.667610993071644,0.6481066351787154,0.8566617869761373,0.8145672719819169,0.8632372736181888,0.7989842792954659
55.jpg,Limestone,2948.048780487805,3649.5412844036696,2397.113317087156,3928.7155963302753,0.954663537961926,0.9438756607448764,0.9631360791516139,0.9395823886394632,11.560975609756097,14.311926605504587,9.400444380733944,15.406727828746178,0.7013362308186064,0.7315497038687072,0.6761625391003149,0.7425594110092579,0.6144275039161481,0.6039820259091818,0.6224155359491423,0.6001890494739817,0.7838542619110699,0.7771628052790366,0.7889331631698229,0.7747186905412711,0.8675478279360276,0.8363900926387019,0.892233982934629,0.8238746339132009
72.jpg,Limestone,5030.030487804878,7005.871559633028,4934.045298165138,6870.183486238532,0.9226458572293408,0.8922604564384549,0.9241219620126544,0.8943471305902482,19.725609756097562,27.474006116207953,19.34919724770642,26.941896024464832,0.8995938380114195,0.9650521782637098,0.8964815663249731,0.9607902080870128,0.4878946063850882,0.4645568503059674,0.4887471433019368,0.4661982624199872,0.6984945285290989,0.6815840742754832,0.6991045295962091,0.6827871281885645,0.8244851806215195,0.7547491017144695,0.8279895261569986,0.7594990634577556
57.jpg,Limestone,3694.390243902439,4920.642201834863,3372.7368836009177,4906.605504587156,0.9431859526358313,0.9243280810470449,0.9481324872573906,0.9245439438903338,14.487804878048781,19.29663608562691,13.226419151376147,19.241590214067276,0.8679863894151119,0.9177259195629774,0.8538968712823909,0.9171958383704029,0.4865993425399695,0.4696208749208339,0.49118323825071,0.4698041171660115,0.6975667298115424,0.6852888988746526,0.7008446605708786,0.6854225829121853,0.8764392522536097,0.8356478102245186,0.8871541883601096,0.8361166437294248
6.jpg,Limestone,2797.2256097560976,4078.4403669724766,2942.4061066513764,4072.2018348623856,0.9569829666632409,0.937279851644381,0.9547503136183776,0.9373757906858428,10.96951219512195,15.993883792048928,11.53884747706422,15.96941896024465,0.8604352844930103,0.9166650330512738,0.8674211706757202,0.9164066259088249,0.4684933936656861,0.45136362179679573,0.46632209004896436,0.4514475365262744,0.684465772457386,0.671836008112691,0.6828778002314648,0.6718984570054276,0.9122695587144115,0.8719583241378569,0.907741738619225,0.8721541813858297
65.jpg,Limestone,2756.798780487805,3599.633027522936,2639.4656680045873,4186.05504587156,0.9576046692017377,0.9446431730765703,0.9594090722479534,0.9356249031791659,10.810975609756097,14.116207951070336,10.350845756880734,16.41590214067278,0.6032354110024214,0.6324979877981379,0.5994621562685777,0.6539616539447577,0.6890171680411209,0.6808124378967069,0.6896950583383966,0.6728738373250138,0.8300705801563629,0.8251135909053413,0.8304788126968662,0.8202888743150268,0.8432010005109137,0.7925858044157239,0.8504149732303564,0.7587956235059804
24.jpg,Limestone,827.1951219512196,1352.2018348623853,675.7902092889908,1341.284403669725,0.9872790095969117,0.9792052127631656,0.989607384595562,0.9793731060857238,3.2439024390243905,5.302752293577981,2.6501576834862384,5.259938837920489,0.688914230439375,0.7195445275229073,0.6791988261595227,0.7189106060275479,0.5571491725371722,0.5509228841528937,0.5589834045815996,0.5510838254198569,0.7464242577362905,0.7422417962853437,0.7476519274245199,0.7423502040276253,0.970435886085906,0.9514942702255527,0.9758718197580664,0.9518858966481838
75.jpg,Limestone,6277.042682926829,8557.70642201835,5687.512543004587,8025.871559633028,0.9034687250803243,0.8683956198748447,0.9125347931134533,0.8765744231594588,24.615853658536583,33.559633027522935,22.303970756880737,31.474006116207953,0.9890228715433689,1.0593202649734401,0.9687041571638392,1.0438109511881302,0.4320748866552721,0.4057282352183956,0.4392713335146381,0.4118212602771638,0.6573240347463891,0.6369680017225321,0.6627754774541965,0.6417330132361618,0.7991875076813503,0.725811769576251,0.8181237756009863,0.7428517160997609
74.jpg,Limestone,6277.042682926829,8557.70642201835,5687.512543004587,8025.871559633028,0.9034687250803243,0.8683956198748447,0.9125347931134533,0.8765744231594588,24.615853658536583,33.559633027522935,22.303970756880737,31.474006116207953,0.9890228715433689,1.0593202649734401,0.9687041571638392,1.0438109511881302,0.4320748866552721,0.4057282352183956,0.4392713335146381,0.4118212602771638,0.6573240347463891,0.6369680017225321,0.6627754774541965,0.6417330132361618,0.7991875076813503,0.725811769576251,0.8181237756009863,0.7428517160997609
37.jpg,Limestone,1069.7560975609756,1687.5229357798166,921.2496416284404,1642.2935779816514,0.9835487943659309,0.9740484892845966,0.9858325955521109,0.9747440473351944,4.195121951219512,6.617737003058104,3.6127436926605507,6.440366972477064,0.38326396162378606,0.4073821739499455,0.37690252413834524,0.40527982304847593,0.815692029229137,0.8111310865658685,0.8166355506610075,0.8117910364543223,0.9031567024770047,0.9006281622100591,0.9036788979836851,0.9009944708233909,0.9021487166326475,0.8413605375346647,0.9163646555307046,0.8456124270092441
51.jpg,Limestone,3652.4085365853657,5351.100917431193,3587.1255017201834,4827.064220183486,0.943831566810424,0.9177082871861841,0.9448355196118446,0.9257671666689711,14.323170731707316,20.984709480122323,14.067158830275229,18.929663608562688,0.7894620051045568,0.8512203406693434,0.7874384953830815,0.8325552321136862,0.5553396116352083,0.5349294377583038,0.5556458202779779,0.5417269899246385,0.7452111188349301,0.7313887049704171,0.7454165414571761,0.7360210526368376,0.8565814911248554,0.7887484587614398,0.8593553823283023,0.8094364558049129
73.jpg,Limestone,6277.042682926829,8557.70642201835,5687.512543004587,8025.871559633028,0.9034687250803243,0.8683956198748447,0.9125347931134533,0.8765744231594588,24.615853658536583,33.559633027522935,22.303970756880737,31.474006116207953,0.9890228715433689,1.0593202649734401,0.9687041571638392,1.0438109511881302,0.4320748866552721,0.4057282352183956,0.4392713335146381,0.4118212602771638,0.6573240347463891,0.6369680017225321,0.6627754774541965,0.6417330132361618,0.7991875076813503,0.725811769576251,0.8181237756009863,0.7428517160997609
4.jpg,Limestone,2265.457317073171,3407.798165137615,2212.2419724770643,3317.339449541285,0.9651607462080833,0.9475932986015191,0.9659791164691498,0.9489844147027147,8.884146341463415,13.363914373088685,8.67545871559633,13.009174311926607,0.8131691450547602,0.8659294882828757,0.8107433143479785,0.8619318371295985,0.49612405372618995,0.4810242167934671,0.4966256795291918,0.4822714774548002,0.7043607411874898,0.6935590939447532,0.7047167370860379,0.694457685863437,0.9259121914469582,0.8883318727387179,0.9276925464192335,0.891296061013846
26.jpg,Limestone,3321.219512195122,4465.2293577981645,2982.798165137615,4493.302752293578,0.9489247452988786,0.9313316310737525,0.9541291458011009,0.9308999053871747,13.02439024390244,17.51070336391437,11.697247706422019,17.62079510703364,0.6546074140773197,0.6932096355098583,0.6418714840394725,0.6941896722648262,0.6594696546836765,0.6472395537864203,0.6632582260086315,0.6468673014743812,0.8120773698876705,0.804511997291787,0.8144066711469348,0.8042806111515938,0.8251198253423814,0.7622303435066553,0.8434281036583725,0.7607354591836093
78.jpg,Limestone,1994.9085365853657,2704.4036697247707,1755.501003440367,2854.1284403669724,0.9693213708887928,0.9584104255263315,0.9730030910183562,0.9561078885312495,7.823170731707317,10.605504587155963,6.884317660550459,11.192660550458715,0.7621463712027918,0.7955550664130451,0.7499181621443602,0.8025348996851382,0.5347079287676157,0.526086059203107,0.5377583926071124,0.5239803175961467,0.7312372588754048,0.7253179021664273,0.7333201160524048,0.723864847603575,0.9295630658835982,0.9041818193165856,0.9380757166904861,0.8988770065451855
31.jpg,Limestone,1248.5670731707319,1921.467889908257,1129.4240969036696,1882.4770642201834,0.9807989562148874,0.9704507752297811,0.982631192186146,0.971050394238917,4.896341463414634,7.535168195718654,4.429114105504587,7.382262996941896,0.30609369106654183,0.326833520350645,0.3026322519482778,0.32527116793460753,0.8688599048757388,0.8640966444661118,0.8692022061271929,0.8646611946069244,0.93212654981807,0.9295679880816206,0.9323101448161941,0.9298716011401382,0.8290287999233259,0.724419056632472,0.847278525737193,0.7300112023988587
10.jpg,Limestone,2197.04268292683,3172.293577981651,2153.2074254587155,3234.678899082569,0.9662128581963088,0.9512149974167002,0.9668869771251697,0.9502556070020827,8.615853658536588,12.440366972477063,8.443950688073395,12.685015290519877,0.44479582447174365,0.47575994070323624,0.4448053292351856,0.4779676852647573,0.7938137673447797,0.7845371547999659,0.7931874511759847,0.7836722806963118,0.8909622704384175,0.885741020163324,0.8906107180895504,0.8852526648908275,0.805303521471074,0.7114244790682482,0.8105584651466258,0.7057494442416651
38.jfif,Limestone,659.2682926829269,1149.4495412844037,613.6485808486239,1154.1284403669727,0.989861466295283,0.9823232316106726,0.9905630273913724,0.9822512773295763,2.5853658536585367,4.507645259938838,2.40646502293578,4.525993883792049,0.2941630244427972,0.3128041037651735,0.2936027970463672,0.31303707032753725,0.8656440116726258,0.8632801735239316,0.8649413641249027,0.8632107672304153,0.930399920288381,0.9291287174142944,0.9300222385109416,0.929091366459949,0.9184468939742195,0.8518955960235893,0.9249298035416365,0.8512927287075388
59.jpg,Limestone,3332.1036585365855,4602.477064220184,2976.5840022935777,4220.366972477064,0.9487573638462063,0.929220972161594,0.954224710080682,0.9350972384511262,13.067073170731708,18.04892966360856,11.672878440366972,16.55045871559633,0.8812882235351177,0.9338462958956939,0.8652655804278153,0.9185415042172298,0.46461766581333636,0.44804972577372604,0.46939244769017296,0.45312875558438176,0.6816286861725644,0.6693651662386728,0.6851222136890417,0.6731483904640801,0.8947265201681319,0.854415815465659,0.9059900274993259,0.8665026081498046
70.jpg,Limestone,3378.75,4724.128440366972,3074.4570670871562,4215.688073394495,0.9480400147633254,0.9273501608530901,0.9527195726772805,0.9351691927322225,13.25,18.525993883792047,12.056694380733946,16.532110091743117,0.8944289460906022,0.9507815582685415,0.8805623913535516,0.9304227282834363,0.4535489493355984,0.43522895409091733,0.45782412281665497,0.44197310759611824,0.6734604289307564,0.659718844729266,0.6766270189821383,0.6648105802377985,0.895491131129406,0.8539380541336713,0.904891813953031,0.8696581579145967
68.jpg,Limestone,2508.0182926829266,3577.7981651376144,2272.830060206422,3560.6422018348626,0.9614305309771026,0.9449789597216864,0.9650473647432347,0.9452427920857063,9.835365853658535,14.03058103975535,8.913059059633028,13.963302752293579,0.7876491448083335,0.8343825935646136,0.7765635058056891,0.8336528592425149,0.5275352196027658,0.5141263779651435,0.5304665159999201,0.5143612504409885,0.7263161980864573,0.7170260650528288,0.7283313229567434,0.7171898287350348,0.9114110606837266,0.8731861458583849,0.9197957560193865,0.8737942332147745
69.jpg,Limestone,2794.1158536585367,3579.357798165138,2599.073609518349,3849.1743119266052,0.9570307899354329,0.944954974961321,0.9600302400652301,0.9408056114181004,10.957317073170731,14.036697247706423,10.192445527522937,15.09480122324159,0.5986445761444386,0.6309604052411631,0.5900519574081793,0.6410477918802986,0.6932155772924933,0.6816633661945208,0.6961520446275611,0.6779879742773187,0.8325956865685128,0.8256290730070743,0.8343572643823275,0.8234002515650082,0.8382529724703799,0.7933099125305705,0.8494383924714862,0.7777293525601081
2.jpg,Limestone,3481.371951219512,4474.587155963302,2833.658256880734,4691.376146788991,0.9464618467809875,0.93118772251156,0.9564226885110458,0.9278538408207642,13.652439024390244,17.547400611620795,11.112385321100918,18.39755351681957,0.8891612577680861,0.9300999415048079,0.8598043762041735,0.938650206329272,0.4613803787428119,0.44852963488594977,0.4702202141291074,0.4456656551297612,0.679249864735218,0.6697235510910078,0.6857260488920538,0.6675819463779419,0.8902770808152936,0.8588132494327592,0.9107193070362862,0.8519729014617424
9.jpg,Limestone,2472.2560975609754,3487.3394495412845,2274.383600917431,3535.6880733944954,0.9619804986073113,0.9463700758228818,0.9650234736733394,0.9456265482515532,9.695121951219512,13.675840978593271,8.919151376146788,13.865443425076453,0.5739135298484735,0.61052252055032,0.5664049031092471,0.6123543160947456,0.7060376954843477,0.6954853051011234,0.7078431892749986,0.6948220720530498,0.8402604926356753,0.8339576158901143,0.8413341721783316,0.8335598791047046,0.8522847852474642,0.7886557929080439,0.8646414899850351,0.7857257077471089
33.jpg,Limestone,2504.9085365853657,3543.4862385321103,2282.151304472477,3543.4862385321103,0.9614783542492946,0.9455066244497261,0.9649040183238631,0.9455066244497261,9.823170731707316,13.896024464831804,8.949612958715596,13.896024464831804,0.711593006841517,0.7543379356238576,0.7017543249438849,0.7543379356238576,0.5950169562523543,0.582920642664401,0.5975221489195299,0.582920642664401,0.7713734220546844,0.7634923985636013,0.7729955684992831,0.7634923985636013,0.8953042916488022,0.8509273600184195,0.904787643639715,0.8509273600184195
36.jpg,Limestone,987.3475609756098,1589.2660550458716,849.7867689220184,1550.275229357798,0.9848161110790206,0.9755595291876192,0.9869315847672928,0.9761591481967552,3.8719512195121952,6.232415902140672,3.3324971330275233,6.079510703363914,0.3681406236741438,0.3917263019760818,0.36230587574083817,0.3898917928939185,0.8242058604536168,0.8199245112750367,0.824971038881433,0.8204951882162616,0.9078578415443779,0.9054968311789041,0.9082791635182615,0.9058118944992175,0.9055951991054351,0.8435605564882162,0.91939477684186,0.847398619381047
88.jpg,Sandstone,2248.3536585365855,3301.743119266055,2173.4034547018346,2988.256880733945,0.9654237742051397,0.9492242623063689,0.9665763932165313,0.9540451991398219,8.817073170731707,12.948012232415904,8.523150802752292,11.718654434250764,0.8394763650610589,0.890149662057431,0.8355518043744672,0.8758032481638809,0.47045476977577605,0.455397207464058,0.47159807069474474,0.459751872277756,0.6858970547945049,0.6748312436928643,0.6867299838326157,0.6780500514547255,0.9303118408423541,0.8977114115381457,0.9326255613979809,0.9074232709055677
97.jpg,Sandstone,1408.719512195122,1664.1284403669727,1154.2807482798166,2085.2293577981654,0.9783360576969962,0.9744082606900784,0.9822489350678218,0.9679323753914102,5.524390243902439,6.525993883792049,4.526591169724771,8.177370030581042,0.6765327993401171,0.6914748439580297,0.6615275983389513,0.7133807140897446,0.5922716071999945,0.587767829169876,0.5962449582080677,0.581665251192399,0.7695918445513794,0.7666601784166672,0.772168995886307,0.7626698179372243,0.9439523927136341,0.9339208272928283,0.9540500299669851,0.9171997620342187
99.jpg,Sandstone,844.298780487805,1233.6697247706422,795.4128440366973,1286.697247706422,0.9870159815998554,0.9810280545509391,0.9877677722136269,0.980212572698514,3.3109756097560976,4.837920489296636,3.1192660550458715,5.045871559633028,0.7545245315422214,0.7795233605560153,0.7511561071796845,0.7827169894508088,0.4949864138421114,0.4888590431730493,0.4958135598811478,0.4880751573168366,0.7035527086452809,0.6991845558742336,0.7041402984357221,0.6986237594849152,0.9736199269695303,0.9614799329546376,0.9751426030925819,0.9598242031448494
80.jpg,Sandstone,1881.4024390243903,2593.6697247706425,1868.9094753440368,2765.229357798165,0.9710669203238029,0.9601133435122775,0.9712590429160023,0.9574750198720794,7.378048780487805,10.17125382262997,7.329056766055046,10.844036697247706,0.8240466583535974,0.8606581498161963,0.8233575618458202,0.8689615395049374,0.4720160166398271,0.46177549146009056,0.47221012210195773,0.459354562502603,0.6870342179541185,0.6795406473935834,0.6871754667491832,0.6777570084496383,0.9421199401810882,0.9202140082036204,0.9425027754174524,0.9149365222760187
3.jpg,Sandstone,1122.6219512195123,1721.8348623853212,986.4983514908257,1712.4770642201838,0.9827357987386658,0.973520824556557,0.98482917061651,0.9736647331187498,4.402439024390244,6.752293577981652,3.868620986238532,6.715596330275231,0.6839539917392268,0.7188885866432793,0.6753489063359184,0.7183847614291157,0.5746157703496184,0.5650566283011387,0.5768519561561805,0.5651929383922283,0.758034148537926,0.7517024865604335,0.7595077064495004,0.7517931486733757,0.9577284199704837,0.9352838453443496,0.9628348916047736,0.935635563576174
20.jpg,Sandstone,2397.621951219512,3495.1376146788994,2418.8628870412845,3303.302752293578,0.9631282571399207,0.9462501520210547,0.9628016041730802,0.9492002775460034,9.402439024390244,13.706422018348624,9.485736811926605,12.954128440366972,0.8450720360396553,0.896812133045901,0.8460483310606937,0.8882814628657145,0.47020474896284115,0.454567634085935,0.46998472027967303,0.4572093611369118,0.6857147723090419,0.674216311050048,0.685554316068153,0.6761725823611245,0.9254023574073118,0.8913185499063624,0.924728931118212,0.8972836629637106
66.jpg,Sandstone,1595.3048780487804,2312.935779816514,1447.8999426605506,1990.091743119266,0.9754666613654727,0.9644306003780563,0.9777335228576178,0.9693954457737018,6.2560975609756095,9.070336391437309,5.678038990825688,7.80428134556575,0.6485403989181295,0.6857649423535139,0.6402530621198217,0.6699365674810103,0.623229744382852,0.6120988119583883,0.625604094444386,0.6167351801516089,0.789449013162251,0.7823674405024715,0.7909513856390834,0.7853248882797546,0.9304675654865315,0.8994052531510272,0.9368540912842513,0.9134464619155163
13.jpg,Sandstone,1475.579268292683,1980.7339449541284,1477.4172161697247,2219.357798165138,0.977307857344867,0.9695393543358943,0.9772795925296078,0.9658696859999825,5.786585365853659,7.767584097859327,5.793793004587156,8.703363914373089,0.7747701493929456,0.8016478126326949,0.7751254228980897,0.814018919155224,0.5036948708808971,0.4972001069356786,0.5034282919674468,0.4937674168549049,0.7097146404583303,0.7051241783797224,0.7095268084910159,0.7026858592962469,0.9521384279905952,0.9356364671653785,0.9521030171358443,0.9278824352569558
27.jpg,Sandstone,6566.25,8528.073394495412,6310.482368119266,9293.853211009175,0.8990211607664627,0.868851330321788,0.902954474085454,0.8570748129823582,25.75,33.4434250764526,24.74698967889908,36.44648318042813,0.8441014419628556,0.8992859643220429,0.8360324660680947,0.9180011975016602,0.5570275509510939,0.5331030100787053,0.5603954655275785,0.524554046431849,0.7463427838139081,0.7301390347589323,0.7485956622420267,0.7242610347325397,0.7132779147264147,0.6284123149193552,0.7242791621096071,0.5950455348581637
67.jpg,Sandstone,2993.1402439024387,4182.935779816514,3082.2247706422017,4310.825688073394,0.9539701005151411,0.9356728726998967,0.9526001173278043,0.9337061223499308,11.73780487804878,16.40366972477064,12.087155963302752,16.90519877675841,0.8635575560701054,0.9157678781113535,0.8675332075890763,0.9209673481442213,0.4714992054490551,0.4547815344952041,0.47038194339417105,0.45307166070797567,0.6866579974405418,0.674374921312473,0.6858439643199983,0.6731059802943187,0.9050110361875721,0.8673724895192017,0.902158703450087,0.8633175097058439
25.jpg,Sandstone,1107.0731707317073,1684.403669724771,946.1062930045871,1726.51376146789,0.9829749150996261,0.9740964588053276,0.9854503384337866,0.9734488702754607,4.341463414634147,6.605504587155965,3.7102207568807337,6.770642201834862,0.334056163416674,0.35378136730621207,0.3276767980417762,0.35562871009921704,0.8491839797121913,0.8455568106507553,0.8502173149292185,0.8449431822498508,0.9215117903272814,0.9195416307328099,0.9220722937650921,0.9192079102411221,0.8730214896760836,0.799521038187338,0.8925767717558141,0.7945090641420214
32.jpg,Sandstone,960.9146341463415,1193.119266055046,747.2530819954128,1352.2018348623853,0.985222608892653,0.9816516583204403,0.9885083953803799,0.9792052127631657,3.7682926829268295,4.678899082568807,2.930404243119266,5.302752293577981,0.7169925665517024,0.732084318825049,0.7027779024196361,0.7415248033791044,0.5368138372739537,0.5326972470448427,0.5402008511283444,0.5303465283436484,0.7326758063932189,0.7298611149012137,0.7349835720125616,0.7282489466821414,0.967060339833199,0.9591609180327786,0.9743738382185749,0.9537157071038155
63.jpg,Sandstone,2228.1402439024387,3261.1926605504586,1980.7644065366972,2807.3394495412845,0.9657346254743882,0.9498478660758702,0.9695388858835436,0.9568274313422126,8.73780487804878,12.788990825688073,7.7677035550458715,11.009174311926605,0.8338758722456897,0.8829505557803532,0.8211096618945389,0.8619535354176359,0.47513407589768364,0.46103674200139466,0.47856815294147437,0.4673650287172735,0.6892996996210601,0.6789968645004149,0.6917862046481372,0.6836410086567902,0.9303218768884509,0.8979232948775911,0.9380733975614354,0.9121290917167212
87.jpg,Sandstone,4394.085365853659,5984.311926605505,4331.271502293578,6249.449541284404,0.9324257163926174,0.9079704744778165,0.9333916971320153,0.9038930652156921,17.231707317073173,23.46788990825688,16.985378440366972,24.50764525993884,0.9083417443864275,0.9679777849824897,0.905659119266568,0.9770635856982821,0.4666013120497059,0.44548854601314664,0.4675962680739271,0.4421782069860346,0.6830822147075021,0.6674492834763902,0.6838101111229105,0.6649648163519891,0.8563418587391477,0.8045845624392506,0.8583477102330032,0.7959265941345001
58.jpg,Sandstone,6231.951219512195,8294.128440366972,6047.933987958715,8688.715596330276,0.9041621625271092,0.8724490443766036,0.906992064897753,0.8663809000041479,24.4390243902439,32.52599388379205,23.717388188073393,34.07339449541285,1.006234437848071,1.072224426786087,0.9997824143381758,1.0837105280462425,0.4158355241234496,0.3910099649712052,0.4181877671142146,0.3865265936270798,0.6448531027477883,0.6253078961369393,0.6466743903342814,0.6217126294575974,0.8073621712209386,0.7437187905495768,0.813029067099475,0.7315263975463882
49.jpg,Sandstone,3002.4695121951218,4189.174311926606,2655.001075114679,3978.623853211009,0.9538266306985648,0.935576933658435,0.9591701615490007,0.938814876307769,11.774390243902438,16.428134556574925,10.41176892201835,15.602446483180428,0.8725229891876913,0.9237974118258349,0.8561705744827314,0.9150740971400044,0.4632980962911578,0.4474878300044726,0.46806041872109283,0.45031909782403695,0.6806600445825786,0.6689453116694014,0.6841494125708892,0.6710581925764985,0.906275947755655,0.8691202584605873,0.9171419746144445,0.8756983541820397
53.jpg,Sandstone,2571.768292682927,3644.862385321101,2474.790352637615,3468.623853211009,0.9604501538971653,0.9439476150259727,0.9619415256568509,0.9466578929472671,10.085365853658537,14.293577981651376,9.705060206422019,13.602446483180428,0.8128750022578046,0.8621804477047614,0.8079697505716824,0.854595663703059,0.5062139270097233,0.4906522673337745,0.5077694496346218,0.4930660883398542,0.7114871235726781,0.7004657502931706,0.7125794339121932,0.7021866477937716,0.9132284626420666,0.8771937545314288,0.9164675363817355,0.8831317544192974
41.jpg,Sandstone,743.2317073170732,1458.256880733945,1031.5510321100917,1430.1834862385322,0.9885702379460972,0.9775742490583159,0.9841363295895474,0.9780059747448939,2.914634146341464,5.718654434250765,4.0452981651376145,5.608562691131499,0.7535622745949582,0.7981840755846241,0.7726112254115145,0.7965510901854853,0.49073422345224377,0.48032310602432793,0.48636333684371247,0.4807356606020656,0.7005242490108703,0.6930534654875682,0.6973975457683461,0.6933510370671306,0.9770467727499551,0.954945398573092,0.9681463117611732,0.9558127598839845
34.jpg,Sandstone,1735.2439024390246,2546.880733944955,1840.9457425458716,2529.724770642202,0.9733146141168298,0.9608328863232407,0.971689082174117,0.9610967186872605,6.804878048780489,9.987767584097861,7.219395068807339,9.920489296636088,0.5222972239928185,0.5604533985870022,0.5272301717079612,0.5597143370440727,0.7298389104565788,0.7175565510239922,0.7284779461553307,0.7177997893150104,0.8543060988056791,0.8470870976611509,0.8535091951205509,0.8472306588615702,0.8907159274473779,0.840007593052486,0.8839756809655444,0.8410853128788318
82.jpg,Sandstone,5476.280487804877,8470.366972477064,6527.97806766055,8481.284403669724,0.9157832176697801,0.8697387664553091,0.8996097243001175,0.8695708731327512,21.47560975609756,33.21712538226299,25.599913990825687,33.25993883792049,0.9789727589681663,1.0764481696339887,1.015984534013271,1.0767661237699468,0.4257348329739099,0.3898196993740837,0.4124773796789407,0.38969557298651847,0.6524835882793604,0.6243554271199088,0.6422440187957695,0.6242560155789598,0.8305947706092077,0.737840574514998,0.7980894245142022,0.7375026779989982
96.jpg,Sandstone,1847.1951219512198,2030.6422018348624,1311.1883600917436,2546.8807339449545,0.9715929763179156,0.9687718420042004,0.9798359370084007,0.9608328863232406,7.243902439024391,7.963302752293578,5.1419151376146806,9.98776758409786,0.6664206534502202,0.676616922339834,0.6371662396331808,0.7014696040566127,0.615567038120377,0.6121543573008121,0.6236237867697989,0.6047741616603534,0.7845808040733453,0.7824029379423445,0.7896985417042373,0.7776722713716578,0.920389926008762,0.912669696309401,0.9434567293523216,0.890468213573926
79.jpg,Sandstone,901.8292682926829,1347.5229357798166,764.3420298165139,1026.2385321100917,0.9861312510643022,0.979277167044262,0.9882455936115322,0.9842180276795423,3.5365853658536586,5.284403669724771,2.997419724770643,4.0244648318042815,0.476090810215902,0.5020335120827619,0.4674697306675642,0.48420137829134113,0.7430432639164773,0.735805427690058,0.7452781818590637,0.7405659936063602,0.8619995730372941,0.8577910163262716,0.8632949564656703,0.8605614409246792,0.942991798481935,0.9150345315564907,0.9516481859600657,0.9352925020418644
11.jpg,Sandstone,2086.6463414634145,3141.100917431193,2018.0493836009175,3038.1651376146797,0.9679105843591269,0.9516946926240091,0.9689655002060573,0.9532776868081279,8.182926829268293,12.318042813455659,7.913919151376147,11.914373088685018,0.48377391580054796,0.5208506067410166,0.4823350523616758,0.5169640911557459,0.7652352104656586,0.754503757517434,0.7650529283353871,0.7559363432484416,0.8747772347664624,0.8686217574510979,0.8746730408189034,0.8694459978908647,0.8424684449305705,0.7578931309658666,0.8485176960974691,0.7658271197226953
61.jpg,Sandstone,866.0670731707318,1154.1284403669727,829.5907396788991,1185.321100917431,0.986681218694511,0.9822512773295763,0.9872421686759312,0.9817715821222674,3.3963414634146343,4.525993883792049,3.253297018348624,4.648318042813456,0.3683482877151829,0.3848160105678476,0.36606102244892497,0.386451925820703,0.8212099765545718,0.8164619753346017,0.8218845070294162,0.8159995313429149,0.9062063653244617,0.9035828547148301,0.9065784615958048,0.9033269238448032,0.9195948557226559,0.8931453206979505,0.9229216433921644,0.8902573563924898
35.jpg,Sandstone,4692.621951219512,6480.275229357799,4573.623853211009,6382.018348623853,0.9278346822621796,0.9003433206816074,0.9296646902283546,0.90185436058463,18.402439024390244,25.41284403669725,17.93577981651376,25.027522935779814,0.9182802475422353,0.9829870599549922,0.9134720902979674,0.979707704028175,0.46426765828865985,0.44092902256690075,0.46599834326444484,0.4421411893181723,0.68137189426088,0.6640248659251404,0.6826407131606237,0.6649369814637868,0.8460528062614636,0.7876651230416636,0.8499049951696782,0.7908846410316456
17.jpg,Sandstone,1225.2439024390242,1692.2018348623853,1194.6728067660551,1661.0091743119267,0.9811576307563279,0.9739765350035003,0.981627767250545,0.9744562302108091,4.804878048780488,6.636085626911314,4.684991399082569,6.513761467889909,0.29160092928392956,0.31293657387693924,0.289998795623124,0.31162384081718536,0.8771836634013231,0.8700243068941076,0.8777208035265734,0.8704792721622865,0.9365808365546047,0.9327509350808004,0.9368675485502598,0.9329947867819447,0.8193914542045672,0.7512750009411786,0.8237550874305473,0.7558597935505578
84.jpg,Sandstone,1366.7378048780488,2015.045871559633,1377.9906106651374,2055.5963302752293,0.9789816718715891,0.9690116896078548,0.9788086210029043,0.9683880858383535,5.359756097560975,7.902140672782874,5.403884747706422,8.061162079510703,0.7948148132020103,0.831068047001426,0.7954572756779081,0.8332083404841668,0.47972643512619617,0.470205805158492,0.4795816999069987,0.4696212307354869,0.6926228664476767,0.685715542450725,0.692518375140327,0.6852891584838381,0.9579371817342607,0.9379933713777842,0.9575890810972825,0.9367455599658822
85.jpg,Sandstone,988.9024390243902,1704.6788990825687,1127.8705561926606,1550.275229357798,0.9847921994429245,0.9737846569205768,0.9826550832560413,0.9761591481967551,3.8780487804878048,6.685015290519877,4.423021788990826,6.079510703363914,0.7617272640536841,0.8045709659473647,0.7703650661291759,0.7958978833954948,0.4950055340107371,0.48408620697261595,0.4930425849641067,0.48634187311152566,0.7035662968127006,0.6957630393838236,0.7021699117479377,0.6973821571502425,0.9689643171239875,0.9465405150026108,0.9645953865111404,0.9513826824451922
94.jpg,Sandstone,763.4451219512196,977.8899082568807,636.9516915137615,1055.8715596330276,0.988259386676849,0.9849615552508708,0.9902046613429435,0.9837623172325989,2.9939024390243905,3.834862385321101,2.497849770642202,4.140672782874618,0.3669996815120988,0.3799766786854182,0.3591158714776792,0.384256638970239,0.8195300150539271,0.8158572120974869,0.8215637686503904,0.8146954643113176,0.905278970844859,0.9032481453606682,0.9064015493424481,0.9026048217859893,0.9304731458213369,0.9111873163848332,0.9419480784886741,0.9041049652193494
19.jpg,Sandstone,2728.8109756097565,3477.981651376147,2572.6634174311926,3989.5412844036696,0.9580350786514662,0.9465139843850745,0.9604363882534495,0.9386469829852111,10.701219512195124,13.63914373088685,10.08887614678899,15.64525993883792,0.814602730319749,0.847052006486919,0.8075390508604909,0.8685942281402768,0.5093380165867655,0.5001901960917349,0.5111882614573688,0.493226540325714,0.7136792112614501,0.7072412573455644,0.7149743082498621,0.7023008901644038,0.9068379051521245,0.8809243849514339,0.9122380372581389,0.863410124083304
45.jpg,Sandstone,1399.3902439024391,2217.798165137615,1460.3282683486239,2205.321100917432,0.9784795275135725,0.965893670760348,0.9775423942984556,0.9660855488432716,5.487804878048781,8.697247706422019,5.726777522935779,8.648318042813457,0.41180177033212556,0.4426876477124916,0.4166367401569766,0.4421623112432383,0.8029336678040593,0.7955062756575724,0.8007892640429045,0.7956851045929506,0.8960656604312316,0.8919115851123206,0.8948682942438538,0.8920118298503392,0.8777287335513991,0.8011843525903202,0.8733029851088089,0.8023028653746221
81.jpg,Sandstone,3109.7560975609754,4575.963302752293,2948.6202694954127,3874.1284403669724,0.9521767278079387,0.9296287130878065,0.9546547493387965,0.9404218552522534,12.195121951219512,17.944954128440365,11.563216743119266,15.192660550458715,0.8264665612380889,0.8859950078586932,0.8195579187397697,0.8579432533945819,0.5092323895124764,0.49070455482918096,0.5111013493333083,0.5000952571485191,0.7136052056371761,0.7005030726764737,0.7149135257730884,0.7071741349544107,0.8925860154932641,0.8414591625654314,0.8982382485064844,0.8657752419265614
60.jpg,Sandstone,1226.7987804878048,1659.4495412844037,1334.4914707568807,1930.8256880733945,0.9811337191202318,0.9744802149711745,0.9794775709599717,0.9703068666675885,4.810975609756098,6.507645259938838,5.2332998853211015,7.571865443425076,0.58700217157754,0.6114939510706983,0.5928340476746007,0.6253514350662006,0.6637489341947601,0.6566597881466757,0.6623638182936188,0.6527168054888538,0.814707882737586,0.8103454745641983,0.8138573697482986,0.8079089091530393,0.9406226954215805,0.919866636703798,0.9353684815801521,0.9067621205256595
40.jpg,Sandstone,3126.859756097561,4672.660550458716,3201.847405389908,4290.5504587155965,0.9519136998108824,0.9281416579451494,0.9507605049458692,0.9340179242346816,12.262195121951219,18.32415902140673,12.556264334862385,16.825688073394495,0.7504059654306368,0.8093724899083298,0.7543942745164856,0.7950727855316324,0.57703509849893,0.5583912942135616,0.5753574353321991,0.5634576389585748,0.7596282633623699,0.7472558425422725,0.758523193667932,0.7506381544782911,0.8725124977211802,0.8083303600877599,0.8696751068752848,0.8240042792394618
52.jpg,Sandstone,1606.189024390244,2320.7339449541287,1612.575258027523,2429.908256880734,0.9752992799128004,0.964310676576229,0.9752010694487201,0.9626317433506484,6.298780487804878,9.100917431192661,6.323824541284404,9.529051987767584,0.808881799747785,0.847022719602671,0.8092530432298084,0.852516926831498,0.47598253262999335,0.4656996970566862,0.47587900745297773,0.4641434005825545,0.6899148734662801,0.6824219347710668,0.6898398418857653,0.681280706157568,0.9505905380665262,0.9286037197271857,0.9503950948257125,0.9252450237466098
5.jpg,Sandstone,5474.725609756098,7715.504587155963,5311.555690940368,7586.05504587156,0.9158071293058762,0.8813473904721809,0.9183164320281062,0.8833381255825121,21.46951219512195,30.256880733944953,20.829630160550458,29.749235474006117,0.9689605944997817,1.044237862713452,0.9628427199176137,1.0402567914013021,0.4348178347869225,0.4069518084612329,0.43702350179043314,0.4084741109729453,0.6594071843610156,0.6379277454862995,0.661077530846748,0.6391197939142124,0.8274980697767157,0.7570909269747703,0.8326007451253038,0.7611664177896263
21.jpg,Sandstone,3636.8597560975613,5062.568807339449,3702.0875143348626,5455.59633027523,0.9440706831713844,0.9221454678537899,0.9430675804395956,0.9161013082416998,14.26219512195122,19.853211009174313,14.517990252293579,21.394495412844037,0.6585547402609213,0.704475119142171,0.662267580694679,0.7169762311838407,0.6616619571683523,0.645997078645203,0.6598408537454432,0.640930518455424,0.8134260612792981,0.803739434546547,0.8123058868095462,0.8005813627954526,0.8041221875979065,0.7241200301393493,0.8012572297156546,0.7027023614995206
22.jpg,Sandstone,3013.3536585365855,4377.889908256881,3038.725630733945,4357.614678899083,0.9536592492458926,0.9326747776542171,0.9532690672848715,0.9329865795389677,11.817073170731707,17.168195718654435,11.91657110091743,17.088685015290523,0.6864613388178177,0.7367724394720407,0.6885255070459574,0.736032397158239,0.6281138689393477,0.6123752445636971,0.6269596195712371,0.6126451629131868,0.7925363518093966,0.7825440847413627,0.7918078173213732,0.7827165278139889,0.8585823416810481,0.7927347117830383,0.8577390944309488,0.7936946151484894
30.jpg,Sandstone,677.9268292682926,1116.697247706422,545.2927895642201,1083.9449541284405,0.9895745266621306,0.9828269115783469,0.9916142344667637,0.983330591546021,2.658536585365854,4.379204892966361,2.138403096330275,4.250764525993884,0.21598588160555623,0.22782221315960413,0.21120604041673258,0.2263248324125086,0.912786269912661,0.9116429380972141,0.9132699927812423,0.912129579498811,0.9553984874975787,0.954799946636579,0.9556516063823899,0.9550547520947744,0.864420431160922,0.7597414541913994,0.8930567516830973,0.7667881433841097
90.jpg,Sandstone,704.359756097561,909.2660550458717,770.5561926605504,1115.1376146788991,0.9891680288484982,0.9860168847069499,0.988150029331951,0.9828508963387123,2.7621951219512195,3.5657492354740064,3.021788990825688,4.373088685015291,0.4231121239730519,0.4362577629202208,0.42699742987569805,0.4479692537048683,0.7772280629950362,0.7735957515298959,0.7763905446677819,0.7705282817475615,0.8816053896131967,0.8795429219372389,0.8811302654362645,0.877797403588984,0.9489187771978528,0.9342321338453611,0.9440766017670829,0.9193412962254426
0.jpg,Sandstone,5669.085365853659,7846.51376146789,5473.123924885321,7506.51376146789,0.9128181747938723,0.8793326706014842,0.9158317607589992,0.8845613483611495,22.231707317073173,30.77064220183486,21.46323107798165,29.43730886850153,0.8291212382517726,0.8953923567698274,0.8223194156981251,0.8860074997741283,0.5577097480697145,0.5304221727555,0.5604215973579357,0.5344163708624776,0.7467996706411395,0.728300880649955,0.7486131159403606,0.7310378723858824,0.7596326294004833,0.6680075753954708,0.767803942297094,0.682393253901491
43.jpg,Sandstone,234.78658536585365,288.53211009174316,197.29967029816513,302.56880733944956,0.9963893429494994,0.9955628193323941,0.9969658341233019,0.9953469564891052,0.9207317073170731,1.1314984709480123,0.7737241972477064,1.1865443425076452,0.10822921340098596,0.11186377913073117,0.10567184120760167,0.11272613823501226,0.9615003924724876,0.9605757108412536,0.9621025380624569,0.960361806980266,0.9805612640077558,0.9800896442883444,0.9808682572407249,0.9799805135717067,0.8965469144364697,0.8732458307927682,0.9129911425880393,0.8670794117502542
44.jpg,Sandstone,920.4878048780488,1163.4862385321103,728.6105934633027,1255.5045871559632,0.9858443114311499,0.9821073687673837,0.9887950882191231,0.9806922679058229,3.6097560975609757,4.562691131498472,2.8572964449541285,4.92354740061162,0.42142243793300826,0.43576109220621045,0.4097611609394799,0.4406900057727189,0.7848670259299438,0.7807135498279248,0.7878939172647198,0.7793510710892975,0.8859272125462361,0.8835799623282121,0.8876338869515515,0.8828086265376531,0.9296347292497263,0.9112955321861517,0.9442606762346175,0.9042800313804991
1.jpg,Sandstone,2619.9695121951218,3697.889908256881,2499.6470040137615,3861.651376146789,0.9597088931781883,0.9431321331735478,0.9615592685385268,0.9406137333351768,10.274390243902438,14.501529051987768,9.802537270642201,15.143730886850152,0.8610280890227664,0.9102509632016129,0.8551586574266459,0.9172624642293133,0.4622807677502887,0.4474585148465372,0.4639467816727031,0.44523285967449233,0.6799123235758333,0.6689233998347921,0.6811363899195984,0.6672577160846417,0.9192632973841992,0.8860132961444689,0.9229771162461021,0.8809653822242535
23.jpg,Sandstone,1733.689024390244,2843.211009174312,1741.5191370412845,2295.7798165137615,0.9733385257529259,0.9562757818538076,0.9732181106474136,0.9646944327420761,6.798780487804878,11.149847094801224,6.829486811926605,9.003058103975535,0.6102999041478868,0.658890495674981,0.6117189774170984,0.6342275780062263,0.6597752963498915,0.6469251735627456,0.6588185903666582,0.6546786092820328,0.8122655331539629,0.8043165878948075,0.8116764074227231,0.8091221226008054,0.9151634821874697,0.8595237504329455,0.9150082280154743,0.8865710151603379
86.jpg,Sandstone,906.4939024390244,1427.0642201834862,1033.1045728211009,1296.0550458715597,0.9860595161560142,0.9780539442656248,0.9841124385196522,0.9800686641363214,3.5548780487804876,5.5963302752293576,4.051390481651376,5.08256880733945,0.33180836697921556,0.35901933090940585,0.338477191617362,0.352673512251758,0.8467113967514898,0.8386012074564498,0.8449325993191525,0.8405315845028752,0.9201692218018866,0.9157517171463289,0.9192021536741265,0.9168050962461297,0.9000969353596432,0.8431661610722223,0.886053389139427,0.8575640216951003
12.jpg,Sandstone,1072.8658536585365,1901.1926605504589,1127.8705561926606,1762.3853211009177,0.9835009710937388,0.9707625771145318,0.9826550832560413,0.9728972207870558,4.2073170731707314,7.4556574923547405,4.423021788990826,6.911314984709481,0.29953502286585315,0.32824037114075244,0.30461948625284696,0.322566525728625,0.8702031688379589,0.8631156600159207,0.8679663442459666,0.8651300665614664,0.9328468088801928,0.9290401821320328,0.9316471135821581,0.9301236834751959,0.8547211820952533,0.730529800534453,0.8491583189543339,0.7502039988547432
28.jpg,Sandstone,1881.4024390243903,2734.036697247707,1909.3015338302753,2741.8348623853212,0.971066920323803,0.9579547150793881,0.9706378750987256,0.9578347912775609,7.378048780487805,10.721712538226301,7.4874569954128445,10.752293577981652,0.8149499222218448,0.8585684510772642,0.8163465108890942,0.8589420344038965,0.4808212306688432,0.46828918234752737,0.48051699265464337,0.46817935585459586,0.6934127419285308,0.6843165805002297,0.6931933299265389,0.684236330411208,0.9410821381311424,0.9144421452925781,0.9401962983134922,0.9141981126208514
64.jpg,Sandstone,2114.6341463414637,2865.0458715596333,1769.4828698394497,2871.2844036697247,0.9674801749093984,0.9559399952086913,0.9727880713892989,0.9558440561672297,8.292682926829269,11.235474006116208,6.939148509174312,11.25993883792049,0.8363533948358199,0.8735277688960289,0.8178888595417639,0.8738228546637492,0.4687215920591563,0.4581297115486186,0.47369606264866393,0.45804223464560445,0.684632450340441,0.6768527990254739,0.6882558119250893,0.6767881756100682,0.9349353608191436,0.9118347200860099,0.9455570240867601,0.9116427434286032
62.jpg,Sandstone,2854.7560975609754,4106.513761467891,2856.9613675458713,3814.862385321101,0.9560982361276877,0.9368481259578032,0.956064322462617,0.9413332761461399,11.195121951219512,16.103975535168196,11.203770068807339,14.960244648318042,0.5749795162592333,0.6231955870049651,0.5748323009783773,0.612842390401095,0.7120448159667689,0.6942295696078397,0.7121899972990621,0.6981683972594662,0.8438274799784425,0.833204398456849,0.8439135010764208,0.8355647175769608,0.8215204129092554,0.7439118298371796,0.8212545613382434,0.7620996337948127
92.jpg,Sandstone,570.640243902439,789.1743119266055,568.5959002293578,776.697247706422,0.9912244295527568,0.9878637112550888,0.9912558684183348,0.9880555893380122,2.2378048780487805,3.09480122324159,2.229787844036697,3.0458715596330275,0.2877754696778424,0.3011753434062512,0.2874952765161915,0.30047083113887,0.8676447779774448,0.8640030304075299,0.8677744875451089,0.8641902907407338,0.9314745181578746,0.9295176331880584,0.9315441414904121,0.9296183575751578,0.9290316052794589,0.9021313454798637,0.9292292957280812,0.9036786759861111
91.jpg,Sandstone,3297.896341463415,4501.100917431193,3399.147075688073,4919.082568807339,0.949283419840319,0.9307799815853476,0.9477263390691713,0.9243520658074104,12.932926829268293,17.65137614678899,13.329988532110091,19.29051987767584,0.8595881318875562,0.9088105836699967,0.8643615527922403,0.924946499361667,0.4839110761064991,0.46860439184658204,0.48224199997824563,0.463107604855416,0.6956371727463241,0.6845468514620325,0.6944364621606829,0.680520098788725,0.8916165604619222,0.8517642172149948,0.8883539914442831,0.8379987321885285
46.jpg,Sandstone,1806.7682926829268,2691.9266055045873,1817.642631880734,2551.559633027523,0.9722146788564124,0.958602303609255,0.9720474482225459,0.9607609320421444,7.085365853658537,10.5565749235474,7.128010321100917,10.00611620795107,0.818318175761512,0.8638696599754851,0.8188623953364067,0.8570306143201389,0.4747234432667984,0.4618871444874173,0.4746135672463043,0.4638717359511254,0.6890017730505477,0.6796227957385018,0.6889220327775156,0.6810812990760541,0.9442347586112045,0.9169422576105337,0.9438937171010758,0.9212731943515834
29.jpg,Sandstone,836.5243902439024,1097.9816513761468,604.3273365825688,1071.467889908257,0.9871355397803355,0.9831147287027321,0.990706373810744,0.9835224696289444,3.280487804878049,4.3058103975535165,2.369911123853211,4.201834862385321,0.4831019486277095,0.49934730051515575,0.46808587741386426,0.49783130294098876,0.735440920025497,0.7309034063208928,0.7391117796854945,0.7312975497195695,0.8575785212011183,0.8549288896281917,0.8597161041212933,0.8551593709476436,0.948921376653575,0.9331255993165375,0.9630731935959569,0.934740464105769
77.jpg,Sandstone,2091.310975609756,3389.0825688073396,2428.1841313073396,3357.8899082568805,0.9678388494508388,0.9478811157259044,0.9626582577537087,0.9483608109332131,8.201219512195122,13.290519877675841,9.522290711009175,13.168195718654435,0.6650087553483802,0.720204473908046,0.6820695871940321,0.7189142116173527,0.6237876562599706,0.6081727409955638,0.6182227288330268,0.6086026697985834,0.789802289348398,0.7798543075444053,0.786271409141288,0.7801299057199278,0.9068008211868345,0.8477919757689432,0.8920209902275498,0.8491928779707937
56.jpg,Sandstone,1071.310975609756,1515.9633027522937,944.552752293578,1528.4403669724772,0.983524882729835,0.9766868129247948,0.985474229503682,0.9764949348418714,4.201219512195122,5.944954128440367,3.7041284403669725,5.99388379204893,0.7110341678131405,0.7379835303675457,0.7028676325193548,0.7386858679015789,0.5473351169561151,0.5400694266442735,0.5494215203546279,0.5398865292833069,0.7398210033218272,0.7348941601647638,0.7412297352067224,0.734769711735117,0.9622523604304227,0.946670518082226,0.966703622448125,0.946231592305125
83.jpg,Sandstone,1057.3170731707319,1668.8073394495414,1073.4966313073396,1670.3669724770643,0.9837400874546992,0.974336306408982,0.9834912707023753,0.9743123216486165,4.146341463414634,6.5443425076452595,4.209790711009175,6.5504587155963305,0.3361621414803385,0.3580082444742506,0.3391023826421611,0.3580775832228975,0.8469024474867923,0.8427336839970155,0.8453060537185085,0.8427109305560289,0.9202730287728704,0.9180052744930257,0.9194052717482691,0.9179928815388652,0.8814007938509779,0.8059585752665145,0.8807649854100598,0.8057772281405954
47.jpg,Sandstone,1155.2743902439024,1540.9174311926604,941.4456708715596,1503.48623853211,0.9822336543806491,0.9763030567589478,0.9855220116434725,0.9768786910077183,4.530487804878049,6.042813455657492,3.6919438073394497,5.896024464831805,0.427628830359281,0.4482715893308824,0.4155247689628825,0.4464148356487523,0.7864022174581184,0.7801921338002314,0.7897324149089474,0.7807408258831313,0.8867932213645515,0.8832848542798815,0.8886689006086279,0.8835953971604489,0.9094218342936903,0.8795085568903362,0.9261311968418386,0.882435474536725
98.jpg,Sandstone,769.6646341463415,1168.165137614679,635.3981508027523,1168.165137614679,0.988163740132465,0.9820354144862873,0.9902285524128387,0.9820354144862873,3.0182926829268295,4.581039755351682,2.4917574541284404,4.581039755351682,0.7559519972260312,0.7814901877365104,0.7466741164083759,0.7814901877365104,0.4897600071335763,0.4839933678248466,0.49173172100242546,0.4839933678248466,0.6998285555288355,0.6956963186799586,0.7012358526219445,0.6956963186799586,0.9762579628914572,0.963952365094158,0.9804016217258983,0.963952365094158
89.jpg,Sandstone,796.0975609756098,995.045871559633,393.04579988532106,917.0642201834862,0.9877572423188323,0.9846977228868509,0.9939555593164993,0.9858969609051228,3.1219512195121952,3.902140672782875,1.5413560779816513,3.5963302752293576,0.5613639554795082,0.5745852250085071,0.5333934679485648,0.5698224417378841,0.6698923022102193,0.666185855361509,0.6761832644162173,0.6673498467647306,0.8184694876476577,0.8162020922305389,0.8223036327392804,0.8169148344624001,0.9615019424925128,0.9519914851072626,0.9809805933251661,0.9557539079044991
48.jpg,Sandstone,1725.9146341463415,2451.743119266055,1713.5554042431193,2638.8990825688074,0.973458083933406,0.9622959567055324,0.9736481499055283,0.9594177854616799,6.7682926829268295,9.61467889908257,6.7198251146788985,10.34862385321101,0.7202031340590869,0.755013365606457,0.7201081108872521,0.7639073044630124,0.5640027279239372,0.5554128304455554,0.5636643682277457,0.5527599431256022,0.7510011504145232,0.7452602434355099,0.7507758441956864,0.7434782734724682,0.9352877893893945,0.9076555555480881,0.935832289423467,0.9006063613151177
18.jpg,Sandstone,2888.9634146341464,3733.761467889908,2532.271358944954,3977.064220183486,0.955572180133575,0.9425804836851427,0.9610575560707263,0.9388388610681344,11.329268292682926,14.642201834862384,9.930475917431192,15.596330275229358,0.8633376337675005,0.9016251002608208,0.8460889661667743,0.9119228354519366,0.46856700455666045,0.4565150841951996,0.4737041400504548,0.45321710174518204,0.6845195428595596,0.6756589999365061,0.6882616799230179,0.6732140088747278,0.9091401490494591,0.8826626421923419,0.9203405969195573,0.8750165988264293
93.jpg,Sandstone,1427.3780487804877,1921.467889908257,1466.5424311926604,2086.788990825688,0.9780491180638439,0.9704507752297811,0.9774468300188746,0.9679083906310446,5.597560975609756,7.535168195718654,5.751146788990825,8.18348623853211,0.30535708312481197,0.326833520350645,0.3069677752295189,0.33330056009305065,0.8716110446698189,0.8640966444661118,0.8711219932224302,0.861710940296347,0.9336011164677445,0.9295679880816206,0.9333391630176193,0.9282838683809749,0.7946941329354575,0.724419056632472,0.7888902780475952,0.7007083585829932
100.jpg,Sandstone,3518.689024390244,5018.899082568808,3719.1764621559632,5156.146788990825,0.9458879675146826,0.9228170411440222,0.9428047786707476,0.9207063822318637,13.798780487804878,19.681957186544345,14.585005733944953,20.22018348623853,0.8685663650388257,0.9296979716607215,0.8770005266922793,0.9348210378317023,0.4815409905607622,0.4609192774306157,0.4789648980103218,0.45913886489854616,0.693931546019319,0.6789103603794949,0.6920728993468259,0.6775978637057131,0.884194659910726,0.835025134067221,0.8775533545695051,0.8305137020591152
42.jpg,Sandstone,1523.780487804878,2336.330275229358,1597.0398509174313,2110.183486238532,0.9765665966258901,0.9640708289725747,0.9754399801476727,0.9675486192255631,5.975609756097561,9.162079510703364,6.2629013761467895,8.275229357798166,0.7916272180714219,0.8355495020237544,0.7956695212870054,0.8239733887647833,0.4894033388979345,0.47724825330367493,0.4884447364752546,0.4804882765094348,0.6995736836802358,0.6908315665223144,0.6988882145774491,0.693172616675987,0.9519516397115517,0.9263905572786476,0.9496298311943939,0.9335156368478039
7.jpg,Sandstone,3691.2804878048782,4727.247706422018,3711.4087586009173,5589.724770642202,0.9432337759080234,0.9273021913323591,0.942924234020224,0.9140386188502723,14.475609756097562,18.53822629969419,14.554544151376145,21.920489296636084,0.8976651640040977,0.9393981148296551,0.8986988765786856,0.9717193563991721,0.4590906600010385,0.44579115932831126,0.45865838896403366,0.43463183525980037,0.6775622923400021,0.6676759388568014,0.6772432273297635,0.6592661338638596,0.8835223566699152,0.8506580398209986,0.8829251591894476,0.8234108923518505
39.jpg,Sandstone,1018.4451219512196,1350.6422018348626,944.552752293578,1398.9908256880733,0.9843378783571,0.9792291975235312,0.9854742295036819,0.9784856699522027,3.9939024390243905,5.296636085626912,3.7041284403669725,5.486238532110091,0.3002522192274304,0.3171055701771608,0.2962463337386867,0.3193560983550706,0.8688719397838337,0.8636187764701193,0.8700669915650988,0.8629066785932171,0.9321330054149106,0.9293109148557975,0.9327738158659359,0.9289277036417942,0.864642415011645,0.8210027055652689,0.8743621971452141,0.8145951811686445
76.jpg,Sandstone,2422.5,3482.660550458716,2294.5796301605506,3011.651376146789,0.9627456709623843,0.9464420301039782,0.964712889764701,0.9536854277343403,9.5,13.657492354740063,8.998351490825689,11.81039755351682,0.6222283367466135,0.6680629711037177,0.6160941529308053,0.6488751029965223,0.6673018534261635,0.6517724391701034,0.6693252163773318,0.6582925094086925,0.8168854591839443,0.8073242466135298,0.8181229836505828,0.8113522720795774,0.8744912750640291,0.8199930178460297,0.8810390943384027,0.8443378940710629
54.jpg,Sandstone,1040.2134146341464,1703.119266055046,933.6779673165138,1545.5963302752295,0.9840031154517556,0.9738086416809423,0.9856414669929487,0.9762311024778516,4.079268292682928,6.678899082568807,3.661482224770642,6.061162079510704,0.2955655260226515,0.3176351524042612,0.2923675831069672,0.3108798171911259,0.8720987357628661,0.8674162093616007,0.8722640245887823,0.8697176769291329,0.9338622680903572,0.931351818252158,0.9339507613299441,0.9325865519774199,0.8573722843383342,0.7553955822630123,0.8735840412934225,0.7780192509364883
14.jpg,Sandstone,861.4024390243902,993.4862385321102,784.538059059633,1197.7981651376147,0.986752953602799,0.9847217076472163,0.9879350097028936,0.981579704039344,3.3780487804878048,3.8960244648318043,3.0766198394495414,4.697247706422019,0.3590115177335879,0.3670393988835802,0.35438885696002853,0.3779094309085132,0.8275071115625917,0.8250930490374254,0.8287832711439036,0.8220568814523338,0.9096741787929301,0.9083463265943367,0.9103753462961877,0.9066735252847817,0.9169040497353811,0.9044266869198531,0.9242599255489266,0.8847718925501524
50.jpg,Sandstone,1433.5975609756097,2066.5137614678897,1297.2064936926608,2054.0366972477063,0.9779534715194598,0.9682201925157953,0.980050956637458,0.9684120705987188,5.621951219512194,8.103975535168196,5.087084288990827,8.055045871559633,0.3517507990266495,0.3716207776250148,0.3473257620816023,0.37111373354897914,0.8433365684867922,0.8389874064372587,0.8439848200191177,0.8391671282171667,0.9183335823581713,0.915962557333682,0.9186864644801934,0.9160606574988179,0.8368139258563118,0.7559909493272851,0.8538121522530077,0.757464211520026
95.jpg,Sandstone,2035.3353658536591,2858.8073394495414,2010.2816800458716,2863.4862385321103,0.968699668350296,0.9560359342501531,0.9690849555555336,0.9559639799690569,7.981707317073173,11.211009174311927,7.883457568807339,11.229357798165138,0.6773482821836445,0.7170372552010609,0.6758442820458631,0.7172454737127897,0.611658945010625,0.5991879740083723,0.6122344404754155,0.5991223507983784,0.7820862772166668,0.7740723312510094,0.7824541139743695,0.7740299417970719,0.9125724414691336,0.8774605065020938,0.9135969313559279,0.8772599508662543
15.webp,Sandstone,525.5487804878048,924.8623853211009,411.6882884174312,924.8623853211009,0.9919178669995417,0.9857770371032957,0.9936688664777561,0.9857770371032957,2.060975609756097,3.626911314984709,1.6144638761467889,3.626911314984709,0.15094107972659104,0.1582162524426725,0.14771363715275776,0.1582162524426725,0.9448246147148366,0.9445184680587081,0.9449543142360198,0.9445184680587081,0.9720208921184958,0.9718633998966666,0.9720876062557426,0.9718633998966666,0.8286148687412996,0.65694744538323,0.8701406890570008,0.65694744538323
71.jpg,Sandstone,1557.9878048780488,2250.5504587155965,1541.112385321101,2417.4311926605506,0.9760405406317774,0.9653899907926737,0.9763000586639021,0.9628236214335719,6.109756097560975,8.825688073394495,6.043577981651377,9.480122324159023,0.7836875117040573,0.8199614489474758,0.7829554862870727,0.8283431420701379,0.4984378568646435,0.48919016768337215,0.4984683203308571,0.48680799490931914,0.706001315058721,0.6994213091430459,0.7060228893816808,0.6977162710653372,0.9498933272277698,0.9275015796429386,0.9504585102026761,0.9221257438992064
8.jpg,Sandstone,1747.6829268292684,2581.1926605504586,1649.860235091743,2624.862385321101,0.9731233210280616,0.960305221595201,0.974627683771234,0.9596336483049687,6.853658536585366,10.122324159021407,6.470040137614679,10.293577981651376,0.37175683669564824,0.39750969853158213,0.3695230124928697,0.39911196933697696,0.8351562639729698,0.8280167789045086,0.8352306511413969,0.827398963856656,0.9138688439666656,0.9099542729744768,0.913909542099981,0.9096147337508644,0.8062060576376611,0.7034638104235341,0.8188186880205195,0.6984468839533582
55.jpg,Sandstone,2355.6402439024387,3284.587155963303,2146.993262614679,3184.7706422018346,0.9637738713145136,0.9494880946703887,0.9669825414047507,0.9510231193337766,9.23780487804878,12.880733944954128,8.41958142201835,12.489296636085626,0.7775432639619478,0.8189617585397686,0.7675802855456784,0.8145600846427365,0.5321501825934792,0.5206422417094027,0.5347070457711718,0.5220245675420041,0.7294862456506491,0.7215554321806487,0.7312366551063834,0.7225126763884521,0.9163231349005467,0.8829089489976862,0.923810291310815,0.8864672715352684
72.jpg,Sandstone,1820.7621951219512,2790.1834862385326,2024.263546444954,2805.779816513762,0.9719994741315481,0.9570912637062325,0.9688699359264763,0.9568514161025781,7.140243902439024,10.941896024464834,7.938288417431193,11.003058103975537,0.8170682371955225,0.8666158681378828,0.8279129460810248,0.8673589528195125,0.476473861984168,0.4623863259824781,0.47359718853812677,0.4621671159671614,0.6902708613176193,0.6799899455010184,0.6881839786991025,0.6798287401744364,0.9435816331837139,0.9135841595941953,0.9372673378133223,0.9131011196813623
57.jpg,Sandstone,1219.0243902439024,1754.5871559633028,1132.5311783256882,1721.8348623853212,0.9812532773007119,0.9730171445888829,0.9825834100463555,0.973520824556557,4.780487804878049,6.8807339449541285,4.441298738532111,6.752293577981652,0.6892454730504556,0.7201604133796524,0.6838426172905505,0.718403653780908,0.5736271962506526,0.5650199954998938,0.5751200544153969,0.5654967546313047,0.7573818034853046,0.7516781196096464,0.758366701810804,0.751995182585171,0.9540488806341264,0.9339818177774007,0.9572871714906126,0.9352141571788891
16.jpg,Sandstone,2024.451219512195,2342.5688073394494,2035.1383314220182,3183.211009174312,0.9688670498029681,0.9639748899311129,0.9687026984372096,0.9510471040941422,7.939024390243902,9.186544342507645,7.980934633027522,12.483180428134556,0.7325733423035076,0.7493070194371261,0.7328855847173729,0.7881795461875035,0.5626502082093991,0.5573381443961661,0.5627071447434601,0.5455087709983903,0.7501001321219716,0.7465508317563956,0.7501380837842191,0.7385856558303785,0.9235399657724709,0.9116875265195454,0.9230964756520545,0.879996166196
6.jpg,Sandstone,3046.006097560976,4463.6697247706425,2884.9251003440368,4285.871559633028,0.953157104887876,0.9313556158341181,0.9556342832045022,0.934089878515778,11.945121951219512,17.504587155963304,11.313431766055047,16.807339449541285,0.8781361172645734,0.9393075553534425,0.8705399505744522,0.9321297709746945,0.45927727369306776,0.43975021840119854,0.46159831548836583,0.4421166044528557,0.6776999879689152,0.66313665137828,0.6794102703730389,0.6649184945937778,0.9055712074499352,0.8616902026296548,0.9105522752948687,0.8671993979127504
65.jpg,Sandstone,2452.0426829268295,3456.1467889908254,2133.0113962155965,3137.9816513761466,0.9622913498765597,0.9468497710301906,0.9671975610338079,0.9517426621447398,9.615853658536587,13.553516819571865,8.364750573394495,12.305810397553516,0.824027136134993,0.8696484144258326,0.8082078183013125,0.8554755282279598,0.49201108614702493,0.47888008603581056,0.49631869202627654,0.4832768609527931,0.7014350191906766,0.6920116227606373,0.7044988942690233,0.6951811713163649,0.9200570351054069,0.8871033668876136,0.930495523320282,0.8974963782391148
24.jpg,Sandstone,1250.1219512195123,1812.2935779816514,984.9448107798165,1704.6788990825687,0.9807750445787913,0.9721297084553616,0.9848530616864051,0.9737846569205768,4.902439024390244,7.107033639143731,3.862528669724771,6.685015290519877,0.38280707036962713,0.40271077468478633,0.370647020515478,0.3978497700321283,0.8197919349762743,0.8161571678770172,0.8224406967332186,0.8177226301020943,0.9054236218347047,0.9034141729445123,0.9068851618221674,0.9042801723482022,0.8808493199393274,0.8221951024387407,0.9068677745507838,0.8327532245830839
75.jpg,Sandstone,2058.658536585366,2793.302752293578,1879.784260321101,2618.623853211009,0.9683409938088554,0.9570432941855016,0.9710918054267356,0.9597295873464304,8.073170731707318,10.954128440366972,7.371702981651376,10.269113149847096,0.5017082139974922,0.5339638898187413,0.4932150172573275,0.52681530057953,0.7518675858207648,0.7408422228479182,0.754612383074429,0.7433049780048404,0.8671029845530258,0.8607219195814164,0.8686842827370764,0.8621513660633151,0.8544225430274447,0.8029892019863628,0.8669733761839075,0.8153092518900633
74.jpg,Sandstone,2122.4085365853657,2897.798165137615,1732.1978927752293,2716.880733944954,0.9673606167289183,0.9554363152410172,0.9733614570667851,0.958218547443408,8.323170731707316,11.363914373088685,6.792932912844037,10.654434250764526,0.6596821241084128,0.6922288607246231,0.6408866637811583,0.6842222435883998,0.6291436752349633,0.6208680815411984,0.6340256908159781,0.62341011692017,0.7931857759913268,0.7879518269165942,0.7962573018917806,0.7895632444080525,0.9037971236192205,0.8675860868297327,0.9216605056595549,0.8758530480395019
37.jpg,Sandstone,4024.0243902439024,5103.119266055046,4542.553038990825,6662.752293577982,0.9381166857834728,0.9215218640842886,0.9301425116262598,0.8975371037188513,15.780487804878048,20.01223241590214,17.813933486238533,26.128440366972477,0.9251584404868793,0.9680215669765047,0.9463225128106336,1.0234420261369757,0.4420483175715377,0.4278319014076716,0.43511244081206923,0.40818673296813934,0.6648671427973695,0.6540886036369015,0.6596305335656235,0.6388949310865906,0.8762059861631828,0.8429935100012068,0.8602575016500279,0.7950086414196683
51.jpg,Sandstone,3503.1402439024387,5215.412844036698,4186.792216169724,5619.357798165138,0.946127083875643,0.919794961337977,0.9356135666322744,0.9135829084033289,13.73780487804878,20.452599388379205,16.418793004587155,22.03669724770642,0.8995332059409276,0.9686483081451369,0.9286799765872698,0.9835218062234159,0.45222366397539415,0.42969125531808694,0.4428795264752743,0.42451420417955726,0.6724757720359851,0.6555083945443315,0.6654919432083864,0.6515475456016677,0.8915595702907477,0.8384682080180471,0.8704162367042697,0.8259572229333205
73.jpg,Sandstone,1606.189024390244,2380.0,1471.2030533256882,1731.1926605504586,0.9752992799128004,0.9633992556823423,0.9773751568091888,0.9733769159943645,6.298780487804878,9.333333333333334,5.76942373853211,6.788990825688073,0.7152594291570157,0.7560242313019778,0.7075200683382885,0.7228703869681397,0.5643261074711345,0.5524117757549771,0.5665134846295132,0.5617587442250996,0.751216418531394,0.743244088947216,0.7526709006129526,0.7495056665730417,0.9399851214987441,0.9112322377235808,0.9450008171696217,0.9354310510309137
4.jpg,Sandstone,5132.65243902439,7186.788990825688,4875.010751146789,7154.036697247707,0.9210676892470029,0.8894782242360642,0.9250298226686743,0.8899819042037385,20.128048780487806,28.18348623853211,19.117689220183486,28.055045871559635,0.9109456936919272,0.9786672185688234,0.9017786522323518,0.9776524214394842,0.47990373531573105,0.45562062311077517,0.4828872993890989,0.45601322589240945,0.6927508464922515,0.6749967578520472,0.6949009277509269,0.675287513502515,0.8235701451624952,0.7522291492023367,0.8325643568732675,0.7533583132359198
26.jpg,Sandstone,2282.560975609756,3102.1100917431195,2105.047663417431,3339.1743119266052,0.964897718211027,0.9522943116331449,0.9676276002919227,0.9486486280575983,8.951219512195122,12.1651376146789,8.25508887614679,13.09480122324159,0.4264913482269383,0.4501648690214398,0.4211063214438584,0.4582982524290772,0.8069648634202604,0.8000300367109324,0.8082153964175776,0.7967454388748484,0.8983122304746053,0.8944439818741766,0.8990080068706716,0.892605981872656,0.7794557421209652,0.6912993809733502,0.7982490592335328,0.6677083834408964
78.jpg,Sandstone,1626.4024390243903,2236.5137614678906,1906.194452408257,2726.2385321100915,0.974988428643552,0.9656058536359629,0.970685657238516,0.9580746388812154,6.378048780487805,8.770642201834866,7.475272362385321,10.691131498470947,0.4910868525763134,0.5205159636130956,0.504390082940436,0.5414398858745191,0.7508523514385284,0.7414418217388077,0.7469479744819356,0.7344852874434257,0.8665173693807461,0.8610701607527738,0.8642615197276433,0.8570211709423669,0.8887176882372296,0.8473698246354715,0.8694780107733038,0.8139487123171579
31.jpg,Sandstone,1492.6829268292684,2247.4311926605506,1677.8239678899083,2280.183486238532,0.9770448293478106,0.9654379603134047,0.9741976445131192,0.9649342803457304,5.853658536585366,8.813455657492355,6.5797018348623855,8.941896024464832,0.7508456214879897,0.7918401496311593,0.7609974227882529,0.7934856220693988,0.527121434155307,0.5155245595545117,0.5245987282526731,0.5150559430271417,0.7260312900662801,0.7180003896618105,0.7242918805651994,0.7176739810158522,0.9490386862856443,0.9233828394354698,0.9426942082488351,0.9222662812315454
10.jpg,Sandstone,1248.5670731707319,1893.3944954128442,1068.836009174312,1887.1559633027523,0.9807989562148874,0.9708825009163589,0.9835629439120612,0.9709784399578207,4.896341463414634,7.425076452599389,4.191513761467891,7.400611620795107,0.7060644299094798,0.7400677268738265,0.6957339871648134,0.7397400190074012,0.5593225406829982,0.5515812692622748,0.5615142966963623,0.5516716318019903,0.7478786938287507,0.7426851750656362,0.7493425763269843,0.7427460075974763,0.9544824576688793,0.9306960818357316,0.9610784141069383,0.930924430824741
101.jpg,Sandstone,502.2256097560976,804.7706422018349,643.1658543577981,845.3211009174312,0.992276541540982,0.9876238636514343,0.9901090970633624,0.987000259881933,1.9695121951219512,3.1559633027522938,2.5222190366972477,3.3149847094801226,0.21768456001739936,0.235102970278362,0.22576756415853452,0.23721863097878773,0.9087787627327703,0.9039757150890247,0.9067180509288729,0.9033679267082508,0.9532988842607392,0.9507763749110644,0.9522174388913873,0.9504566937574015,0.9075655152623793,0.8523131319702895,0.8815282565460238,0.8448715455966996
59.jpg,Sandstone,1999.5731707317073,2592.1100917431195,1598.5933916284405,2746.51376146789,0.9692496359805046,0.960137328272643,0.9754160890777775,0.9577628369964646,7.841463414634147,10.1651376146789,6.268993692660551,10.770642201834864,0.8301385923626823,0.8603784543648196,0.8081558037260379,0.8678603133613565,0.47053506882334417,0.46199282517873635,0.476382593584203,0.45981324872337015,0.6859555880837652,0.6797005408109783,0.6902047475816165,0.6780953094686396,0.9384564406259598,0.9202308291938314,0.9507957493982135,0.9154792359869658
38.jpg,Sandstone,1096.189024390244,1434.862385321101,978.7306479357799,1447.3394495412842,0.9831422965522985,0.9779340204637976,0.9849486259659862,0.9777421423808741,4.298780487804878,5.62691131498471,3.838159403669725,5.675840978593271,0.33973147743159415,0.3571299434345536,0.3333599000241881,0.35772118892922605,0.8453269274664643,0.8399331384859791,0.8471848533223747,0.8397497624867077,0.919416623444706,0.9164786623189757,0.9204264518810694,0.9163786130670596,0.877928688946083,0.84066197707775,0.8909225634515489,0.8392764290523392
70.jpg,Sandstone,3611.9817073170734,4521.376146788991,3397.593534977064,5162.385321100917,0.9444532693489207,0.9304681797005967,0.9477502301390666,0.9206104431904021,14.164634146341465,17.730886850152906,13.32389621559633,20.244648318042813,0.8738666108522049,0.9118688215300672,0.8643647941552328,0.936348622048127,0.47909357095301053,0.46628492184099324,0.48219716842904375,0.4578951065809607,0.6921658550903899,0.6828505852973937,0.6944041823239862,0.6766794710798908,0.8814211730243907,0.8517476169627326,0.8884208000140068,0.8307294281292325
68.jpg,Sandstone,1819.2073170731708,2748.073394495413,1865.8023939220186,2801.1009174311926,0.9720233857676441,0.9577388522360992,0.9713068250557928,0.9569233703836744,7.134146341463414,10.776758409785932,7.316872133027524,10.984709480122325,0.6946945182960509,0.7375115097359289,0.6978226151411611,0.7399252005798753,0.5899697823630274,0.5788956230119877,0.5886767415332619,0.5781497221677587,0.7680949045287486,0.7608519060973612,0.7672527233795016,0.760361573310855,0.926921573080685,0.8889684238854298,0.9251704413268558,0.8868259303622202
69.jpg,Sandstone,5945.8536585365855,7930.733944954129,5760.528956422018,8291.009174311928,0.9085619035687789,0.8780374935417505,0.911411912828376,0.8724970138973347,23.31707317073171,31.10091743119266,22.590309633027523,32.513761467889914,0.8684732813671676,0.929334987438896,0.8620717892884391,0.9391718128618756,0.5297171433514909,0.5049450715623772,0.5322686901659227,0.5007867077080317,0.7278166962577122,0.7105948716127757,0.7295674678642975,0.7076628488963029,0.7638470266407602,0.6856311452947919,0.7710807493999051,0.671350082278685
2.jpg,Sandstone,1777.2256097560976,2579.633027522936,1553.5407110091744,2609.2660550458713,0.972668999942237,0.9603292063555666,0.9761089301047401,0.9598734959086233,6.969512195121951,10.116207951070336,6.092316513761468,10.232415902140673,0.7217514848816236,0.7628092055403124,0.7093660966156712,0.764209085386537,0.5643439700010132,0.5520843572397959,0.5678182387396806,0.551665005365319,0.7512283075077864,0.7430237931855183,0.7535371515324779,0.7427415468151213,0.9331867103632897,0.9031975218539091,0.941565886644873,0.902085522407249
9.jpg,Sandstone,626.6158536585366,1040.275229357798,514.2219753440368,1040.275229357798,0.9903636106532997,0.9840021648362532,0.9920920558646691,0.9840021648362532,2.4573170731707314,4.079510703363914,2.016556766055046,4.079510703363914,0.16478472706527086,0.17235968536620722,0.16186318249025386,0.17235968536620722,0.9391203707515596,0.9385806187463647,0.9392333926724121,0.9385806187463647,0.9690822311607822,0.9688037049611055,0.9691405433023697,0.9688037049611055,0.8122848279730632,0.6497581365033933,0.8505686980239905,0.6497581365033933
33.jpg,Sandstone,1201.920731707317,1838.8073394495414,1160.4949111238532,1826.3302752293578,0.9815163052977683,0.9717219675291492,0.9821533707882408,0.9719138456120727,4.713414634146341,7.2110091743119265,4.550960435779817,7.162079510703364,0.2777116135620422,0.2956938316159495,0.2782727654454814,0.2952064405878889,0.8849875325373642,0.8808794594841755,0.8841370440584954,0.8810605251331691,0.9407377597063723,0.9385517883868612,0.940285618340776,0.9386482435572813,0.8091880757501534,0.6914237350360031,0.8185083362373424,0.693517551931433
36.jpg,Sandstone,4692.621951219512,6480.275229357799,4573.623853211009,6382.018348623853,0.9278346822621796,0.9003433206816074,0.9296646902283546,0.90185436058463,18.402439024390244,25.41284403669725,17.93577981651376,25.027522935779814,0.9182802475422353,0.9829870599549922,0.9134720902979674,0.979707704028175,0.46426765828865985,0.44092902256690075,0.46599834326444484,0.4421411893181723,0.68137189426088,0.6640248659251404,0.6826407131606237,0.6649369814637868,0.8460528062614636,0.7876651230416636,0.8499049951696782,0.7908846410316456
88.jpg,Coal,1848.75,2554.678899082569,1520.9163560779818,2645.1376146788994,0.9715690646818196,0.9607129625214135,0.9766106425725406,0.959321846420218,7.25,10.018348623853212,5.964377866972478,10.373088685015292,0.7755017894541811,0.8100907522461496,0.7578119473664238,0.81443936087476,0.5171978090497843,0.5082743475803413,0.5216442114896882,0.5069944543719106,0.7191646605957389,0.7129336207392252,0.7222494108614338,0.7120354305594003,0.9375380620129177,0.9134598235713314,0.9486519387806134,0.9103955193998643
12.jpeg,Coal,1086.8597560975613,1434.862385321101,927.463804472477,1378.7155963302753,0.9832857663688747,0.9779340204637976,0.9857370312725298,0.9787974718369533,4.262195121951221,5.62691131498471,3.6371129587155964,5.4067278287461775,0.27561387394730563,0.2923157274402053,0.26745253912305944,0.28980911664574605,0.8847004018040012,0.8792704699377086,0.8871561266659345,0.8800965731881242,0.9405851379880511,0.937694230513182,0.9418896573728446,0.9381346242347759,0.8309353330589866,0.7774453943823328,0.8556125465764217,0.7861540528630243
97.jpg,Coal,200.57926829268294,282.29357798165137,200.4067517201835,269.8165137614679,0.996915398943612,0.9956587583738559,0.9969180519835115,0.9958506364567794,0.7865853658536586,1.107033639143731,0.7859088302752294,1.058103975535168,0.04443721152039855,0.048745642340119605,0.04440438414299008,0.04813622204414479,0.9875479177802159,0.986272050238728,0.9875585813978711,0.9864623020613351,0.993754455476913,0.9931123049477979,0.9937598207805903,0.9932080859826581,0.6710392084813516,0.5384281776746997,0.6710405476028908,0.558829142197365
99.jpg,Coal,253.4451219512195,330.6422018348625,220.60278096330276,296.33027522935777,0.996102403316347,0.9949152308025273,0.9966074680748731,0.995442895530567,0.9939024390243902,1.2966360856269117,0.8651089449541285,1.162079510703364,0.12941907011821524,0.1346114696839156,0.12714007211583747,0.13246348938431013,0.9515798544283864,0.9502703126004673,0.9521186588234806,0.9507928976101737,0.9754895460374685,0.9748180920563936,0.9757656782360612,0.9750860975371219,0.9124863135093542,0.8861704005848743,0.9237626120241116,0.8979829061845573
80.jpg,Coal,1060.4268292682927,1634.4954128440365,795.4128440366973,1559.633027522936,0.983692264182507,0.9748639711370215,0.9877677722136269,0.9760152396345627,4.158536585365853,6.409785932721712,3.1192660550458715,6.116207951070337,0.6341854901446201,0.6641117906254783,0.6183170461427504,0.6600658419315495,0.6170104623307604,0.610949977914215,0.6202980083386413,0.6120447111601744,0.785500135156424,0.7816328920370579,0.787590000151501,0.7823328646811244,0.9555577118165873,0.9310472378814758,0.9667253080252747,0.9342053796578969
3.jpg,Coal,127.5,157.52293577981652,80.78411697247708,155.96330275229363,0.9980392458401255,0.9975775392030909,0.9987576643654466,0.9976015239634564,0.5,0.6177370030581041,0.31680045871559637,0.6116207951070338,0.08331423597271026,0.08562971914041219,0.07970538777287316,0.085521288694355,0.9711781816516366,0.9706374738433894,0.9719170975276419,0.9706613433400381,0.9854837297751986,0.9852093553369199,0.9858585585811191,0.9852214691834715,0.9270130963586692,0.9100977010722473,0.9537161716707808,0.9109878228438093
20.jpg,Coal,942.2560975609757,1249.2660550458716,846.6796875,1258.6238532110092,0.9855095485258055,0.9807882069472846,0.9869793669070833,0.9806442983850919,3.6951219512195124,4.899082568807339,3.3203125,4.935779816513762,0.16757323137975177,0.1804214196396341,0.16321735818209693,0.18077812418144543,0.940314794497426,0.9356169674531958,0.9417823215209173,0.9354786070412922,0.9696983007603066,0.9672729539551883,0.9704546983352275,0.967201430437989,0.6808538611074844,0.5781276220413143,0.7129850066614243,0.5749675293225226
66.jpg,Coal,1150.609756097561,1689.0825688073394,812.5017918577983,1689.0825688073394,0.9823053892889373,0.9740245045242313,0.9875049704447789,0.9740245045242313,4.51219512195122,6.623853211009174,3.186281536697248,6.623853211009174,0.7379632878679289,0.7678804741796084,0.7167899579919343,0.7678804741796084,0.525296042271757,0.5185389482338183,0.5300146472730665,0.5185389482338183,0.7247730970943644,0.7200964853641617,0.7280210486469924,0.7200964853641617,0.9613076219371225,0.9430552867079841,0.9726967687458038,0.9430552867079841
13.jpg,Coal,1346.5243902439024,1675.045871559633,911.9283973623855,1734.3119266055046,0.9792925231408375,0.9742403673675202,0.9859759419714824,0.9733289464736335,5.280487804878049,6.568807339449541,3.576189793577982,6.801223241590214,0.6014794391282616,0.6200955295659982,0.5757339270200351,0.6231803319344584,0.655470939539339,0.649916099472905,0.6621299940364562,0.6490524524551929,0.8096115979525855,0.8061737402526238,0.8137137052037751,0.8056379164706642,0.9361363443759829,0.9207353123434768,0.9567208699891692,0.917930788944084
27.jpg,Coal,1590.6402439024391,2197.522935779816,1180.6909403669724,2225.5963302752293,0.9755383962737607,0.9662054726450986,0.9818427868796025,0.9657737469585207,6.237804878048781,8.617737003058103,4.630160550458716,8.727828746177371,0.365566399770675,0.38373098350915774,0.34791173618708576,0.38484539777370397,0.8368987683431143,0.8329295425970634,0.8415846652558481,0.8325271774924622,0.9148217139656853,0.9126497370826682,0.9173792374235685,0.9124292725973132,0.824314891590893,0.7485815227621768,0.870845647112179,0.7453696472545255
67.jpg,Coal,32.65243902439024,45.22935779816513,31.07081422018349,45.22935779816513,0.9994978556419833,0.9993044419494024,0.9995221786020949,0.9993044419494024,0.12804878048780488,0.17737003058103973,0.12184633027522937,0.17737003058103973,0.006897628055337016,0.007651666752757405,0.006793015362119327,0.007651666752757405,0.9985181885038954,0.9983220082987296,0.9985433304025225,0.9983220082987296,0.9992588195777385,0.9991606518967456,0.9992713997721152,0.9991606518967456,0.48755367887175693,0.2923349713675674,0.5119560905066332,0.2923349713675674
25.jpg,Coal,971.7987804878048,1528.4403669724775,820.2694954128441,1514.403669724771,0.9850552274399809,0.9764949348418714,0.9873855150953027,0.9767107976851603,3.810975609756097,5.993883792048931,3.2167431192660554,5.938837920489298,0.23464599213714554,0.24910751240500006,0.2297529968231625,0.24854477218585416,0.906448079961009,0.9036166661756958,0.9072016675949258,0.9038224308843612,0.9520756692411633,0.9505875373555535,0.9524713473879022,0.9506957614738594,0.8104154374950195,0.6798952108696512,0.8429892725995066,0.6828349487290116
32.jpg,Coal,898.719512195122,1447.3394495412842,727.0570527522937,1444.2201834862387,0.9861790743364942,0.9777421423808741,0.9888189792890183,0.9777901119016049,3.524390243902439,5.675840978593271,2.8512041284403673,5.663608562691132,0.7621513467660873,0.7956139971845484,0.7507046587129775,0.7954327034735487,0.49020795552710356,0.4823722345572621,0.49270037591386573,0.48241807165364275,0.7001485239055378,0.6945302258053727,0.7019261897905404,0.6945632236547244,0.9721438962317068,0.9551123789121921,0.9774683320265495,0.9552091194748813
63.jpg,Coal,848.9634146341464,1210.2752293577983,411.6882884174312,1208.7155963302753,0.9869442466915673,0.9813878259564205,0.9936688664777561,0.9814118107167861,3.3292682926829267,4.746177370030581,1.6144638761467889,4.7400611620795114,0.3176354034173631,0.33724386945065504,0.29088015692103386,0.33716599248459833,0.8547132938162026,0.8489590286725953,0.8614127878836,0.8489821215325721,0.9245070544978025,0.9213897268108622,0.9281232611477852,0.9214022582632257,0.9013909760658876,0.8598194733633763,0.9521434681169377,0.8600001183719287
87.jpg,Coal,1568.8719512195123,2171.0091743119265,1115.442230504587,2142.935779816514,0.975873159179105,0.966613213571311,0.9828462118152034,0.967044939257889,6.152439024390244,8.513761467889907,4.374283256880734,8.403669724770642,0.8057949604665268,0.8385499572534085,0.7788169711090684,0.8370944220392541,0.4774750647888368,0.4686199349351774,0.4841977963258805,0.4690230249006724,0.690995705333135,0.6845582041982825,0.6958432268304985,0.6848525570520069,0.9516469210768153,0.9331059913671191,0.9656191746092863,0.9339710000994409
58.jpg,Coal,80.85365853658537,106.05504587155964,60.5880877293578,85.77981651376146,0.9987565949230065,0.9983690362951503,0.9990682482740849,0.9986808381799009,0.3170731707317074,0.41590214067278286,0.23760034403669725,0.3363914373088685,0.03887601612785651,0.04071148942758075,0.03735129738780871,0.039311280022018724,0.9886944986495607,0.9882774293897127,0.9890140905573699,0.98858831618658,0.9943311815736047,0.9941214359371358,0.9944918755612686,0.9942777862280642,0.8764436855978606,0.8384238464470015,0.9073331693311905,0.869313405214487
49.jpg,Coal,1615.5182926829268,2283.302752293578,1300.313575114679,2334.770642201835,0.9751558100962241,0.9648863108249995,0.9800031744976674,0.9640948137329401,6.335365853658537,8.954128440366972,5.099268922018348,9.155963302752294,0.6068888044159393,0.6364642861641985,0.5907492031156449,0.6388749905230853,0.6592179925649791,0.6525504769521759,0.6630124877122574,0.6518151806502382,0.8119224055074347,0.8078059649149516,0.8142557876443111,0.807350717253808,0.921515703605254,0.8880172873139108,0.9369951278959864,0.8854930868230356
53.jpg,Coal,928.2621951219512,1241.467889908257,798.5199254587156,1216.51376146789,0.9857247532506698,0.9809081307491118,0.9877199900738363,0.9812918869149587,3.6402439024390243,4.868501529051988,3.1314506880733948,4.770642201834862,0.2564243134317945,0.27208540118111946,0.24950906264905248,0.2709293308014708,0.8936012981553564,0.8886774189209381,0.8956189439864155,0.8890466745659965,0.9453048704811355,0.9426968860248442,0.9463714619463203,0.9428927163606666,0.8453814973279745,0.7938098437432152,0.8668837101934573,0.7979543694971204
41.jpg,Coal,2677.5,3532.5688073394494,1898.426748853211,3579.357798165138,0.9588241626426353,0.9456745177722842,0.9708051125879924,0.944954974961321,10.5,13.853211009174311,7.444810779816514,14.036697247706423,0.7105411791809682,0.7445442912103613,0.6737515584959035,0.746457032870848,0.6003158468657435,0.5909048234670867,0.6107594478876062,0.5902639687732516,0.7748005206927415,0.7687033390503041,0.7815110030496091,0.7682863846074923,0.8856854342612637,0.8481318177661565,0.9191035414608129,0.8461203186637214
34.jpg,Coal,1253.2317073170732,1926.1467889908258,1081.2643348623853,1921.467889908257,0.9807272213065994,0.9703788209486848,0.983371815352899,0.9704507752297811,4.914634146341463,7.553516819571866,4.240252293577982,7.535168195718654,0.7515954522164612,0.7883197277740114,0.7414131134250763,0.7880714858945788,0.5166858217141121,0.5078842760589712,0.5189454260322744,0.507951973751809,0.7188086127155907,0.7126600003220128,0.7203786685016946,0.7127074952263439,0.9585000989061571,0.9360736846546518,0.964217030451984,0.9362289712506324
82.jpg,Coal,1173.9329268292684,1703.119266055046,888.6252866972477,1770.1834862385322,0.981946714747497,0.9738086416809423,0.9863343080199113,0.9727772969852284,4.603658536585367,6.678899082568807,3.4848050458715596,6.941896024464833,0.7704615878636641,0.8016535855992297,0.7522755371975409,0.8053485322407752,0.4950295537958333,0.4868442822510667,0.49939374107906886,0.48586801169783095,0.7035833666281724,0.6977422749490435,0.7066779613650541,0.6970423313528605,0.9629475030657928,0.9462898328955914,0.9719459217986235,0.9441748721030186
96.jpg,Coal,1164.6036585365853,1597.0642201834862,894.8394495412845,1742.1100917431193,0.982090184564073,0.9754396053857921,0.9862387437403302,0.9732090226718064,4.567073170731708,6.2629969418960245,3.5091743119266057,6.8318042813455655,0.7828228611557402,0.8082730325196923,0.7656924809209655,0.8163842828935444,0.48252307291091306,0.4762062059389701,0.4865275950416171,0.47409013592720206,0.6946388075186363,0.6900769565338131,0.6975153009372749,0.6885420364271175,0.9641717646244917,0.950862363103631,0.9724715758819535,0.9463996675651913
79.jpg,Coal,1573.5365853658539,2122.6605504587155,1342.2591743119267,2428.348623853211,0.9758014242708171,0.9673567411426396,0.9793581156104954,0.962655728111014,6.170731707317073,8.324159021406729,5.263761467889909,9.522935779816514,0.806966528573618,0.8367637694759884,0.7935505670382912,0.8523595928923322,0.4765227543700874,0.4686140880116102,0.47990596897422877,0.46424202509824375,0.6903062757719123,0.6845539336031969,0.6927524586562135,0.681353084016095,0.9515889254873053,0.9346873676781935,0.9587055146688174,0.9252815808045166
11.jpg,Coal,3451.829268292683,4501.100917431193,3268.649655963303,4786.51376146789,0.946916167866812,0.9307799815853475,0.9497331889403731,0.9263907704384724,13.536585365853659,17.65137614678899,12.818233944954128,18.77064220183486,0.8243835107626891,0.8679160426788904,0.816201061327278,0.8787898283624915,0.5199875579817491,0.5051099052172829,0.5227151675995286,0.5013475535795618,0.7211016280537363,0.7107108450117269,0.722990433961286,0.708059004306535,0.8764742976532326,0.8391929767219047,0.882974561550923,0.8289962735826493
61.jpg,Coal,1111.7378048780488,1586.1467889908256,1047.0864392201834,1601.743119266055,0.9829031801913382,0.9756074987083501,0.9838974188905948,0.9753676511046958,4.359756097560975,6.220183486238532,4.106221330275229,6.281345565749235,0.6584425264864628,0.6864638002504012,0.6542797759289529,0.6873147005189859,0.5973576889843082,0.5896028490398554,0.59853363500885,0.5893747566021569,0.7728891828614942,0.7678560080118247,0.7736495556832241,0.7677074681167019,0.9556883894677716,0.9369039798075699,0.9582420251422039,0.9362835666296698
35.jpg,Coal,1259.451219512195,1539.3577981651376,1000.4802178899083,1679.7247706422017,0.9806315747622152,0.9763270415193133,0.9846141509874526,0.9741684130864238,4.939024390243902,6.036697247706422,3.9234518348623855,6.587155963302751,0.43076823249217167,0.44575067779979266,0.41648221110400313,0.4525745513599464,0.7865956682564547,0.7819548559871294,0.7905866396762835,0.7799030595634052,0.8869022878854551,0.8842821133479573,0.8891493910903181,0.8831212032124499,0.900372163096153,0.8785561505464923,0.920798062812753,0.8674822433014914
17.jpg,Coal,174.14634146341461,252.66055045871562,187.97842603211012,271.3761467889908,0.9973218967572446,0.9961144688207992,0.9971091805426736,0.9958266516964139,0.6829268292682926,0.9908256880733946,0.7371702981651377,1.0642201834862384,0.1107554998944765,0.11629769588559549,0.11165837849006001,0.11749859773519644,0.9592729221314915,0.9579593314853913,0.9590934718670473,0.9576738294896129,0.9794247914625663,0.9787539688222936,0.9793331771501705,0.9786081082280143,0.9296264195892665,0.8982034823493154,0.9239726937191766,0.8906629995603761
84.jpg,Coal,1052.6524390243903,1651.651376146789,756.574326261468,1545.5963302752293,0.9838118223629873,0.9746001387730018,0.9883650489610083,0.9762311024778515,4.128048780487805,6.477064220183486,2.966958142201835,6.061162079510703,0.7670166347274641,0.8020128058964773,0.7477667400968849,0.7960252494702519,0.4928417861294825,0.4844776611949053,0.49713988797747066,0.4860284550543944,0.7020269126817593,0.6960442954258769,0.7050814761270293,0.6971574105282066,0.9670452424656993,0.948243793083225,0.9763205765934916,0.951567137814425
85.jpg,Coal,1065.0914634146343,1651.651376146789,907.2677752293578,1667.2477064220184,0.9836205292742191,0.9746001387730018,0.9860476151811682,0.9743602911693474,4.176829268292683,6.477064220183486,3.5579128440366974,6.53822629969419,0.6009648604436101,0.6306445823511732,0.5922161255824518,0.6314669957240665,0.6462104774372919,0.6403135746788601,0.6477956094113851,0.6400859654817576,0.803872177300155,0.8001959601740439,0.8048575087625046,0.8000537266220048,0.9514930851277689,0.924162810896464,0.95877457506411,0.9234466901306139
94.jpg,Coal,1006.0060975609756,1542.4770642201836,796.9663847477063,1573.6697247706422,0.9845291714458682,0.9762790719985823,0.9877438811437317,0.9757993767912736,3.945121951219512,6.048929663608563,3.1253583715596327,6.17125382262997,0.7033128273299928,0.7333790507564397,0.6902906125813284,0.7351201061592241,0.5517364857725293,0.5453471057334631,0.5544328300984729,0.5448903915945562,0.7427896645568847,0.7384762052588175,0.7446024644724679,0.7381669130993045,0.9642726783196498,0.9450252466081485,0.9717245494108399,0.9439135225759573
19.jpg,Coal,698.140243902439,903.0275229357799,498.68656823394497,912.3853211009175,0.9892636753928823,0.9861128237484117,0.9923309665636215,0.9859689151862192,2.7378048780487805,3.541284403669725,1.955633600917431,3.577981651376147,0.4030815116763955,0.4161063027283372,0.389982437903314,0.41664916909603206,0.7918727164379417,0.7882711275584061,0.7950322593081989,0.78813123458347,0.8898723034446806,0.8878463423129062,0.8916458149445883,0.8877675566179866,0.9456396963786847,0.9298738306564136,0.9611407974864999,0.9291471346010397
81.jpg,Coal,1226.7987804878048,1818.5321100917433,966.3023222477065,1768.6238532110092,0.9811337191202318,0.9720337694138999,0.9851397545251483,0.972801281745594,4.810975609756098,7.131498470948013,3.789420871559633,6.935779816513762,0.7751565615444052,0.8094559242730706,0.7587946542619599,0.806730506020897,0.4928112268516136,0.4837497671033813,0.4967924264184829,0.48447495015763364,0.7020051473113381,0.6955212197362358,0.7048350348971616,0.6960423479628475,0.9613926445598825,0.9428161486113046,0.969583607530554,0.9443855167454712
60.jpg,Coal,94.84756097560975,137.24770642201835,99.42660550458716,140.36697247706422,0.9985413901981421,0.9978893410878416,0.9984709715267034,0.9978413715671106,0.3719512195121951,0.5382262996941896,0.38990825688073394,0.5504587155963303,0.02058500894336277,0.022931340859812247,0.02084071210395594,0.023087482348820645,0.9948916512342185,0.9942307723160194,0.9948245770416474,0.9941830068595463,0.9974425553555546,0.9971112136146195,0.9974089317033648,0.9970872614067168,0.6005765368660192,0.4237793156478279,0.5809334205324922,0.41068339100346024
40.jpg,Coal,1777.2256097560976,2381.559633027523,1236.6184059633028,2467.3394495412845,0.9726689999422369,0.9633752709219771,0.9809827083633731,0.9620561091018779,6.969512195121951,9.339449541284404,4.8494839449541285,9.675840978593271,0.6550473370378751,0.6819139308401153,0.6263025277532881,0.6859397462530903,0.6232616379185144,0.6171639908854639,0.6304624093166524,0.61594317988039,0.7894692127743262,0.7855978557031987,0.794016630377886,0.7848204762112098,0.9219445603575934,0.8946192836115846,0.9458005776649371,0.8908236454967432
52.jpg,Coal,1177.0426829268292,1551.8348623853212,1020.6762471330276,1550.275229357798,0.9818988914753048,0.9761351634363897,0.9843035670788142,0.9761591481967551,4.615853658536585,6.085626911314985,4.002651949541285,6.079510703363914,0.2933036991332908,0.3110433878489006,0.2854079432226086,0.3109752549846723,0.8755187275246034,0.8696900959721217,0.8779284471499122,0.8697129368566449,0.9356915771367205,0.9325717645158048,0.9369783600222111,0.9325840106160114,0.8303645092503757,0.776990410795237,0.852781014733841,0.7772145410356437
5.jpg,Coal,1455.3658536585365,2117.9816513761466,1172.9232368119267,2213.119266055046,0.9776187086141153,0.967428695423736,0.9819622422290788,0.9659656250414443,5.7073170731707314,8.305810397553516,4.599698967889908,8.678899082568808,0.7971701103013127,0.833266225220274,0.780391175459075,0.8381891296725663,0.4811912923711902,0.4718250391179487,0.48528705459182464,0.4704593980298505,0.6936795314633337,0.686895216985785,0.6966254765595532,0.6859004286555378,0.9549600039723681,0.9344188417704316,0.963706187180381,0.9314730018205025
21.jpg,Coal,1859.6341463414635,2707.522935779816,1510.0415711009175,2603.02752293578,0.9714016832291474,0.9583624560056005,0.9767778800618072,0.9599694349500849,7.2926829268292686,10.617737003058103,5.921731651376147,10.20795107033639,0.7544744863766879,0.7951169882011564,0.7358141627809924,0.7901697472833631,0.5371896891462373,0.5265745044152855,0.541866246302033,0.5280502651047482,0.7329322541314697,0.7256545351717204,0.7361156473693743,0.7266706716971232,0.9342601816365588,0.9039534888581489,0.9466702326430948,0.9076603530554438
22.jpg,Coal,4258.810975609756,5842.385321100918,3987.9390051605506,5438.440366972478,0.9345060287329721,0.9101530876710713,0.9386716235788676,0.9163651406057196,16.70121951219512,22.91131498470948,15.638976490825689,21.327217125382266,0.836342389882964,0.8947320553393636,0.8253561509532763,0.8808443449151389,0.5276748297970785,0.5063604651462558,0.5315220442209682,0.5114949025182369,0.7264123001416471,0.7115900962957928,0.7290555837664013,0.7151887181144827,0.8406912509703168,0.7818495826422716,0.8507475328749693,0.7969325933458625
30.jpg,Coal,831.859756097561,1308.532110091743,649.3800172018349,1305.4128440366974,0.9872072746886237,0.979876786053398,0.9900135327837813,0.979924755574129,3.2621951219512195,5.131498470948012,2.5465883027522938,5.119266055045872,0.21612558678510574,0.22769489685510186,0.20929173018092473,0.22756409785631956,0.9148404671383198,0.9132105904377064,0.9160536197828992,0.9132566323360539,0.956472930687701,0.955620526379434,0.9571069009169766,0.9556446161288483,0.8236195438787861,0.69996614455755,0.865154073797478,0.7006813623297609
90.jpg,Coal,1696.3719512195123,2539.082568807339,1437.0251576834862,2267.7064220183483,0.9739124050192305,0.9609528101250678,0.9779007603468846,0.9651261584286539,6.652439024390244,9.957186544342507,5.6353927752293576,8.892966360856269,0.7758589374465483,0.8182330180550019,0.7615615871140294,0.8048016320931187,0.5112663155684641,0.5002107418710707,0.5147671155434842,0.5040756466554686,0.7150288914222027,0.7072557824939084,0.7174727280834333,0.7099828495502328,0.9436941141441745,0.9155296438178899,0.9523327323026619,0.9245578022796144
0.jpg,Coal,1234.5731707317073,1946.4220183486239,1079.7107941513761,1885.5963302752293,0.9810141609397516,0.970067019063934,0.9833957064227943,0.9710024247181861,4.841463414634147,7.633027522935779,4.234159977064221,7.394495412844036,0.7868045467176773,0.8273262709426669,0.7772271166288138,0.8240576148179555,0.4817757987764281,0.47128424284121395,0.4840966487158499,0.4721645372098117,0.6941007122719498,0.6865014514487306,0.695770543150434,0.6871422976427893,0.9619972249915225,0.940094577529094,0.9667626180193455,0.9419666219813098
43.jpg,Coal,1621.7378048780488,2662.293577981651,1461.881809059633,2387.798165137615,0.9750601635518401,0.9590580140561982,0.9775185032285604,0.9632793318805153,6.359756097560975,10.440366972477063,5.732869839449542,9.363914373088685,0.6296546531329903,0.6770831742227028,0.6219437993350662,0.6644845277174402,0.6402458013334459,0.6280702012962074,0.6418120013347424,0.6319637352094805,0.8001536110856752,0.7925088020307455,0.801131700368137,0.7949614677514127,0.925648348739069,0.876924826650389,0.933131863337144,0.8896144754550352
44.jpg,Coal,6.219512195121952,10.917431192660551,7.7677035550458715,10.917431192660551,0.999904353455616,0.9998321066774419,0.9998805446505237,0.9998321066774419,0.02439024390243903,0.04281345565749235,0.03046158256880734,0.04281345565749235,0.002027989200961734,0.0023865341984022404,0.002149988807106223,0.0023865341984022404,0.999617458255771,0.9995443521544795,0.9995939009334245,0.9995443521544795,0.9998087108321126,0.9997721501194557,0.999796929847969,0.9997721501194557,0.6666188357966232,0.4165827066316433,0.5832735961768218,0.4165827066316433
1.jpg,Coal,2655.731707317073,3414.0366972477063,2390.8991542431195,3649.5412844036696,0.9591589255479798,0.9474973595600574,0.9632316434311949,0.9438756607448764,10.414634146341463,13.388379204892967,9.3760751146789,14.311926605504587,0.7012133245951824,0.7350579604745,0.6886676638955668,0.74468991728235,0.6077026396519346,0.5963713083964575,0.6116729132135503,0.5931429801884048,0.7795528459648741,0.7722508066661099,0.7820952072564761,0.7701577631812879,0.8843416563433212,0.8516356603058907,0.8958122193106197,0.8414012997331128
23.jpg,Coal,1155.2743902439024,1701.559633027523,837.358443233945,1695.321100917431,0.9822336543806491,0.9738326264413077,0.9871227133264548,0.9739285654827694,4.530487804878049,6.672782874617737,3.283758600917431,6.648318042813456,0.6583533882127721,0.6866421599169372,0.6393326031041504,0.6863088213631301,0.5991351007631942,0.5933030844136216,0.6032593554292961,0.5933940130351777,0.7740381778460247,0.7702616986541791,0.7766977246196206,0.770320720891745,0.9536620417072673,0.9313567093941666,0.9664674150586144,0.9316083804871302
86.jpg,Coal,1579.7560975609756,2264.587155963303,1202.4405103211009,2213.119266055046,0.975705777726433,0.9651741279493848,0.9815083119010688,0.9659656250414441,6.195121951219512,8.880733944954128,4.715452981651376,8.678899082568808,0.774289471620599,0.8097084921463831,0.7525720272332903,0.8070987959156475,0.508291299495618,0.4993587656890361,0.5135736176397021,0.5000957705916521,0.7129455094855554,0.7066532145890487,0.7166405079533965,0.7071744979788596,0.94808895083733,0.9254296753101001,0.9605105575660776,0.9271244554166889
28.jpg,Coal,1362.0731707317073,1940.1834862385322,1031.5510321100917,1949.5412844036698,0.9790534067798772,0.9701629581053959,0.9841363295895474,0.9700190495432032,5.341463414634147,7.608562691131498,4.0452981651376145,7.6452599388379205,0.38967524310850465,0.40962514216435364,0.3744010866592543,0.4100322318674831,0.8173134163266268,0.8134697288544569,0.8209224465793491,0.8133344266651816,0.9040538791060114,0.9019255672473516,0.9060477065692232,0.901850556724994,0.870840321643008,0.8106553887201613,0.9029524058087275,0.809742151045178
64.jpg,Coal,1027.7743902439024,1603.3027522935781,803.1805475917431,1651.651376146789,0.9841944085405238,0.9753436663443302,0.9876483168641506,0.9746001387730018,4.030487804878049,6.287461773700306,3.1497276376146788,6.477064220183486,0.7705051283186366,0.8051300524646724,0.7557646022038659,0.807850410144362,0.48825278555975704,0.47952031942030804,0.49167831545475704,0.4788139997202454,0.69875087517638,0.6924740568572284,0.7011977719978558,0.6919638716871318,0.968145677731819,0.9503320365762726,0.975103172964956,0.9488342672512382
62.jpg,Coal,875.3963414634146,1194.6788990825687,873.089879587156,1174.4036697247707,0.9865377488779348,0.981627673560075,0.9865732187188639,0.9819394754448255,3.4329268292682924,4.685015290519877,3.423881880733945,4.605504587155964,0.2072740591126331,0.222394373459182,0.20705579003821456,0.2215082324566526,0.9200676680547293,0.9151173154457513,0.9201574630315627,0.915417761944601,0.9592015784258955,0.9566176432858382,0.9592483844299987,0.9567746662326512,0.7980159994828038,0.7251569062254937,0.798380962860165,0.7298213451537815
92.jpg,Coal,1547.1036585365853,2311.376146788991,1244.3861095183488,2166.330275229358,0.9762079220844495,0.9644545851384216,0.9808632530138968,0.9666851678524073,6.067073170731708,9.064220183486238,4.879945527522936,8.495412844036698,0.7428829944874682,0.7815952730822613,0.7258291219366211,0.7743158583973491,0.5366753289072683,0.5270525806649635,0.5407308054014485,0.5291295944814269,0.7325812780212638,0.7259838708022125,0.735344004804179,0.7274129463251441,0.9459383428833211,0.9189678600419773,0.956555932625603,0.9240528728733512
91.jpg,Coal,1290.5487804878048,1787.3394495412845,1023.7833285550458,1963.5779816513761,0.9801533420402946,0.9725134646212088,0.9842557849390237,0.9698031866999142,5.060975609756098,7.009174311926605,4.014836582568807,7.700305810397553,0.7888239055338045,0.8174321304860607,0.772318884076348,0.8269598745332262,0.4822770425780045,0.4748335138528198,0.4862814797313301,0.47227953696590824,0.6944616926641847,0.6890816452734899,0.6973388557447019,0.6872259722725184,0.9601682475158085,0.9448534819462334,0.9683987083377328,0.9394158235343001
46.jpg,Coal,1478.689024390244,2375.321100917431,1357.7945814220184,2312.935779816514,0.9772600340726749,0.9634712099634388,0.9791192049115428,0.9644306003780563,5.798780487804878,9.314984709480122,5.324684633027523,9.070336391437309,0.6513140071748931,0.6942393601806152,0.6453526874109569,0.6912611286942063,0.6170052273630171,0.6065096569790338,0.6180908287603515,0.6073998897082442,0.7854968028980239,0.778787298932792,0.7861875277313622,0.7793586399779271,0.9369675524208677,0.8980468257325377,0.9422318354941972,0.9007245190816504
29.jpg,Coal,1534.6646341463415,2144.4954128440368,1216.4223767201836,2220.9174311926604,0.9763992151732178,0.9670209544975236,0.9812932922720115,0.9658457012396171,6.0182926829268295,8.409785932721713,4.77028383027523,8.709480122324159,0.3607185214629027,0.3792261064628327,0.347493359188655,0.38226925579168913,0.8391617824883625,0.8351481893422517,0.8424950345583795,0.8340518191187735,0.9160577397131485,0.9138644261279961,0.9178752826819009,0.9132643752598552,0.8287216177489218,0.751958669674675,0.8655603678195871,0.7431193786303543
77.jpg,Coal,1621.7378048780488,2280.183486238532,1308.0812786697247,2355.0458715596333,0.9750601635518401,0.9649342803457304,0.9798837191481912,0.9637830118481895,6.359756097560975,8.941896024464832,5.1297305045871555,9.235474006116208,0.7973286115805932,0.8328596792735379,0.7790787196239,0.8366418785295311,0.48782399478670285,0.477906622017393,0.4925436959524727,0.47683740387489715,0.6984439811371438,0.6913079068095439,0.7018145737675107,0.6905341438878292,0.9488780952136823,0.9281806998306437,0.9587558758566814,0.9258227474311025
56.jpg,Coal,1649.7256097560976,2016.605504587156,1323.6166857798164,2121.100917431193,0.9746297541021115,0.9689877048474893,0.9796448084492386,0.9673807259030051,6.469512195121951,7.908256880733945,5.19065366972477,8.318042813455659,0.4861772205531577,0.5044180438255836,0.4693280641508138,0.5091793936343356,0.7550007084402856,0.7491005026065346,0.7599486785258793,0.7475957566859007,0.8689077675106176,0.8655059229182286,0.8717503533270745,0.8646361990374337,0.8848214994925202,0.8595744610186455,0.9075212872148294,0.8522979636391012
83.jpg,Coal,1408.719512195122,2141.376146788991,1233.5113245412845,2103.9449541284403,0.9783360576969962,0.9670689240182544,0.9810304905031636,0.9676445582670248,5.524390243902439,8.397553516819572,4.837299311926605,8.250764525993883,0.7470507736665497,0.7854320158822902,0.7371201092729693,0.7835136287444626,0.527396226649202,0.5180026432181933,0.5296301384604686,0.5185407040079835,0.7262205082818868,0.7197240048922874,0.7277569226468881,0.7200977044873726,0.9520074185345886,0.926843134192443,0.9580091091550467,0.9281219140754593
47.jpg,Coal,2568.658536585366,3495.1376146788994,2308.5614965596333,3555.9633027522937,0.9604979771693574,0.9462501520210547,0.9644978701356437,0.9453147463668026,10.073170731707318,13.706422018348624,9.053182339449542,13.944954128440367,0.8590219586052823,0.9021596340779285,0.8460149787815345,0.9048336060838201,0.4625240397975336,0.44951853786612006,0.46624978557298025,0.448684551753484,0.6800911996177671,0.6704614365242195,0.6828248571727454,0.6698391984301038,0.920921004155603,0.8924168709981413,0.92892470718475,0.8905446077089524
98.jpg,Coal,1478.689024390244,2214.678899082569,1410.6149655963304,2383.119266055046,0.9772600340726749,0.9659416402810788,0.9783069085351039,0.9633512861616116,5.798780487804878,8.685015290519878,5.531823394495413,9.345565749235474,0.7866220410472307,0.8269534944423448,0.782550105653487,0.8354786777953982,0.4924045855584305,0.48129851709964644,0.4935271628586674,0.4788912851366206,0.7017154591131868,0.6937568140924069,0.7025148844392319,0.6920197144132677,0.9531487080102856,0.9298915176559768,0.9552943342043372,0.9245593232241778
89.jpg,Coal,2097.5304878048782,2852.5688073394494,1767.9293291284405,3117.706422018349,0.9677432029064547,0.9561318732916149,0.9728119624591942,0.9520544640294905,8.22560975609756,11.186544342507645,6.933056192660551,12.226299694189603,0.6589127659846264,0.6907081312778751,0.6431891711724913,0.7021767068214153,0.629122066376795,0.6211183895270774,0.6331276219847837,0.6174152909527808,0.7931721543125395,0.7881106454851866,0.7956931707541441,0.7857577813504495,0.9050309670782174,0.8698012839924962,0.920133349047732,0.8576997084204484
48.jpg,Coal,1117.9573170731708,1623.5779816513761,820.2694954128441,1654.770642201835,0.9828075336469541,0.9750318644595797,0.9873855150953027,0.974552169252271,4.384146341463414,6.36697247706422,3.2167431192660554,6.489296636085627,0.27856103759160405,0.2921998156539002,0.26579228477809114,0.29349248180258924,0.8834035149502059,0.8811569517670766,0.8863882657685132,0.8807014342239311,0.9398954808648703,0.9386996067790147,0.9414819519080082,0.9384569431912853,0.827554224420055,0.7357771463126932,0.8752950317155523,0.7307008186722069
18.jpg,Coal,0.0,0.0,0.0,0.0,1.0,1.0,1.0,1.0,0.0,0.0,0.0,0.0,0.0,0.0,0.0,0.0,1.0,1.0,1.0,1.0,1.0,1.0,1.0,1.0,1.0,1.0,1.0,1.0
93.jpg,Coal,1561.0975609756097,2088.3486238532114,1270.7963016055046,2356.605504587156,0.9759927173595853,0.9678844058706793,0.9804571048256774,0.963759027087824,6.121951219512194,8.189602446483182,4.983514908256881,9.241590214067278,0.7646165454900336,0.7918345649406164,0.74814543780901,0.8054303906367334,0.5167618232336851,0.5102290434221124,0.5207194611469885,0.5063856066011873,0.718861477082814,0.7143031873246208,0.7216089392094506,0.7116077617628881,0.9477875337566244,0.9299824581443936,0.9575258056253768,0.9209884199075272
15.jpg,Coal,684.1463414634146,943.5779816513763,683.5579128440367,924.8623853211009,0.9894788801177465,0.9854892199789105,0.9894879292460856,0.9857770371032957,2.6829268292682924,3.700305810397554,2.680619266055046,3.626911314984709,0.1991336642660194,0.21260667067117095,0.19899770473924236,0.21170724635968652,0.922070549674186,0.9179817283926168,0.9221353776238936,0.9182612796256284,0.96024504668037,0.9581136302091818,0.9602788020277724,0.9582595053666978,0.8441727134199449,0.7857137250214863,0.844177571897461,0.7899640313020518
100.jpg,Coal,384.0548780487805,450.73394495412845,253.2271358944954,463.2110091743119,0.9940938258842804,0.9930684042543887,0.9961057556070726,0.9928765261714652,1.5060975609756098,1.7675840978593274,0.9930475917431193,1.81651376146789,0.13849946016982817,0.1426391665441744,0.1302469407986335,0.1433435754159711,0.9491346090290171,0.9479879928662615,0.9511646389585539,0.9477988087752566,0.9742353971340896,0.9736467495279083,0.9752766986648219,0.973549592355344,0.8687321946608553,0.8464002818687644,0.913375633529735,0.8421483865571732
42.jpg,Coal,1222.1341463414635,1820.091743119266,972.5164850917431,1851.284403669725,0.9812054540285199,0.9720097846535345,0.9850441902455673,0.9715300894462258,4.7926829268292686,7.137614678899083,3.8137901376146788,7.259938837920489,0.7845697940565662,0.8191031973306325,0.768914327853027,0.8207998787321859,0.4834101402105674,0.47447390547344365,0.4871688554661745,0.4740212873738735,0.6952770240778616,0.6888206627805554,0.6979748243784832,0.6884920387149538,0.9622706007102271,0.943829855948636,0.9699737479420548,0.9428672142339595
7.jpg,Coal,1267.2256097560976,1855.9633027522937,1124.7634747706422,1870.0,0.980512016581735,0.9714581351651295,0.9827028653958317,0.9712422723218405,4.969512195121951,7.2782874617737,4.4108371559633035,7.333333333333333,0.7513218001455302,0.7851920576216187,0.7425159281041608,0.7859440888160203,0.5175393387341756,0.50831889488456,0.519819637959607,0.5081153979549768,0.719402070287663,0.7129648623070844,0.7209851856727758,0.712822136268913,0.9579406673279857,0.9384802443374409,0.9626552962322054,0.9380149688744469
39.jpg,Coal,1965.3658536585365,2496.97247706422,1309.634819380734,2698.1651376146788,0.9697756919746172,0.9616003986549346,0.9798598280782959,0.9585063645677933,7.7073170731707314,9.79204892966361,5.135822821100917,10.581039755351682,0.7859254174739783,0.8116403570389521,0.7497728184072082,0.8213308130684123,0.5115285179520712,0.5050456465866859,0.5207894598732351,0.5021987649182961,0.7152122188218482,0.7106656362781909,0.7216574394220814,0.708659837240898,0.9341738029536312,0.9161620465260509,0.9561663832015739,0.9094068335353328
76.jpg,Coal,1167.7134146341464,1352.2018348623853,677.34375,1425.5045871559635,0.9820423612918809,0.9792052127631657,0.9895834935256667,0.9780779290259901,4.579268292682928,5.302752293577981,2.65625,5.590214067278287,0.5809896918279527,0.5923090664601038,0.5504743281912979,0.5963479896097997,0.6668251545932202,0.6633693741288927,0.6743575841034304,0.6622902285562264,0.8165936287978374,0.8144749069976881,0.8211927813269125,0.8138121580292509,0.9430882042239389,0.9342484539320699,0.9669662700366201,0.9306840679283874
54.jpg,Coal,3189.05487804878,4237.522935779817,2967.262758027523,4315.504587155963,0.9509572343670412,0.9348334060871064,0.9543680565000535,0.9336341680688347,12.50609756097561,16.617737003058103,11.636324541284404,16.92354740061162,0.7570460790784701,0.8006952972590256,0.7470780789185256,0.8036873902278971,0.5727822062442922,0.5577367646737922,0.576085162370811,0.5566952517501751,0.7568237616805462,0.7468177586759652,0.759002742004804,0.74612013225095,0.8711346391595105,0.829110041991339,0.8800291783830676,0.8259652139087359
50.jpg,Coal,904.9390243902438,1169.7247706422017,759.6814076834862,1205.5963302752295,0.9860834277921101,0.9820114297259219,0.9883172668212179,0.9814597802375168,3.548780487804878,4.587155963302752,2.9791427752293576,4.72782874617737,0.23577000121516645,0.248925768928905,0.22813143621233384,0.25056443721952976,0.9049922306000002,0.9008125665451333,0.9072357335560789,0.9002810602812117,0.9513107960072776,0.9491114616024471,0.9524892301522778,0.9488314182620703,0.828789513206094,0.7793380184659029,0.8561533739248443,0.7725710510321906
95.jpg,Coal,0.0,0.0,0.0,0.0,1.0,1.0,1.0,1.0,0.0,0.0,0.0,0.0,0.0,0.0,0.0,0.0,1.0,1.0,1.0,1.0,1.0,1.0,1.0,1.0,1.0,1.0,1.0,1.0
71.jpg,Coal,1147.5,1745.2293577981652,910.3748566513761,1709.3577981651376,0.9823532125611294,0.9731610531510755,0.9859998330413776,0.9737127026394805,4.5,6.844036697247707,3.57009747706422,6.703363914373089,0.6391818253041837,0.6697677256386801,0.62545539196099,0.6678740755780359,0.615914293077229,0.6095353632681538,0.6187731871262305,0.610057713273356,0.7848020725490148,0.7807274577393534,0.7866213746944781,0.7810619138540529,0.9518826022902802,0.9263354422064036,0.9618956800436111,0.9278495483987652
8.jpg,Coal,0.0,0.0,0.0,0.0,1.0,1.0,1.0,1.0,0.0,0.0,0.0,0.0,0.0,0.0,0.0,0.0,1.0,1.0,1.0,1.0,1.0,1.0,1.0,1.0,1.0,1.0,1.0,1.0
55.jpg,Coal,1674.6036585365855,2500.091743119266,1642.0925315366974,2277.064220183486,0.9742471679245752,0.9615524291342037,0.9747471391207102,0.9649822498664613,6.5670731707317085,9.804281345565748,6.4395785550458715,8.929663608562691,0.8094496395381734,0.8529635896184681,0.8075638841431765,0.8417694239387887,0.47817228066997536,0.46606926536991566,0.4787109319061523,0.4692471582172031,0.6915000221764099,0.68269265806065,0.6918893928267381,0.6850161736902298,0.9481552797678249,0.9226334158848748,0.9491552359360649,0.9295351136568418
72.jpg,Coal,1677.7134146341464,2418.9908256880735,1407.5078841743118,2545.321100917431,0.974199344652383,0.9627996366732066,0.9783546906748944,0.9608568710836061,6.579268292682928,9.486238532110091,5.519638761467889,9.981651376146788,0.5259373802399905,0.5557431090041416,0.5133813879304895,0.5612358098057868,0.7257072918574997,0.7187395228521908,0.7286259245442837,0.7169450494569963,0.8518845531276522,0.8477850687834687,0.8535958789405462,0.8467260769912525,0.8964467550463254,0.8484337829370402,0.913485593153112,0.8405183325294968
57.jpg,Coal,77.7439024390244,93.57798165137615,65.24870986238533,102.93577981651376,0.9988044181951985,0.9985609143780738,0.9989965750643991,0.9984170058158811,0.3048780487804878,0.3669724770642202,0.25587729357798167,0.40366972477064217,0.03832799033311071,0.03953229117538726,0.037383019863700816,0.04017355984941691,0.9888605638567146,0.9885874374365679,0.9890608120279434,0.9884439615777847,0.9944146840512336,0.9942773443242926,0.994515365405655,0.9942051908825384,0.8797819724472468,0.8557361510482379,0.8990172931001424,0.8413097661530616
16.jpg,Coal,1374.5121951219512,2046.2385321100917,1166.70907396789,2096.146788990826,0.9788621136911089,0.9685319944005459,0.9820578065086598,0.967764482068852,5.390243902439024,8.02446483180428,4.575329701834862,8.220183486238533,0.6367813693436515,0.6692429234805009,0.6256695340222478,0.6717161597495732,0.6261460325285588,0.6189256424643274,0.6284990758301616,0.6182070130730136,0.7912938976945032,0.7867182738848306,0.7927793361523505,0.7862614152258863,0.940145948141113,0.9102429077227462,0.9492979264177135,0.9080537103501302
6.jpg,Coal,93.29268292682927,126.3302752293578,91.65890194954127,134.12844036697246,0.9985653018342382,0.9980572344103995,0.9985904268761797,0.9979373106085724,0.36585365853658536,0.4954128440366972,0.35944667431192656,0.5259938837920489,0.02097897563995659,0.02287490463046346,0.020870478094935835,0.02328282372609361,0.9947725572189895,0.9942546153494926,0.994800868831388,0.9941351700675568,0.9973828538825948,0.9971231695981658,0.9973970467328385,0.9970632728506034,0.6219227830171727,0.48959278418527585,0.6282246789914615,0.4580861659251077
65.jpg,Coal,1396.280487804878,1880.9174311926608,1009.8014621559632,2038.4403669724772,0.9785273507857646,0.9710743789992825,0.9844708045680811,0.9686519182023732,5.475609756097561,7.376146788990827,3.960005733944954,7.99388379204893,0.7930205246337609,0.8199591757548619,0.7694968325276619,0.8283587876083016,0.4827449084928439,0.4759610292203472,0.4883879489329843,0.47368454634219603,0.6947984660985111,0.6898992891867242,0.6988475863398144,0.688247445576223,0.9567289196184793,0.9416753949536573,0.9687110816123975,0.9367908301860944
24.jpg,Coal,600.1829268292682,1029.3577981651376,489.36532396788994,1034.0366972477063,0.9907701084669321,0.9841700581588113,0.9924743129829932,0.984098103877715,2.3536585365853657,4.036697247706422,1.9190797018348624,4.055045871559632,0.16129735833424882,0.16960865804270214,0.15841105111246098,0.1698042268793234,0.9405617665584624,0.9397954922202596,0.9406495790810047,0.9397258201444157,0.9698256371938526,0.9694304989117372,0.9698709084620513,0.9693945637068612,0.8164762240595774,0.6452612966738958,0.8549417776122357,0.6436488480224135
75.jpg,Coal,687.2560975609756,1093.3027522935781,741.0389191513761,1080.8256880733945,0.9894310568455544,0.9831866829838283,0.988603959659961,0.9833785610667518,2.695121951219512,4.287461773700306,2.90603497706422,4.238532110091743,0.6500805595158877,0.6769725506416873,0.6534807858290825,0.6762120675815934,0.5866395278002489,0.5798137482158076,0.5860426971561409,0.5799992136553695,0.7659239699867402,0.7614550204810574,0.7655342560304802,0.7615767943256737,0.9737676220104845,0.9583467068009865,0.9716998475240954,0.9588220653538998
74.jpg,Coal,2848.5365853658536,3619.908256880734,1819.1961725917433,3541.9266055045873,0.956193882672072,0.9443313711918198,0.9720235571526505,0.9455306092100915,11.170731707317074,14.19571865443425,7.13410263761468,13.889908256880734,0.8622560713003123,0.8966021629090353,0.8103562934903328,0.8932078537829199,0.46835295838716684,0.45817672107873086,0.482906323608185,0.4592438917768447,0.6843631772583668,0.6768875246883568,0.6949146160559475,0.6776753586909035,0.9105544452095814,0.886215316121406,0.9428926288145153,0.8886665156879419
37.jpg,Coal,1436.7073170731708,1894.954128440367,1008.2479214449542,2088.3486238532114,0.9779056482472677,0.9708585161559935,0.9844946956379763,0.9678844058706793,5.634146341463414,7.431192660550458,3.9539134174311927,8.189602446483182,0.754397139830886,0.7784797948825493,0.7289550111184043,0.788608373556685,0.521561724875414,0.51604597960921,0.5275767605806554,0.5132540144951828,0.7221923046359702,0.7183634035842931,0.7263447945574164,0.716417486173518,0.9516349485326608,0.9360447564753678,0.9660827573935286,0.9295176369716193
51.jpg,Coal,1791.219512195122,2147.6146788990827,991.1589736238532,2222.4770642201834,0.9724537952173726,0.9669729849767926,0.9847574974068241,0.9658217164792516,7.024390243902439,8.422018348623853,3.8868979357798166,8.715596330275229,0.4958670455168453,0.5132212998016561,0.45377430418663833,0.516570493286457,0.7508690040736173,0.7451397407217887,0.762809758055725,0.7440658282420753,0.866526978272239,0.8632147709126557,0.8733898087656651,0.8625925041652491,0.8761076104055385,0.8518437266929099,0.9313946009083985,0.846679237863033
73.jpg,Coal,1027.7743902439024,1698.440366972477,941.4456708715596,1583.0275229357799,0.9841944085405238,0.9738805959620387,0.9855220116434724,0.975655468229081,4.030487804878049,6.660550458715596,3.6919438073394497,6.207951070336392,0.5726723281714996,0.6063009211522172,0.5684397577651507,0.6002605199021878,0.6689771992010578,0.6620941982691364,0.6694256287959621,0.6637795280363843,0.8179102635381572,0.8136917095983812,0.8181843489067498,0.8147266584790167,0.949896993927298,0.9164081261551188,0.954227168834505,0.9220883820454046
4.jpg,Coal,558.2012195121953,765.7798165137615,494.02594610091745,698.7155963302753,0.991415722641525,0.9882234826605703,0.9924026397733073,0.989254827356284,2.189024390243903,3.0030581039755355,1.9373566513761469,2.7400611620795106,0.19796657482400118,0.2096382709656125,0.1941308994316632,0.2061071283363558,0.9208404065864021,0.9175053135701307,0.9218698219807543,0.9185134457866561,0.959604296877834,0.9578649766904157,0.960140521997043,0.9583910714247373,0.8784919188467798,0.8337955055455997,0.8923724099812071,0.848351092636311
26.jpg,Coal,183.47560975609755,229.26605504587155,133.60450114678898,227.7064220183486,0.9971784269406684,0.9964742402262807,0.9979453679890077,0.9964982249866461,0.7195121951219512,0.8990825688073394,0.5239392201834863,0.892966360856269,0.057580286677828545,0.06041708118893241,0.05435746687696909,0.06032721749062605,0.9826357160598781,0.9818918205592907,0.9834113515821722,0.9819156371295884,0.9912798374121599,0.9909045466437677,0.9916709895838297,0.9909165641614779,0.8060828538824543,0.7584197956784373,0.8586714519859535,0.760063198428924
78.jpg,Coal,1069.7560975609756,1614.2201834862385,806.2876290137615,1553.394495412844,0.9835487943659309,0.9751757730217723,0.98760053472436,0.9761111786760244,4.195121951219512,6.330275229357798,3.161912270642202,6.091743119266055,0.7748552208146453,0.8074008937651382,0.7576813858566149,0.803950801642428,0.48596085687310586,0.47775035610319516,0.489948690067471,0.4786402082804362,0.6971089275522914,0.6911948756343577,0.6999633490887012,0.6918382818841671,0.9669555424180999,0.9501555213908162,0.975091359338672,0.9520337191355102
31.jpg,Coal,883.170731707317,1202.4770642201836,739.485378440367,1266.4220183486239,0.9864181906974546,0.9815077497582478,0.9886278507298563,0.9805243745832648,3.4634146341463414,4.71559633027523,2.8999426605504586,4.966360856269112,0.5615223352896768,0.5814282373500681,0.5521511908385947,0.585067920202025,0.6731019829809658,0.6676226519014947,0.6754610675809306,0.6666765994182366,0.8204279267436999,0.8170817902153338,0.8218643851517905,0.8165026634483421,0.9566762430360345,0.9411490828423061,0.9637010162627434,0.9380195269363845
10.jpg,Coal,0.0,0.0,0.0,0.0,1.0,1.0,1.0,1.0,0.0,0.0,0.0,0.0,0.0,0.0,0.0,0.0,1.0,1.0,1.0,1.0,1.0,1.0,1.0,1.0,1.0,1.0,1.0,1.0
59.jpg,Coal,995.1219512195122,1146.3302752293578,804.7340883027523,1305.4128440366974,0.9846965528985403,0.9823712011314035,0.9876244257942552,0.9799247555741288,3.9024390243902443,4.495412844036697,3.15581995412844,5.119266055045872,0.3321159361022723,0.3406071541664575,0.3214673597495352,0.3485612037198844,0.8483178185482589,0.8456845998869801,0.8512728460042702,0.8433303604328726,0.9210417029365494,0.9196111133990172,0.9226444851643943,0.9183302022872125,0.8879776019492219,0.871317946558108,0.9093380798289592,0.8534600289376005
38.jpg,Coal,1553.3231707317073,2124.2201834862385,1087.478497706422,2172.56880733945,0.9761122755400654,0.9673327563822742,0.983276251073318,0.9665892288109457,6.091463414634147,8.330275229357799,4.264621559633028,8.519877675840979,0.7958380332681679,0.8263188403348145,0.76824485562931,0.8288210690268389,0.4865234333635007,0.478735615506801,0.493259459577606,0.4780412088380003,0.6975123177145337,0.691907230419513,0.7023243264885576,0.691405242125051,0.9512646178460399,0.9332853589444475,0.9658899962799581,0.9317668906091154
70.jpg,Coal,427.5914634146341,561.467889908257,330.9041714449541,544.3119266055047,0.9934243000735916,0.9913654862684427,0.9949112021123097,0.9916293186324625,1.6768292682926829,2.2018348623853217,1.2976634174311925,2.134556574923548,0.11517112800017963,0.12237138795532619,0.10962682792648415,0.12151166597309584,0.9606434335990756,0.9585172339039346,0.9621407668736747,0.958776583666535,0.9801241929465243,0.9790389338039293,0.980887744277435,0.9791713760453453,0.7996648870249667,0.7377295109229308,0.8448336141483425,0.7457433314225078
68.jpg,Coal,1016.8902439024391,1545.5963302752293,781.4309776376147,1537.798165137615,0.984361789993196,0.9762311024778516,0.9879827918426842,0.9763510262796786,3.987804878048781,6.061162079510703,3.064435206422018,6.0305810397553525,0.772453540915171,0.8041016676845257,0.7570407489966184,0.8036559704280217,0.48582049992898446,0.4781733912489997,0.4892973447347912,0.4782876301888008,0.6970082495415564,0.6915008251976275,0.6994979233241448,0.6915834224363687,0.9686469493774855,0.9523301265631617,0.9759088253017012,0.952570640556284
69.jpg,Coal,663.9329268292682,952.9357798165138,660.2548021788992,995.045871559633,0.9897897313869949,0.9853453114167178,0.9898462952945146,0.9846977228868509,2.6036585365853657,3.737003058103976,2.5892345183486243,3.902140672782875,0.2986053249037989,0.31542261430487484,0.2982294320937903,0.317660259520429,0.8629046883651806,0.8582108502334598,0.8630613441489761,0.857582652128589,0.9289266323909443,0.9263967024085631,0.9290109494236202,0.9260575857518737,0.9195960715165568,0.884923213477834,0.9199777032675505,0.8798379872321733
2.jpg,Coal,219.2378048780488,290.0917431192661,212.8350774082569,319.7247706422018,0.9966284593104597,0.9955388345720287,0.9967269234243493,0.9950831241250854,0.8597560975609756,1.1376146788990826,0.8346473623853211,1.2538226299694188,0.07566989694217832,0.08002494431544646,0.07522993377255253,0.08168884705931172,0.9757249757049011,0.974580594857596,0.9758405837132949,0.9741291512052598,0.9877879204084757,0.987208486013768,0.9878464373136621,0.9869798129674486,0.8387939336027693,0.7873382420539426,0.8433685943962377,0.7656147291454742
9.jpg,Coal,937.5914634146342,1417.7064220183486,702.2004013761468,1505.045871559633,0.9855812834340936,0.9781978528278175,0.9892012364073425,0.9768547062473528,3.676829268292683,5.559633027522936,2.7537270642201834,5.902140672782874,0.7193008395277726,0.7471309867556468,0.7040525722253388,0.7521258256989438,0.533548828117406,0.5276779943835435,0.536730203745465,0.5263952000056781,0.7304442676326552,0.7264144783686125,0.7326187301355768,0.7255309779779758,0.9681166330624339,0.9516569170879104,0.97613957509221,0.9486786853573524
33.jpg,Coal,898.719512195122,1447.3394495412842,727.0570527522937,1444.2201834862387,0.9861790743364942,0.9777421423808741,0.9888189792890183,0.9777901119016049,3.524390243902439,5.675840978593271,2.8512041284403673,5.663608562691132,0.7621513467660873,0.7956139971845484,0.7507046587129775,0.7954327034735487,0.49020795552710356,0.4823722345572621,0.49270037591386573,0.48241807165364275,0.7001485239055378,0.6945302258053727,0.7019261897905404,0.6945632236547244,0.9721438962317068,0.9551123789121921,0.9774683320265495,0.9552091194748813
36.jpg,Coal,1466.25,1966.6972477064219,1067.2824684633028,2103.9449541284403,0.9774513271614431,0.9697552171791834,0.9835868349819563,0.9676445582670248,5.75,7.712538226299694,4.1854214449541285,8.250764525993883,0.8007850100879315,0.8285150069915588,0.7767327899361265,0.8357594764605274,0.47811811586446523,0.47088849726984705,0.48399944819318985,0.4689099376842914,0.6914608563501373,0.6862131573132703,0.6957006886536694,0.6847699888899129,0.95488764418087,0.9394830012696955,0.9671637434073536,0.9352597690030288
