Filename,Label,Contrast0,Contrast45,Contrast90,Contrast135,Homogeneity0,Homogeneity45,Homogeneity90,Homogeneity135,Dissimilarity0,Dissimilarity45,Dissimilarity90,Dissimilarity135,Entropy0,Entropy45,Entropy90,Entropy135,ASM0,ASM45,ASM90,ASM135,Energy0,Energy45,Energy90,Energy135,Correlation0,Correlation45,Correlation90,Correlation135
Limestone_1.jpg,Limestone,533.8284325787401,1178.0866141732286,970.4785925196852,1558.1569843139687,0.12250977880338956,0.08430344453006108,0.09408080102525664,0.07675687468812906,15.034879429133857,23.114328228656458,21.260334645669296,26.71486142972286,8.694630139485666,8.970425499038672,8.92558585962033,9.05682132111067,0.0005348286453408844,0.0003039770479069757,0.00033894965250868013,0.00026527550110094333,0.023126362561822912,0.01743493756533059,0.018410585338567598,0.016287280346974548,0.9262754784439399,0.8370092510716234,0.8657250829596699,0.7844303513364913
Limestone_2.jpg,Limestone,150.57424950787401,198.53648707297413,143.5748031496063,335.68100936201876,0.26619702334322803,0.1862965391835833,0.21991912487766097,0.18683160631174442,7.073388287401574,8.59439518879038,6.9654281496063,10.355818711637426,8.125316201416382,8.38786457843248,8.22755461776529,8.452909269285357,0.0008636555969401002,0.00046943500173812926,0.0005460203791501335,0.0004647798991177374,0.029388017914451125,0.021666448756963594,0.023367078960583276,0.021558754581787357,0.9775412352817033,0.9703232577253866,0.9785165942163425,0.9498274127296691
Limestone_3.jpg,Limestone,797.8780757874016,1180.3612747225495,693.212536909449,1445.1694463388928,0.05247933943404952,0.04405190279477282,0.05907130254980651,0.039592021623309354,21.56139271653543,26.237770475540955,19.97471702755906,28.94686589373179,9.225193898485951,9.328550861275998,9.168895267668674,9.377639869357807,0.00013734707645196538,0.00012079626118456157,0.00014688890461765305,0.00011492068368227506,0.011719516903523172,0.010990735243129168,0.012119773290687126,0.01072010651450232,0.8423122726129186,0.766304608701584,0.8625725059324889,0.7138895311718912
Limestone_4.jpg,Limestone,347.4082800196851,635.9308078616158,277.1032849409449,483.85702771405545,0.13489120043066805,0.10785639763874086,0.1516852831751393,0.11353909466805502,11.843442421259843,15.816231632463268,10.215243602362206,13.68243536487073,8.080412655978025,8.272030280963754,7.9510138634668595,8.183200168494462,0.0007184033533106129,0.000565085636340285,0.0008189246114820355,0.0006174545798158495,0.02680304746312652,0.023771529953713223,0.028616858868192287,0.02484863335911755,0.871865598368905,0.7657071434384722,0.8985483273993524,0.8218050095913334
Limestone_5.jpg,Limestone,120.01525590551182,200.44255688511385,123.69266732283467,235.56488312976634,0.5800848673529999,0.5555903677533349,0.5715907832082628,0.5546794449291275,5.258858267716535,7.1926343852687715,5.6264763779527565,7.547895095790193,4.578330736309044,4.722433067310286,4.603328367048966,4.731084628352431,0.27544181559310393,0.26899810709535243,0.2752446934947581,0.26835633911828316,0.5248255096630726,0.5186502743615898,0.524637678302615,0.5180312144246553,0.9786860071377301,0.9644888418026704,0.9780329208270853,0.9582664382227414
Limestone_6.jpg,Limestone,534.2019562007874,1046.44621489243,596.7153051181102,988.0195920391839,0.0902882671061479,0.06373576516292327,0.0773272793515433,0.06429896933480282,16.03045029527559,22.778659557319116,17.31877460629921,22.137640275280546,8.788015437345173,9.025064231156911,8.846745310914976,8.994453950647202,0.0002644125161297198,0.00019460520042002328,0.00024395141563720628,0.00020049230996843783,0.016260766160600175,0.013950096788912372,0.015618944126835408,0.014159530711447954,0.8780437339183874,0.761234467138202,0.8638590225508673,0.774545093846136
Limestone_7.jpg,Limestone,533.9224901574804,1086.1192882385765,540.3962844488188,821.9857399714798,0.09460111728608121,0.06023644198848947,0.07601783440979287,0.06353746586791703,15.724040354330713,23.152334304668614,16.7523375984252,20.473928947857893,8.941507091673627,9.203441568263612,9.036018207302982,9.15402945553225,0.00021407147306482118,0.00014948414793599383,0.00017897881254746884,0.00015534819339215212,0.014631181533451807,0.012226371004349321,0.01337829632455003,0.012463875536611881,0.8970092221373228,0.7905630241851413,0.89585195163743,0.8414904265612108
Limestone_8.jpg,Limestone,93.71222933070867,192.31148862297727,139.13435039370077,225.88195176390354,0.823821547437052,0.8154580267596848,0.820686498673957,0.8158293438839452,3.0054133858267713,4.315084630169261,3.46505905511811,4.443548887097775,1.9925719556836214,2.045190917817813,2.003568717796484,2.053805216331968,0.6543898543729706,0.6483570288115219,0.6519046139898921,0.646462465471276,0.8089436657598418,0.8052062026658277,0.807406102274371,0.8040288959180982,0.9812238202662039,0.9617059742908859,0.9721230453186864,0.9550212557241975
Limestone_9.jpg,Limestone,534.1849163385826,620.1597123194247,235.64124015748035,789.3155186310373,0.11384526577572883,0.11275370417412137,0.17471276022034177,0.09674790377754303,15.647022637795274,16.10155620311241,9.785433070866144,18.910533821067645,8.766271312819882,8.76194910003766,8.39924556496994,8.892161329473407,0.0002970795126160565,0.0002953376233493121,0.00046149488050929244,0.0002510238140942523,0.017235994680205043,0.017185389822442554,0.0214824319039836,0.01584373106607949,0.885153248147173,0.8662541379766363,0.9492688033999531,0.8297621596800001
Limestone_10.jpg,Limestone,116.57523375984252,265.57176514353034,156.83513779527559,256.732159464319,0.33525453538370037,0.2704938603871518,0.3044336785274688,0.25967626766855817,5.1219857283464565,8.125798251596503,5.9419291338582685,7.915741831483664,7.635257593835029,7.951796112454451,7.734134048866281,7.943102801813139,0.0013459616152630741,0.0009025286821111184,0.0011722352546267591,0.0010008835815303225,0.03668734952627505,0.030042115140434412,0.0342379212953526,0.031636744167665584,0.9832201661848788,0.9614204910197007,0.9773987494807008,0.962703454966799
Limestone_11.jpg,Limestone,87.39406988188976,127.65255130510262,64.72108759842521,132.32029264058525,0.8385137278334738,0.8307503908924083,0.8403044756636362,0.8323536882416762,2.90255905511811,3.56984313968628,2.502706692913386,3.592287184574369,1.9252787302056338,1.9684214987686914,1.9115083349451718,1.9685041785192023,0.6593288563774391,0.6539169434591583,0.6598334872084785,0.6535172927125564,0.8119906750557171,0.8086513114186845,0.8123013524600821,0.8084041642103017,0.9244565882287924,0.8904007183921149,0.9440551083461853,0.8863931126539611
Limestone_12.jpg,Limestone,424.6827017716537,596.5506851013703,277.2093380905512,663.1054002108004,0.1387228396906614,0.09423243226688083,0.1151139782402427,0.08795145668647691,13.691683070866144,16.70134540269081,11.683009350393704,17.792857585715176,8.59018476521917,8.765305119668778,8.551830585006297,8.814254347073518,0.0003834062843906939,0.00027325183300623904,0.0003332014720670067,0.0002580583622324167,0.019580763120744145,0.01653033069863513,0.01825380705680343,0.01606419503842059,0.8548363595653947,0.7934616014806906,0.9039335598616997,0.7704437367657092
Limestone_13.jpg,Limestone,211.69955708661416,391.0489180978361,257.2413877952756,427.14297228594455,0.14123657856399144,0.10274364871846878,0.12567378576017832,0.10145324353788959,9.859621062992126,13.470890941781882,10.770177165354333,13.93086986173972,8.31857413492486,8.558285334555476,8.390601769422474,8.567783989955645,0.0005517193651574803,0.00040385417741509405,0.0004921032791284335,0.0004087456869811128,0.023488707183612303,0.02009612344247253,0.022183400982005295,0.020217459953740795,0.953314152902199,0.9139981285441585,0.9433652552285664,0.9060613019640016
Limestone_14.jpg,Limestone,316.0142101377953,595.471882943766,352.9156003937008,563.5732531465064,0.08079052231982711,0.05984501229857321,0.08013572908117038,0.06277430345922295,13.579539862204726,18.538037076074154,14.154404527559056,17.97154194308389,8.7288699482772,8.937474580887105,8.749403318553007,8.915979085784022,0.0002464168136344086,0.00019475319501200108,0.00024151061485716723,0.00019822049688119467,0.015697669050989977,0.013955400209667979,0.015540611791598399,0.014079080114879476,0.9070251027224902,0.8236022034254982,0.8957478539375137,0.8330049377512992
Limestone_15.jpg,Limestone,356.2658095472441,876.9012338024677,483.39806840551194,608.9978299956601,0.07881652093368433,0.0525654745226051,0.07561347908436497,0.0647644304525847,14.230868602362204,22.326368652737308,16.28524852362205,18.48756897513795,8.84914671411614,9.132921740815584,8.922208815979644,9.014507950711803,0.00020686070424875223,0.00014952835411281837,0.0001953681275526614,0.0001710759823032449,0.014382652893286142,0.012228178691563939,0.013977414909512468,0.013079601763939333,0.9104132560092831,0.7794381109650437,0.878603225155379,0.8468168365897712
Limestone_16.jpg,Limestone,221.72084153543307,340.9872279744559,148.89302411417322,319.1882323764647,0.4313150846032413,0.283394495159843,0.2905883896505742,0.26538749583540533,7.96136811023622,10.499410998821995,7.274421751968504,10.215326430652858,7.347078386336953,7.8075956751819735,7.654329388718464,7.794045191825688,0.003139904778344713,0.001286288269147931,0.0013556718397616486,0.0012567431669676403,0.05603485324639222,0.03586486120352247,0.03681944920502816,0.035450573577413956,0.8986973336423864,0.8439526028184917,0.9320498211268208,0.8539454230955529
Limestone_17.jpg,Limestone,925.4593380905512,1340.9991939983881,604.300750492126,1360.9643499287,0.06619190990696841,0.05482214895692623,0.08112641701232134,0.051421116241100434,22.517901082677167,26.889949779899563,17.675381397637793,27.346146692293388,8.940170589807606,9.042884646523797,8.776813880682925,9.055108603459708,0.00021676203020374788,0.00019098029392041176,0.0002751236581574726,0.0001855237140941143,0.014722840425806016,0.013819562001757211,0.01658685196646647,0.013620709015837403,0.7306599742697223,0.6093432940763234,0.8245691747791358,0.6035321043489542
Limestone_18.jpg,Limestone,134.04675196850394,260.26883253766505,140.38841043307087,253.69285138570274,0.6320498489449043,0.5741969881177944,0.6007700793523134,0.5726059237086395,4.5516732283464565,6.57275714551429,4.60359251968504,6.668361336722672,4.584191303140102,4.755163667534795,4.591743382142568,4.7667351185251325,0.269946759436976,0.2627699949429286,0.2705325005376573,0.2617539371107013,0.5195640089892447,0.512610958664491,0.5201273887593859,0.5116189374042963,0.9833211524858282,0.9677423561749271,0.9825320878276833,0.9685573813768775
Limestone_19.jpg,Limestone,250.6890994094489,436.66532333064674,244.74686269685043,432.5321470642942,0.10121086834361331,0.07626595594812277,0.1066927822473156,0.08100248956555892,11.534325787401578,15.339884679769359,11.38391978346457,15.114700229400462,8.712437033468465,8.916096002765407,8.704170958741482,8.908649763110475,0.00023837163152841937,0.0001893158352625838,0.00023870085581968048,0.00019028644914503547,0.015439288569374541,0.013759209107451773,0.015449946790189295,0.013794435441330518,0.9353221847569473,0.8869614943362355,0.9365915820589915,0.8880306996142069
Limestone_20.jpg,Limestone,104.70853838582678,184.75454150908308,121.66215551181102,230.83042966085935,0.6433512369489218,0.6273598472903713,0.6449639370360974,0.6286307763508993,4.616879921259842,6.285944571889146,4.7608267716535435,6.763717527435055,3.9784417537580508,4.091944459181886,3.963201070563442,4.091806627276268,0.35797121221927997,0.3510947607796389,0.35966641458429394,0.35190298423252947,0.5983069548478273,0.5925324976569968,0.5997219477260224,0.5932141133119891,0.9779494784386095,0.961263450017271,0.9743792242287515,0.9516029516619321
Limestone_21.jpg,Limestone,318.43829970472444,538.500527001054,248.8094242125984,464.2236964473929,0.08162921070595036,0.06276308694456888,0.09591014762166764,0.06958671323136656,13.564653051181102,17.5744931489863,11.691067913385828,16.32736065472131,8.679763380710908,8.860272571311537,8.567171499244843,8.815611835363963,0.0002466268360271095,0.0002018723114884385,0.000289193266374814,0.00021330825723217572,0.015704357230625823,0.014208177627283469,0.017005683355126134,0.014605076419936176,0.8766606051950101,0.7907309764954111,0.9036993756872923,0.8196227256469264
Limestone_22.jpg,Limestone,155.9505413385827,281.0373240746482,107.12684547244095,194.9342178684357,0.44994959811524526,0.4363408193793122,0.4749669052806066,0.438944556274742,6.588336614173228,8.749271498542997,5.32603346456693,7.346146692293383,5.807642201551467,5.942420250855262,5.671393125818923,5.888467557813568,0.12326207794505432,0.12023721257436933,0.12548656701317312,0.12053993455125601,0.35108699483896344,0.34675237933483505,0.3542408319394775,0.3471886152385415,0.9377299441479722,0.8879316897763609,0.9571186874403561,0.9222683100430495
Limestone_23.jpg,Limestone,270.3929010826772,498.9162998325997,254.64456200787401,446.4689689379379,0.10092609673944337,0.07410802739426751,0.09597467576717021,0.07704223479567746,11.972625492125987,16.443982887965777,11.819020669291339,15.475354950709901,8.644469020759523,8.87068034007752,8.634355201696653,8.832266475191926,0.00026272476861359984,0.00020099779799038797,0.00026395841365901477,0.0002091317345261016,0.01620878677179757,0.014177369219653834,0.01624679702769179,0.01446138771093914,0.9099846170523491,0.8335455773898354,0.9151077313649288,0.8510258948030686
Limestone_24.jpg,Limestone,74.36571112204726,100.68931737863477,56.209768700787414,143.8232376464753,0.7508592634513007,0.7322254789583472,0.7601558250465835,0.7250545482495874,3.0219611220472453,3.5073470146940298,2.3884104330708666,4.191766383532767,4.041891720032074,4.14119617469076,3.9964456926810072,4.175865081100227,0.1151284272173037,0.10984368499830062,0.11546393704359677,0.10878223895452065,0.33930580192107485,0.33142674152563584,0.33979984850437583,0.32982152591139446,0.9805934821846934,0.9738788580124111,0.9853325358911287,0.9626889058933157
Limestone_25.jpg,Limestone,219.12838336614172,342.38322276644556,193.3638041338583,384.84884369768736,0.30240975420379196,0.2802468347120747,0.3055924416843705,0.27929142037483295,9.585814468503935,12.034906069812141,9.101377952755907,12.857647715295428,7.032856172145759,7.204708264530209,7.006859669534227,7.24885214716263,0.05243400892075221,0.047789664058465076,0.05255549646841482,0.04791417171649518,0.22898473512606077,0.21860847206470538,0.2292498559834113,0.2188930600007574,0.9476022374596977,0.9176482527804353,0.9537640899542148,0.9074342065073882
Limestone_26.jpg,Limestone,1322.403727854331,1929.7795275590552,857.9275344488192,1996.3914067828132,0.049003178429879946,0.038471342960817445,0.06353257121282202,0.04232022038442241,27.62838336614174,33.13460226920454,21.570620078740163,33.6266972533945,9.3928792258585,9.493151099961231,9.252750499102362,9.507906841360388,0.0001379355175702539,0.00010742869771436114,0.00017873284037583703,0.0001090201200800442,0.011744595249315913,0.010364781604759512,0.013369100208160496,0.010441270041524843,0.8179520678280676,0.734222403389546,0.8819664733366647,0.7250403466942028
Limestone_27.jpg,Limestone,295.0532726377953,383.2639345278691,236.98117618110243,576.1910223820448,0.131091783676735,0.1181811255862944,0.1414649592561625,0.09673807284670233,11.176550196850394,12.710521421042843,10.062869094488192,15.769917539835081,8.481668633183608,8.581209294037505,8.4141129354986,8.740879192371473,0.0003728919201002464,0.0003284595818370135,0.0004008097615804609,0.00027266754266908,0.01931040963056575,0.0181234539157693,0.020020233804340568,0.016512647960550724,0.9175756870023117,0.8927858265830095,0.9337381496587281,0.8388156513405784
Limestone_28.jpg,Limestone,687.3877952755905,1152.5758571517144,639.7204724409451,1119.4701469402937,0.26995332166967323,0.25117700159829076,0.2692795583750284,0.25511438090318006,17.641117125984252,22.91760183520367,16.970841535433074,22.53146506293012,7.501748104369957,7.6530613195247925,7.482978295292122,7.633678439598095,0.05166651709035839,0.04794530824104118,0.05164209016162174,0.048682648050397445,0.2273026992588482,0.21896417113546493,0.22724896074926665,0.22064144680997141,0.9070346072414378,0.8433433564988945,0.9134942061998745,0.847843042493756
Limestone_29.jpg,Limestone,1236.1935900590552,1773.8314836629675,684.3305241141732,1728.3308326616655,0.07808065631678365,0.06718294212251733,0.10829306669901365,0.06585026425332696,24.609805610236222,29.230950461900928,17.375676673228345,29.027466054932113,9.062783342062021,9.150491695033095,8.836233412312282,9.157395011073838,0.00023018075821307893,0.00020065375861423186,0.00030773199974134326,0.0002000310281233124,0.015171709139483229,0.01416523062340433,0.01754229174712766,0.01414323259100664,0.7997023455262574,0.7124793474648063,0.8893105504671917,0.7197795187337357
Limestone_30.jpg,Limestone,406.79152312992125,775.743567487135,338.6365034448819,598.2704445408891,0.1404396467701941,0.1040736296759245,0.14940236313605532,0.12062023679674308,12.46671998031496,17.660859321718647,11.33089320866142,15.054994109988222,8.385236923895107,8.633918655308264,8.325690978722413,8.502076902966971,0.0005125965452126216,0.00037561604046265943,0.0005587030827381968,0.00045174484297756505,0.02264059507196358,0.019380816300214484,0.02363690086999979,0.02125428998996591,0.9293863099245118,0.8657906465918572,0.9412693708386031,0.8964958409951602
Limestone_31.jpg,Limestone,425.94931102362216,663.1313782627566,240.28574064960634,517.4970549941099,0.07109477326523944,0.05528583281572719,0.09449437609382551,0.06073488836495945,15.841043307086617,19.860499720999446,11.794352854330713,17.375162750325494,8.836260416723755,8.98858752475027,8.607893495128192,8.894311814968137,0.00020895335980125092,0.00017153149812530638,0.0002689781380539324,0.00019655219420799058,0.014455219119793755,0.013097003402508009,0.01640055298012638,0.014019707351010954,0.853043144745478,0.7714478812435077,0.9174308366341383,0.8216314662945322
Limestone_32.jpg,Limestone,452.6109744094489,1015.3897947795896,617.4280265748031,941.6793973587949,0.07392092346051425,0.05121649330242953,0.07176673219255417,0.05325668738328314,15.3091781496063,23.41124682249365,17.186515748031496,22.31415462830926,8.723789920801075,8.979387220985485,8.753389845544628,8.943525846250033,0.000251200026325834,0.0001885162800643662,0.00024649628156678185,0.00019905272621010867,0.01584929103543228,0.013730123089920433,0.015700200048623006,0.014108604686860734,0.8436532887789465,0.6505815241769715,0.78726920377012,0.675949474953118
Limestone_33.jpg,Limestone,610.2615649606298,952.6133672267346,584.7563976377953,1151.270506541013,0.0576884340298591,0.04572233666218396,0.05894879143672539,0.04234458608879926,19.11146653543307,23.98592597185194,18.703740157480315,26.317068634137264,9.167352889402096,9.313160012829822,9.15580048524624,9.357462916665154,0.00013611721559380618,0.00011570486281898847,0.00013865640524249795,0.00010990616562422283,0.011666928284420291,0.01075661948843541,0.011775245442983256,0.010483614148957545,0.8740616842091976,0.8037794373195641,0.8797343513970582,0.7628653225653143
Limestone_34.jpg,Limestone,128.20829232283467,264.759005518011,146.3325541338583,252.05381610763226,0.4522601821201835,0.3526245681256777,0.379869434739552,0.3514963385718951,5.749876968503938,8.895157790315581,6.321727362204726,8.758633517267036,6.606243550422786,6.928823558563741,6.700208391812225,6.949785082114861,0.07048243271291232,0.06373008660209149,0.0691079818438934,0.0638152007905479,0.26548527777056175,0.25244818597504615,0.26288397030609034,0.25261670726725083,0.9856752301582288,0.9704088173365297,0.9836501982800945,0.9718288316619383
Limestone_35.jpg,Limestone,68.55376476377953,133.53952507905018,58.55456446850395,105.67604935209869,0.4303957286660528,0.36093078036225257,0.42540507651763565,0.3658222290276389,3.4484498031496065,4.8727757455514915,3.313914862204726,4.477338954677909,5.998171340683676,6.2199672555562175,5.9934523221491,6.205175649399784,0.006747917304428358,0.005101765675042293,0.0065255944110521056,0.005241437973730927,0.08214570776631216,0.07142664541361503,0.08078115133527193,0.07239777602751984,0.9769795619106063,0.9554583909226882,0.9803315230305296,0.9647523488330298
Limestone_36.jpg,Limestone,389.5707431102363,1350.4633889267777,1002.4037893700789,1268.3758447516893,0.4491523913402373,0.4088735476709787,0.4341994898273434,0.4141900560562311,10.547736220472443,21.901171802343605,18.84731791338583,21.313410626821252,6.042124539137169,6.309147731454397,6.197074431136083,6.290532262594031,0.15191099034541822,0.1450783566208461,0.1534389070365055,0.14577849597140063,0.38975760460242237,0.38089152868086484,0.39171278640925866,0.38180950220155685,0.9699036092688413,0.8958132223688653,0.9225590302946874,0.9021461868767388
Limestone_37.jpg,Limestone,732.3548843503938,1075.0998201996406,368.56213090551194,891.6782813565627,0.06337669240902924,0.05173881946118192,0.08937228152796166,0.060148346566754135,20.013964074803148,24.326182652365308,13.91806102362205,21.815053630107265,9.113054925895282,9.225273518696092,8.861665315011505,9.162838898864003,0.00016071064856973465,0.00013827884311481937,0.00021144903129650011,0.00015103520814022843,0.01267717036920048,0.011759202486343169,0.014541287126540762,0.012289638242854362,0.8517025212721585,0.7821439356709734,0.9254071454110007,0.8193026901749798
Limestone_38.jpg,Limestone,364.5453371062992,584.4858949717899,210.95287893700785,461.62186124372244,0.1317813211549244,0.10931299829292751,0.16224447356798266,0.11332524503902842,12.111774114173228,15.101804203608404,8.942421259842519,13.409572819145637,8.101028223959903,8.251459811033897,7.859776819084819,8.180800662387565,0.0006986309748986686,0.0005828353773391778,0.0008831309166524582,0.0006158670014655422,0.02643162830585109,0.0241419837076239,0.02971751868262992,0.024816667815513473,0.8736788730365873,0.7983605693281498,0.9276319808714498,0.840744660486566
Limestone_39.jpg,Limestone,77.89819143700787,124.94357988715979,77.66424704724412,155.88784177568357,0.5719429663114852,0.3513421809827097,0.3248039981665688,0.2818393959226215,3.6436392716535435,5.486576973153947,4.54478346456693,6.215202430404862,6.977002423780285,7.497819019851615,7.416474434559257,7.589945502515651,0.0021683979525185613,0.001090831619322114,0.0011382494688817507,0.0009699584778300315,0.04656606009228783,0.03302774014857986,0.03373795294444745,0.031144156399395884,0.972387844040804,0.9555041084211218,0.9723852682924953,0.9444886124105664
Limestone_40.jpg,Limestone,288.20195620078744,491.81957963915926,212.38465797244098,408.8205096410193,0.3394248769943955,0.3207675973287195,0.35263686708236125,0.32499924020559645,10.556902066929137,13.765639531279064,8.766916830708663,12.414904829809661,6.612771340375605,6.788388641472961,6.514126714678167,6.733146660675775,0.07994732645959435,0.07457997760561208,0.07994321115595363,0.07459894782149286,0.28274958259844407,0.27309334961806025,0.28274230521086446,0.2731280795185527,0.9502478470563858,0.914525401187364,0.9633352896985549,0.9289500245728705
Limestone_41.jpg,Limestone,288.3131766732283,619.9383718767439,240.15434301181105,347.67611135222273,0.13338889980476834,0.08873056520537807,0.12286631845672419,0.10546300432716907,11.256705216535433,17.215946431892867,10.89376230314961,12.850641701283404,8.505744069341912,8.811042402837849,8.526774608786539,8.648173002617753,0.00041193905629998757,0.00027518152872501423,0.0003705116663163015,0.00032451370005350216,0.020296281834365316,0.01658859634583391,0.019248679599294636,0.01801426379437978,0.9129473434232358,0.8130241504652478,0.9275952228033149,0.8951471983595845
Limestone_42.jpg,Limestone,773.2393577755907,1122.6074772149545,388.22545521653547,1000.5457870915743,0.06358079352634152,0.05304304612148818,0.10464070693609341,0.062319728806004296,20.764456200787407,24.784797569595142,13.733329232283465,23.183396366792735,9.305739501713038,9.397507519463508,8.998956780005683,9.354195324318605,0.00012193597385241648,0.0001096409285632757,0.00018156341244323113,0.00011690419561631487,0.011042462309304772,0.010470956430206159,0.013474546836284742,0.010812224360246826,0.8879726737343052,0.8374076094004614,0.9438214325131781,0.8550997515360315
Limestone_43.jpg,Limestone,258.4926181102362,466.61423522847053,252.88515009842524,458.990947981896,0.3334370649229856,0.2954276610519343,0.3299007046775451,0.2982585043548293,9.46961122047244,13.076384152768307,9.439406988188978,12.931799863599728,6.892243932076216,7.137756270343312,6.90156192178375,7.119080325935511,0.06084504435854574,0.05324725870482184,0.059862370396127525,0.05305204038394933,0.24666788270576642,0.23075367538746125,0.24466787773659118,0.23033028542497258,0.9503084262046506,0.9097640755446728,0.951383786724147,0.9112383005471449
Limestone_44.jpg,Limestone,31.272207185039367,77.01041602083203,46.74341781496063,67.01035402070804,0.39650486812360475,0.2591644498125609,0.3380832228290274,0.30286776119915965,3.2933686023622046,5.27751255502511,3.7209030511811028,4.588257176514352,7.046074927765888,7.441623999389997,7.130679273334574,7.335298316637146,0.00167605437749938,0.00107036031543698,0.0015358861894481603,0.0012443077772261312,0.04093964310420133,0.03271636158616939,0.03919038389003303,0.035274747018598604,0.9769504219009628,0.9418392876368561,0.96472342792179,0.9493925329497084
Limestone_45.jpg,Limestone,531.2351747047244,740.2675305350609,352.60285433070874,840.5173290346581,0.06951005796207979,0.056929605104957315,0.08464286274119494,0.052958474299405256,17.205031988188978,20.34366668733337,13.837721456692917,21.837931675863352,8.97636638143799,9.076808943944979,8.823696033973157,9.126282464037773,0.00019669448518584536,0.000175421641685865,0.00023387980125569633,0.00016256725426836682,0.014024781110086723,0.01324468352531932,0.015293129217256236,0.012750186440533598,0.8766963625734879,0.826614506961472,0.9174371738561516,0.8030907327555294
Limestone_46.jpg,Limestone,322.203001968504,562.1711203422408,304.4017593503938,576.7245954491909,0.3425552398723888,0.3076390587899618,0.3465010285931027,0.3094495625212234,10.058070866141735,13.665943331886666,9.699618602362206,13.457064914129829,6.692212774182779,6.880767168655711,6.673182401212054,6.871290581263379,0.02814732594797223,0.02375668003862513,0.028792045499130073,0.023415842727277248,0.16777164822452043,0.15413202145766183,0.16968218969335017,0.1530223602199275,0.9755498381748487,0.9571607706367842,0.9768995390169414,0.9560516232278248
Limestone_47.jpg,Limestone,234.99489419291348,385.5410130820262,194.07197342519692,382.52067704135413,0.3082669044042771,0.2862856930659199,0.3204200994224094,0.29021465039095,10.005105807086617,12.256742513485028,8.385703740157481,12.491164982329966,6.916307806075439,7.067303648684266,6.795950922292665,7.069978652356611,0.05889341789669909,0.05373749751777512,0.05934767173489427,0.054594130578303944,0.24267966106927685,0.23181349727264614,0.24361377574943144,0.23365386917041187,0.970534828214985,0.9512216049837308,0.9756686503831546,0.9516030046717413
Limestone_48.jpg,Limestone,649.549028051181,1013.6966953933908,367.2409571850394,807.3746047492095,0.07941953071707294,0.06719068812079117,0.10261670539140466,0.07040122089073733,18.379244586614174,22.690557381114758,13.547182578740157,20.491226982453966,9.118038271971795,9.242387774635645,8.90547728316939,9.19424854692086,0.00016176454472049568,0.00013908224232841293,0.00020391471447005395,0.00014587846151326256,0.01271866914108924,0.011793313458414176,0.014279870954250741,0.012078015628126276,0.9016519525537264,0.8465896375213202,0.9445810362145419,0.8778079911130655
Limestone_49.jpg,Limestone,135.48978838582678,239.53084506169014,69.90446604330711,142.94742389484782,0.7497110988818576,0.7050848413154674,0.7316897590877766,0.711770640279892,3.68663877952756,5.056916113832228,2.7754060039370088,3.9300018600037205,3.7252046576767865,3.8965999337672534,3.74895721769175,3.857271490712687,0.29078339699648154,0.28418701694493104,0.29081938650937855,0.2843589020924709,0.5392433560058775,0.5330919404239114,0.5392767253547834,0.5332531313480221,0.9757307440864598,0.9573723447689126,0.9874845491599912,0.9745606491777447
Limestone_50.jpg,Limestone,355.41510826771656,849.3861987723974,705.2596579724411,1014.0944881889766,0.10088824975174128,0.06297207090410036,0.0695961662221688,0.060802456894764725,13.775836614173226,21.736623473246944,19.768516240157485,23.56240312480625,8.684423927416713,8.99393340118278,8.92861265491311,9.0308982902297,0.0003962214345327128,0.0002053742094960164,0.00023184390851203583,0.00019877595710303332,0.019905311716542216,0.014330883067557854,0.01522642139545717,0.01409879275338968,0.9185705660203349,0.8053219163761556,0.838699856507714,0.7675609979155205
Limestone_51.jpg,Limestone,435.10008612204723,784.0112840225681,411.5554872047244,697.3393886787774,0.1713603949203743,0.15131510512056487,0.17231416154871915,0.15104200966396789,14.728407972440944,19.658627317254638,14.287155511811022,18.732283464566933,8.672911676951536,8.849432931518894,8.669035909808231,8.837280469540458,0.001557206300447757,0.0013147320609229846,0.0014792350141340906,0.001209838491349126,0.03946145334941121,0.036259234146945034,0.038460824407884064,0.03478273266074887,0.9122122258131367,0.8415608868739712,0.9170439842828294,0.8591033708907686
Limestone_52.jpg,Limestone,399.18946850393706,718.4042408084817,338.9408218503938,573.9753859507719,0.06925073816232612,0.051799467214805515,0.07962009301321987,0.05837083667080869,15.407234251968505,20.78950957901916,14.04183070866142,18.40306280612561,8.837719127558474,9.04037489333393,8.779803473933713,8.961848556240213,0.0002012430782674066,0.00016045304581154145,0.00021623413608155346,0.00017559270037009904,0.014186016997995123,0.012667006189764867,0.014704901770550984,0.013251139587601476,0.8715636593634731,0.7689092769684871,0.8918876662571573,0.8154099987192484
Limestone_53.jpg,Limestone,178.19838828740157,656.743629487259,513.7794660433071,633.3620187240375,0.1897205571209713,0.10222076236683708,0.11256921448558353,0.10290237772038593,8.11029773622047,16.922809845619692,15.425750492125985,16.75516151032302,8.359770713018236,8.93142525994798,8.880930646957882,8.931207946941011,0.00041582541661177073,0.00021909542238081318,0.00023011453493610112,0.00021480934523652174,0.02039179777782652,0.014801872259306022,0.015169526523135161,0.0146563755832239,0.9653261197235125,0.8718719707213797,0.9000994686854007,0.8764069680720259
Limestone_54.jpg,Limestone,339.7540600393701,520.4047368094737,203.1799950787402,486.7213094426189,0.6810714689411224,0.6697086951466337,0.6846098490496796,0.6707207176304143,7.043061023622046,9.043586087172176,5.664616141732284,8.712133424266849,3.601257367221245,3.6784732610985014,3.5545839684070586,3.667992023105856,0.4202354478927707,0.41273848689429676,0.4224733935307716,0.413301779297464,0.6482556963828168,0.6424472639013235,0.6499795331629847,0.6428855102562695,0.976216264702783,0.963736983735821,0.9857768315702168,0.96608412354459
Limestone_55.jpg,Limestone,617.534940944882,889.9404798809599,401.1175565944883,931.6832413664828,0.10772531671301958,0.09441249880238944,0.12908594339851642,0.08818659000947232,17.590428149606304,20.971293942587888,13.763718011811026,21.612561225122448,8.801107392552503,8.903302358006115,8.614318702449445,8.933741499308715,0.0003088918531352689,0.0002686005744012232,0.0003899813097477759,0.00025568852675308425,0.017575319431955394,0.016389038239055496,0.01974794444360668,0.015990263498550743,0.8290768517779712,0.7539173532096186,0.8893617988984516,0.7423866731998529
Limestone_56.jpg,Limestone,78.12247785433071,139.74741149482298,88.19352854330708,159.75336350672706,0.37779867327620076,0.2688233492036846,0.30131372589369537,0.27991704292318265,4.184731791338582,6.185628371256742,5.106791338582677,6.368156736313473,6.666218525455469,7.042263511846507,6.916372387361641,7.0359041824433755,0.0030090967774708986,0.0019486889987481997,0.002253865713786115,0.002000571674278695,0.05485523473170905,0.04414395766974456,0.047474895616379346,0.04472775060606888,0.9380735655674801,0.8889439767150852,0.9308825271743902,0.8729475526477558
Limestone_57.jpg,Limestone,399.18946850393706,718.4042408084817,338.9408218503938,573.9753859507719,0.06925073816232612,0.051799467214805515,0.07962009301321987,0.05837083667080869,15.407234251968505,20.78950957901916,14.04183070866142,18.40306280612561,8.837719127558474,9.04037489333393,8.779803473933713,8.961848556240213,0.0002012430782674066,0.00016045304581154145,0.00021623413608155346,0.00017559270037009904,0.014186016997995123,0.012667006189764867,0.014704901770550984,0.013251139587601476,0.8715636593634731,0.7689092769684871,0.8918876662571573,0.8154099987192484
Limestone_58.jpg,Limestone,610.9733636811025,1205.1356562713127,637.6505290354332,1010.3704507409016,0.07373237260574,0.05185298697510824,0.07389848003315011,0.055519146286022954,18.218811515748037,25.775993551987106,18.526759350393704,23.55725711451423,9.235621448861526,9.441720707005144,9.253080600262024,9.3994757438203,0.00014565715166586584,0.00010710964443814932,0.00014246329762190779,0.00011298137792505977,0.01206885046994393,0.010349378939731086,0.011935798993863284,0.010629269867919422,0.922361077704218,0.84686050994284,0.9190963664087768,0.8716161450975463
Limestone_59.jpg,Limestone,257.32658710629926,410.3835947671896,165.48228346456693,347.1689503379007,0.15970469673003987,0.12721439815115634,0.17842762360995734,0.1391554539941099,10.85845226377953,13.828197656395314,8.763041338582678,12.712629425258852,8.335946290473819,8.51644160701148,8.19720612052007,8.454961155466076,0.0006107034919147964,0.00047694044175985935,0.0006758653043673275,0.0005187614070435531,0.02471241574421239,0.02183896613303522,0.02599740957032695,0.02277633436362298,0.9391393326352805,0.9028388632013534,0.9607580642220303,0.9177963235871848
Limestone_60.jpg,Limestone,399.18946850393706,718.4042408084817,338.9408218503938,573.9753859507719,0.06925073816232612,0.051799467214805515,0.07962009301321987,0.05837083667080869,15.407234251968505,20.78950957901916,14.04183070866142,18.40306280612561,8.837719127558474,9.04037489333393,8.779803473933713,8.961848556240213,0.0002012430782674066,0.00016045304581154145,0.00021623413608155346,0.00017559270037009904,0.014186016997995123,0.012667006189764867,0.014704901770550984,0.013251139587601476,0.8715636593634731,0.7689092769684871,0.8918876662571573,0.8154099987192484
Limestone_61.jpg,Limestone,136.04035433070868,263.82999565999137,154.43208661417324,255.36387872775748,0.5973503926765594,0.5795672349218484,0.596229136224238,0.5799426784493004,5.846087598425198,8.284208568417137,6.138041338582677,8.12722425444851,4.4044024979113106,4.546233329494963,4.423376973046106,4.539100132390526,0.30926702313609705,0.3004128422541674,0.30824162569955993,0.300346148587393,0.5561178140790826,0.5480992996293349,0.555195123987558,0.5480384553910365,0.9755219712313479,0.9526778372209285,0.972212707931095,0.9541963717703136
Limestone_62.jpg,Limestone,386.5991018700787,629.1734143468287,306.3543307086614,623.5710831421663,0.2600186886745951,0.10247902026424427,0.1296076763887555,0.10703145891638198,10.720780019685039,14.985925971851945,10.744832677165354,14.75491350982702,8.039920860441036,8.387479363487005,8.194228688538098,8.378129930352905,0.0007869520133571518,0.00045153150012419436,0.0005525613468219124,0.0004572533170114391,0.028052664995631908,0.02124927057863856,0.023506623467055246,0.021383482340616065,0.8699895569094568,0.7879665807900472,0.8965892497759342,0.7898603317548113
Limestone_63.jpg,Limestone,79.04343011811025,138.750325500651,103.4634596456693,189.2943145886292,0.5484048549105663,0.5154912562772664,0.5333639540210541,0.5129781250297173,4.028666338582678,5.496930993861987,4.584030511811025,6.061256122512246,5.037359864563063,5.227682687939045,5.104168177943721,5.2451856698894765,0.18830736959569627,0.18195581242052183,0.18847919629433013,0.18163215016987416,0.43394397057188877,0.42656278836827977,0.4341419080143383,0.42618323543972747,0.9785669146272228,0.9624289592331412,0.9719452817237945,0.9487425749476127
Limestone_64.jpg,Limestone,1455.7135826771655,2110.2486824973653,703.8138533464569,1776.959265918532,0.04707953360061175,0.0375657005881385,0.0771104182033795,0.043352148401874256,28.86786417322835,34.6505673011346,19.12315452755906,31.342550685101376,9.371473860341549,9.45702607591679,9.109793000085597,9.408811315560548,0.00011895971057567119,0.00010607752630968094,0.00016924209873810377,0.00011281992927926585,0.010906865295568254,0.010299394463252728,0.013009308157550262,0.010621672621544398,0.7478710792269655,0.6338135688338685,0.8778910236270131,0.6916723526918477
Limestone_65.jpg,Limestone,327.64443897637796,557.8601897203796,354.9116018700788,632.488436976874,0.08816088688612948,0.07061109603942527,0.08789037985352294,0.06431399414251396,13.325910433070867,17.02219604439209,13.565391240157481,18.342488684977372,8.891600615650221,9.046240838857958,8.897076262190343,9.09018636057872,0.00020057516921674466,0.00016762597850324351,0.00019963479868365992,0.00015875206900764103,0.014162456327090463,0.01294704516494955,0.014129217907713786,0.012599685274150344,0.9318143390848674,0.8835736878884929,0.9261938122485897,0.8679943570878951
Limestone_66.jpg,Limestone,484.71050688976374,809.5505611011222,376.84288877952747,654.6047492094986,0.06384693818046577,0.04644019720583718,0.07180315934030254,0.054433224564674865,16.970841535433074,21.977369954739913,14.887057086614172,19.683427366854737,8.79727928041482,8.95835293317351,8.705627515422846,8.889305462998593,0.00021611871837024923,0.00018100123000419605,0.00023836406315390756,0.0001932348089384628,0.014700976782862057,0.013453669759741988,0.015439043466287267,0.013900892379213027,0.7849302043525002,0.6411061503909831,0.8332612939649496,0.7097886783899965
Limestone_67.jpg,Limestone,467.2878321850394,592.8247876495753,252.1216781496063,688.716411432823,0.155417160085794,0.14965134408255681,0.1890535418131457,0.1410559151847624,15.199618602362204,17.151528303056608,10.909448818897637,18.362886725773453,8.60772132690713,8.686695429849774,8.38412505753044,8.731767681836626,0.002547425932254208,0.0022914214096764725,0.0029487654800504914,0.002234195552773274,0.05047203118811654,0.047868793693558565,0.05430253658946782,0.047267277822752536,0.9362602471013075,0.9189710374192636,0.9657321854349804,0.9058709292525771
Limestone_68.jpg,Limestone,140.46998031496062,275.3933907867816,181.4076033464567,293.39004278008554,0.45880308571712997,0.4360786459190451,0.45933421102290867,0.43997613631314636,6.533710629921259,9.121458242916487,7.13693405511811,9.177754355508712,5.668945432525895,5.855715904640515,5.691798193976365,5.848258075121254,0.15152204211879122,0.1452073118046664,0.15180629891289077,0.14573098586336053,0.3892583231207667,0.38106077179980935,0.3896232781968895,0.3817472800994927,0.9737914984600192,0.9485499034695722,0.9661534696523091,0.9451876968471303
Limestone_69.jpg,Limestone,212.78481791338587,370.3191766383532,125.18190206692913,255.6699113398227,0.23767124286819977,0.175256599395554,0.22086749582577275,0.17634623516894607,8.368233267716537,11.971355942711885,7.018024114173228,9.670407340814682,8.30648463392988,8.632942235082295,8.32020255918528,8.52987839055051,0.0006275639382333454,0.00040616443065609784,0.000471784085658015,0.00038047103188260567,0.0250512262820275,0.02015352154478462,0.021720591282421733,0.019505666660809256,0.9718934236778608,0.9510186373121146,0.9834202955322469,0.9661827460279909
Limestone_70.jpg,Limestone,625.1270300196851,947.1386942773887,486.087906003937,1045.5710211420424,0.07925490323520898,0.062245205882626053,0.08579768568403323,0.06112708566324816,18.15372785433071,22.407464814929632,15.893762303149606,23.420360840721685,9.14843003966154,9.278622545013544,9.065219321022191,9.30468662729693,0.00014894182620396495,0.0001264642618565416,0.00016426778459025667,0.00012358509433988302,0.012204172491568814,0.011245633012709493,0.012816699442144091,0.01111688330153209,0.8886727156840707,0.8314950973064682,0.9134148998047401,0.8140038766403584
Limestone_71.jpg,Limestone,105.78389517716536,191.0804761609523,94.13718011811024,160.99937999876002,0.40456592567735833,0.36865011501734146,0.4086223582160693,0.3710112185094213,5.932394192913385,8.063922127844254,5.60076279527559,7.395312790625582,5.85733302746922,6.064317001407443,5.82540237470216,6.033258714636648,0.07376216888664244,0.06858319061048807,0.07407756386557696,0.06825993390346256,0.2715919160922181,0.2618839258344965,0.27217193805676765,0.26126602133354915,0.8322755395951663,0.6988548832200178,0.8507416234606322,0.7462630507033496
Limestone_72.jpg,Limestone,368.60020915354335,525.254882509765,300.1699680118111,647.0956661913324,0.08251781160936866,0.07082689625881983,0.09286289287762436,0.0621287156277583,14.266055610236219,16.932605865211734,12.901021161417326,19.071734143468287,8.795447073264274,8.900167504419429,8.719519709346763,8.974383866025311,0.00023502262580697036,0.00020814382257445776,0.0002515122217744436,0.00019003466613790444,0.015330447671446857,0.014427190390871597,0.015859136854647658,0.013785306167724547,0.914093490539456,0.8765859732166902,0.9298856586604076,0.8479608929194254
Limestone_73.jpg,Limestone,439.54429133858264,519.5913571827143,227.64622293307087,684.3549507099012,0.0840430140711541,0.07551801105146753,0.11043778596983628,0.0653051824165971,15.634227362204724,16.987599975199952,11.167138287401574,19.656333312666625,8.92418402460111,8.980654835091972,8.670137330808334,9.072597293419271,0.0001927664988142476,0.0001803246832980119,0.00025134950172244093,0.00016216747666925795,0.013884037554481319,0.01342850264541851,0.015854005857272823,0.012734499466773633,0.897879438826121,0.8792643638286162,0.9471146431941029,0.8409844884114653
Limestone_74.jpg,Limestone,478.24311023622045,883.3349246698494,517.11687992126,831.4564449128899,0.15963317896875007,0.11039514442054864,0.12693941824744404,0.10820313628742848,15.025713582677167,20.973091946183896,15.917445866141735,20.10397420794842,8.687732964099135,8.94770734257837,8.788569318453685,8.919135505892044,0.0004386497420455778,0.00029408639634440905,0.00033709161656604575,0.00029342522569972913,0.02094396672184087,0.01714894738298561,0.018360054917293842,0.01712965924061915,0.9083747604218337,0.8297084779330924,0.9005270519070404,0.8397004555153513
Limestone_75.jpg,Limestone,408.65323572834643,744.6733213466428,424.80351870078744,749.4248868497737,0.08660958880489839,0.06228939631849079,0.0862727983042093,0.061148214125075186,14.803580216535433,20.095232190464383,15.164739173228346,20.198896397792794,8.97534678990632,9.172872631038604,8.982499465324134,9.175169979576092,0.00017561277798336844,0.00014098887395493187,0.00017992485936143746,0.00013908224232841299,0.01325189714657371,0.011873873586784217,0.013413607246428436,0.011793313458414178,0.9127805729721244,0.8412402701064278,0.909532341021046,0.8402178693942005
Limestone_76.jpg,Limestone,206.6857775590551,492.7619815239631,344.61952509842524,483.0620001240003,0.2954077636693129,0.18319623810384134,0.20184635713995883,0.20415194574943235,9.110974409448819,13.83706367412735,11.50153789370079,13.875689751379504,8.112188323986338,8.450071648006864,8.299642278595766,8.437113616394788,0.0012766542256717325,0.0006403072512264437,0.0007834156903665372,0.0006754626938480737,0.03573029842684962,0.025304293138249164,0.027989563954562372,0.025989665135358588,0.9326974822825665,0.8392136149754303,0.8874148597934638,0.8423813450799167
Limestone_77.jpg,Limestone,213.5935039370079,373.20652241304487,317.1798720472441,561.5774691549384,0.13202511550214288,0.10563400010044194,0.14594403397243808,0.1007902746301574,10.415723425196852,13.425258850517704,12.020054133858267,16.580755161510325,8.3573878937794,8.534629679082332,8.440899822913295,8.68021036177222,0.00038014620706975803,0.0003170274801086524,0.0003708484589820742,0.0002668034972129217,0.019497338461178695,0.017805265516376113,0.019257426073649463,0.01633412064400535,0.8982385701563552,0.8213688651486952,0.8485069395651681,0.7311934850876587
Limestone_78.jpg,Limestone,193.07123523622042,397.81003162006334,246.1884842519685,413.40517081034164,0.7153955656155577,0.7012290360599531,0.7112932248567299,0.701075565913912,4.806471456692912,7.098146196292394,5.457554133858268,7.173166346332693,3.1758199660754656,3.2838545709179763,3.2013806150277313,3.2808780198079077,0.46991029235964715,0.46212078226128067,0.46872804225344783,0.4622056369786992,0.6855000308968973,0.6797946618364112,0.6846371610228646,0.6798570709926456,0.9869064428213458,0.9731452071642038,0.9833041779044119,0.9720924327268808
Limestone_79.jpg,Limestone,699.8697096456692,1118.5867071734144,474.5908587598426,948.6242792485587,0.05739303678160507,0.045854313240999395,0.06833217175325071,0.0471339113744671,20.20066437007874,25.54646909293819,16.42550442913386,23.35240870481741,8.929960078882194,9.064869251015665,8.795103365904039,9.022738196796064,0.00019492159345646813,0.00016693597774324328,0.00022920632999469132,0.00017638456753756463,0.013961432356906226,0.01292037065038164,0.015139561750417061,0.013280985187009457,0.7475874260758025,0.5955614740274906,0.8285769402755062,0.6570156105223656
Limestone_80.jpg,Limestone,699.8697096456692,1118.5867071734144,474.5908587598426,948.6242792485587,0.05739303678160507,0.045854313240999395,0.06833217175325071,0.0471339113744671,20.20066437007874,25.54646909293819,16.42550442913386,23.35240870481741,8.929960078882194,9.064869251015665,8.795103365904039,9.022738196796064,0.00019492159345646813,0.00016693597774324328,0.00022920632999469132,0.00017638456753756463,0.013961432356906226,0.01292037065038164,0.015139561750417061,0.013280985187009457,0.7475874260758025,0.5955614740274906,0.8285769402755062,0.6570156105223656
Limestone_81.jpg,Limestone,103.64333169291342,226.26660053320114,116.2218257874016,183.89311178622359,0.5676089742488798,0.5356764770390813,0.5663892380915453,0.5428974132713921,4.548351377952757,6.830305660611323,4.75615157480315,6.2885485770971545,4.874171777774822,5.083242919674469,4.899707390913249,5.046676713953026,0.23923257386309701,0.22802829522826887,0.23565394555105518,0.22874611512754556,0.48911407039983734,0.4775230834507049,0.48544201049255636,0.47827410041475754,0.9771906726275862,0.9503806952400232,0.9744224579728968,0.9596730214027228
Limestone_82.jpg,Limestone,340.37616879921256,801.6237212474426,451.279343011811,594.465992931986,0.08227681635090009,0.055959503800745346,0.07957949963246204,0.06670011212990094,13.909633366141733,21.27701655403311,15.631705216535432,18.049476098952198,8.67841734517026,8.945928047206834,8.74456080729648,8.84149868668552,0.00026504069121419495,0.0001952548390185751,0.00025554238120194993,0.00022341417365580101,0.01628007036883425,0.013973361765107746,0.015985693016004967,0.014947045649753032,0.8834542630968196,0.7252575657207029,0.8459256546532755,0.7962620187539053
Limestone_83.jpg,Limestone,699.8697096456692,1118.5867071734144,474.5908587598426,948.6242792485587,0.05739303678160507,0.045854313240999395,0.06833217175325071,0.0471339113744671,20.20066437007874,25.54646909293819,16.42550442913386,23.35240870481741,8.929960078882194,9.064869251015665,8.795103365904039,9.022738196796064,0.00019492159345646813,0.00016693597774324328,0.00022920632999469132,0.00017638456753756463,0.013961432356906226,0.01292037065038164,0.015139561750417061,0.013280985187009457,0.7475874260758025,0.5955614740274906,0.8285769402755062,0.6570156105223656
Limestone_84.jpg,Limestone,181.41049458661416,434.1385702771406,239.30930118110237,361.2197284394569,0.2740893388095922,0.20298579735511785,0.23758596764322118,0.2118371752338521,7.307271161417322,12.918655837311675,9.737819881889763,11.953809907619815,7.286418238518283,7.714569146361175,7.514357178075158,7.674226354908874,0.0181399103032581,0.014734562608191497,0.018135963395950225,0.015215781439064891,0.13468448427067647,0.12138600664076357,0.13466983105339603,0.12335226564220413,0.9731525931979169,0.9344459027446336,0.9645818904707013,0.9454565089815424
Limestone_85.jpg,Limestone,457.32837106299206,815.4706429412857,435.9376845472442,765.5630851261703,0.07534780737685612,0.05586480102991748,0.07414489636602961,0.058996036690939814,15.905511811023622,21.36276272552545,15.67624261811024,20.593279186558373,8.759581028609984,8.95778714622897,8.76412474158449,8.926877989757914,0.00023270481111274723,0.0001848644654571223,0.00022994613860321479,0.00019194129776442333,0.015254665224538598,0.013596487246973842,0.0151639750264637,0.013854288064149067,0.826367924994888,0.6907625994888451,0.8347258294399872,0.7097020701342044
Limestone_86.jpg,Limestone,312.47348671259846,465.484158968318,209.23948080708658,483.2132804265609,0.511905472138881,0.5044692050240768,0.5269141802645617,0.4995052109886189,9.404343011811024,11.220782441564884,7.344918799212598,11.773513547027095,5.377939139399891,5.467096913387481,5.312805695726441,5.465484053383796,0.217364397131138,0.2114195310292785,0.21822258836168063,0.2130712967483347,0.46622354845196096,0.4598037962319129,0.46714300632855527,0.46159646526845793,0.9740139647044442,0.9613285073044332,0.9826108483723435,0.9598551273592031
Limestone_87.jpg,Limestone,201.78512549212599,408.9005518011037,230.50123031496062,378.49407898815804,0.4101964782077922,0.3493615263755101,0.40034665960638816,0.35959068709405073,7.5991018700787425,11.131564263128528,8.094488188976378,10.680327360654726,6.289716519607862,6.57773999287682,6.330616113840788,6.55229071413058,0.07735443540955443,0.06385463077826768,0.07646139181438519,0.06470274357871554,0.278126653540351,0.2526947383272309,0.27651653081576366,0.2543673398428256,0.9239256861145299,0.8461908674130922,0.9130871407971232,0.8576283506539107
Limestone_88.jpg,Limestone,533.5976254921261,1045.8974517949036,653.478715551181,1047.9058838117676,0.08997744488419174,0.06445116228850913,0.07764928868360103,0.06479187084670761,15.59282726377953,22.113832227664457,17.45915354330709,22.1006882013764,8.585026791490584,8.802804920088827,8.658207149631819,8.803052021140923,0.0003319697191152196,0.0002521078264302973,0.00030474438390283023,0.0002540605862413286,0.018220036199613314,0.015877903716495365,0.017456929395023347,0.015939278096618072,0.8228993708846201,0.6531179490309802,0.7836788871113929,0.6524274423013673
Limestone_89.jpg,Limestone,24.89886811023622,53.68913137826277,33.37450787401574,53.18420236840474,0.5335158475781919,0.475930633237478,0.5242726244853368,0.46106146685363286,2.503198818897638,3.564511129022259,2.673966535433071,3.5759191518383044,6.248662761572303,6.45371807368526,6.196907434926951,6.461931944481059,0.010177467559524964,0.00860448053588773,0.010600341024900801,0.00828159477634598,0.10088343550615712,0.09276033923982668,0.10295795755987393,0.09100326794322268,0.9889556052150251,0.9762384435877617,0.985143026237842,0.9764618443998239
Limestone_90.jpg,Limestone,177.2048474409449,311.55787711575425,144.68756151574806,263.69117738235474,0.11188007435746147,0.08600275739622679,0.13165810782483192,0.0995026642448632,9.892839566929133,13.1750883501767,8.622969980314963,11.629797259594518,8.337293151083092,8.561488940441121,8.216499676257792,8.448693431206973,0.0003743658610364096,0.00029258530834006305,0.000438922203528001,0.00034070661482509635,0.01934853640553749,0.017105125206792936,0.020950470245987344,0.018458239754242448,0.9145240422061388,0.8494951901148118,0.930012911515401,0.8726072077993634
Limestone_91.jpg,Limestone,259.9438976377953,487.37913075826157,209.16769192913387,338.2159464318929,0.08710187135500586,0.0672255896919976,0.09781594562700827,0.0748831556359669,12.141732283464567,16.4499968999938,11.05437992125984,14.241242482484965,8.72403008115936,8.938830875133934,8.662841224612617,8.846782896181065,0.00023273130042353833,0.00018105504621946067,0.0002425928924123473,0.00020113041652086158,0.015255533436217113,0.013455669668190456,0.015575393812432073,0.014182045568988331,0.927590774304084,0.8642887337181433,0.94180417325938,0.9058259645188665
Limestone_92.jpg,Limestone,522.3074557086615,911.5354950709902,492.69943405511816,898.1790563581126,0.5996476575593516,0.5859197982635428,0.597998149124159,0.5880139655568436,11.262795275590552,15.023498046996096,10.914124015748033,14.887221774443546,4.459276276117327,4.551523242766752,4.449455798753759,4.544851905150622,0.33483295628700627,0.3269449552105131,0.33589595908439873,0.3283633642101432,0.5786475233568413,0.5717910065841479,0.5795653190835341,0.5730299854371874,0.9574933066779414,0.926090214300337,0.9599028818860771,0.9271731908035208
Limestone_93.jpg,Limestone,314.06637549212604,434.6937193874388,227.76556348425197,529.0251720503442,0.08262640854025943,0.07005614000866797,0.09572120394828779,0.06469266702198537,13.360666830708663,15.643933287866579,11.305794783464567,17.28247256494513,8.65416405199959,8.77171948663815,8.542153390549766,8.833027775831685,0.0002650312307460553,0.00023052752410917434,0.0003028276930577299,0.00021553778615028248,0.016279779812579016,0.015183132881891482,0.017401945094090196,0.014681205200877838,0.8806984510904172,0.8352112079992133,0.9135957338907454,0.7994505431327876
Limestone_94.jpg,Limestone,546.5658218503937,741.2106144212289,363.613312007874,916.9487258974518,0.11152589642180216,0.09019422274999919,0.13916804570967162,0.08937411559971181,15.091535433070867,17.810155620311242,12.019562007874017,19.663463326926653,8.53666082236992,8.674160762611702,8.372318412057203,8.709202945549507,0.00040928823312724754,0.0003312522590077111,0.0005121254138992653,0.0003238755935010785,0.02023087326655099,0.018200336782810123,0.022630188110116658,0.017996543932129818,0.880534569539478,0.8378565356315882,0.9204159952666712,0.7994069500410171
Limestone_95.jpg,Limestone,225.0040600393701,477.8134416268832,289.95736958661416,442.55682311364615,0.1697883764509566,0.12382704512460047,0.16936415110039987,0.15388818097155368,10.066067913385826,13.763965527931052,10.094303641732285,13.144956289912578,8.264014306636193,8.477412302031691,8.202031701528847,8.435105930508644,0.0004948032967354997,0.0003461170664668812,0.0004661588913021576,0.000368254751017531,0.022244174444908036,0.018604221737736872,0.021590713079983198,0.019189964851909734,0.9346948155670896,0.8605181889798497,0.9148194217751827,0.870810533060694
Limestone_96.jpg,Limestone,199.94242125984255,346.99485398970796,190.79084645669292,358.5867691735383,0.6505631835020003,0.6398973154665937,0.6497528273016786,0.6378788694869482,6.100516732283465,8.230516461032922,6.05794783464567,8.234980469960938,3.8448298241535177,3.9443878770808105,3.8408518821566715,3.9454311819406427,0.3876732847459836,0.38098665849510993,0.3879807915865833,0.38052808668082444,0.6226341499998082,0.6172411672070407,0.6228810412804224,0.6168695864449992,0.9742511594500636,0.9554857176871814,0.975429710949552,0.9539986472620546
Limestone_97.jpg,Limestone,92.63379675196849,204.89311178622353,103.50922736220474,164.6644553289107,0.5651193861729111,0.5250355711219116,0.5610605943854697,0.5358498363305245,4.19408218503937,6.3942587885175755,4.405757874015749,5.847541695083391,4.9997163316620705,5.233045483075572,5.031850366010164,5.1926975809830935,0.21204938882045735,0.19906850973724258,0.20663168902021403,0.19963250943923921,0.4604882070373327,0.44617094228248727,0.45456758465624675,0.4468025396517339,0.9793551062924846,0.9544955206574441,0.9769308009438835,0.96342985744789
Sandstone_1.jpg,Sandstone,296.58415354330714,569.8943517887036,264.22853100393706,436.82540765081535,0.2494304246217206,0.19515063292356932,0.2271081722182166,0.20547624806217618,10.564345472440946,14.99435798871598,10.396838090551183,13.18500837001674,8.333947878913847,8.608692825690333,8.393732020800705,8.552807701955963,0.0009016696500189878,0.0006125265521037583,0.0007211979755990764,0.0006170105960399163,0.030027814606111244,0.024749273769219135,0.026855129409464336,0.024839697986085024,0.9541330593677091,0.911836013125894,0.959139640636509,0.9324255690243336
Sandstone_2.jpg,Sandstone,257.02965059055117,311.99993799987595,165.15495816929132,467.4734329468659,0.2644766743018093,0.2350303506959079,0.3108090723567645,0.22911281041325635,8.531865157480315,9.865149730299459,7.283772145669291,12.136710273420547,7.997787634751951,8.133566942140844,7.853377391042952,8.209066781739782,0.0013689883947150705,0.0012136844287328596,0.0020823758078180213,0.001266410865638397,0.03699984317149291,0.03483797394701448,0.04563305608676698,0.03558666696444607,0.9695211007934489,0.9629985118831323,0.9804807590804047,0.9445597426280876
Sandstone_3.jpg,Sandstone,180.16547736220474,236.3659247318495,101.63705708661416,266.99231198462394,0.29961188713374054,0.22619299384178368,0.2404600033327884,0.20309130199726233,7.537893700787402,9.105710211420423,6.327140748031496,9.66749333498667,8.086437848147412,8.326931933181921,8.13589719422173,8.388727296039791,0.0009738265326140027,0.000672917955669131,0.0007025759901129179,0.0005663945235758288,0.031206193818118906,0.025940662205678772,0.026506150043205404,0.023799044593761087,0.983239348719592,0.977919339797713,0.9904894708297728,0.9750575672162248
Sandstone_4.jpg,Sandstone,142.77214566929132,285.2989645979292,202.03057332677167,330.0753921507843,0.18989226114776797,0.11262071915390165,0.12669528431869378,0.10754073315005773,7.993233267716535,11.820757641515286,9.963152066929133,12.722177444354891,8.467536192740148,8.78949676680963,8.665256877941612,8.8414688153755,0.0003349649033282441,0.00022639328557223673,0.0002682364373517809,0.00021889553358125875,0.018302046424600833,0.015046371176208459,0.016377925306698064,0.014795118572734007,0.9735605175906374,0.9471275896563779,0.9626020329257188,0.9388316474231898
Sandstone_5.jpg,Sandstone,255.0845841535433,492.65292330584674,245.42310531496062,415.66216132432277,0.3428949240290362,0.3112129117359188,0.34342652681491803,0.3164653658573354,8.269377460629922,11.317564635129273,8.137057086614174,10.884555769111541,6.643237847693876,6.858689907709092,6.629037469902298,6.842823538456183,0.06218996721440708,0.05705579766296244,0.06164931092069216,0.057563382595300146,0.2493791635530264,0.2388635544886713,0.2482927927280455,0.23992370161220034,0.9788733345602199,0.9587244425211092,0.9796623175756488,0.9651748997724087
Sandstone_6.jpg,Sandstone,355.6761811023622,769.6736933473867,439.54884350393706,645.1342302684604,0.24362830028953664,0.15330999883559526,0.17825605258743185,0.16147947763676207,11.357775590551181,17.252216504433008,13.229084645669294,15.954739909479816,8.537535668522278,8.844959734823169,8.700084944104335,8.81716488858542,0.0006232121228890895,0.00043111593446201345,0.0005154195489055042,0.00042281862727281766,0.024964216849104028,0.020763331487553088,0.022702853320794376,0.02056255400656294,0.9553369685202107,0.9033483353075846,0.9448026290319589,0.9189872395727039
Sandstone_7.jpg,Sandstone,242.0513041338583,393.1633703267407,160.4448818897638,338.4408828817658,0.17022127305403917,0.13800743999597992,0.1853983334653273,0.1432760893851717,10.12290846456693,13.297910595821193,8.512180118110235,12.201934403868808,8.40500988426091,8.591803531156772,8.27937098398733,8.560602140107886,0.0006135492007312139,0.0005380564422236167,0.0007418331487053598,0.00055582540329939,0.024769925327525998,0.02319604367610168,0.0272366141196985,0.02357594967969244,0.9597513821148043,0.9344210754922114,0.9731791330313435,0.9435485600167519
Sandstone_8.jpg,Sandstone,173.90163631889763,383.98586397172795,322.03678641732284,518.3486266972534,0.15852467689602548,0.124353490520972,0.13483634929324756,0.09404867102481622,8.65421998031496,12.554157108314218,11.59375,15.49686899373799,8.437715077643777,8.665757420048566,8.61275323227221,8.847929423259776,0.0003768028776291927,0.0002973960935831848,0.0003252338657997629,0.00024011449845703342,0.01941141101592547,0.01724517595106483,0.018034241481131467,0.015495628365995147,0.9595990798208117,0.9100508599126945,0.9248970003762187,0.8785696946666478
Sandstone_9.jpg,Sandstone,598.7301919291339,813.6490792981585,537.814591535433,1130.7751875503752,0.057980444538216755,0.04521715452069634,0.05521071446747956,0.037667570696692146,18.888041338582678,22.52216504433009,18.28494094488189,26.780395560791128,8.735449696955898,8.837750933138938,8.712613913457261,8.913448843815218,0.00023442661631417014,0.00020534537938069616,0.00023631114156759563,0.00018917745070904613,0.015310996581351918,0.01432987715860454,0.015372414955614346,0.013754179390608736,0.6496994077766756,0.5239258875031593,0.6856043457485491,0.3383780764939627
Sandstone_10.jpg,Sandstone,193.23745078740157,441.06119412238826,327.2981053149607,509.40696881393757,0.1239626824460861,0.07058325303543828,0.08553783126981379,0.07258076419269935,9.826525590551181,15.706739413478829,13.541338582677167,16.58571517143034,8.55639918779059,8.90866345550713,8.814704051637708,8.942287379450942,0.0002977190402622993,0.00018876037504074513,0.00021235723623791005,0.00018695176580631537,0.017254536802310844,0.013739009245238359,0.0145724821577489,0.013673030600650149,0.9462129015670165,0.8771011297313163,0.9088491270672445,0.8580619666086233
Sandstone_11.jpg,Sandstone,193.93934547244095,327.13051026102056,160.0979330708662,325.8551677103354,0.22010858068224032,0.17943512607986137,0.22219465643479744,0.1747561680634196,9.154773622047244,12.29226858453717,8.404527559055119,12.393328786657575,7.744061309966966,8.012869819175197,7.68432904719109,8.016790721070288,0.013550720460815926,0.010538439267714916,0.013701921446811649,0.0105503172752269,0.1164075618712802,0.10265690073109998,0.11705520683340681,0.10271473738089827,0.9359071346140496,0.8908377298119987,0.9470749539003916,0.8912633070166103
Sandstone_12.jpg,Sandstone,154.14050196850394,193.15109430218862,125.39283956692917,312.09262818525644,0.3013105736247391,0.23888640217189544,0.2646426744102176,0.21925843523952504,6.643454724409448,7.903651807303615,6.483267716535434,10.103788207576416,8.041245304324505,8.229918301183076,8.070725496357799,8.386068668878568,0.0037111486576488785,0.003423205246807295,0.0035841059230946586,0.003404361883433916,0.06091919777581513,0.05850816393297003,0.0598674028424038,0.05834690980192452,0.9877155364182643,0.9846623728705609,0.9900334387140246,0.975217094924326
Sandstone_13.jpg,Sandstone,171.3368602362205,327.55260710521424,133.6515132874016,222.00291400582802,0.2658748652499575,0.2151216553056431,0.2631573373031493,0.23038794013429606,8.135580708661418,11.42984685969372,7.270976870078741,9.348812697625394,8.154568496483034,8.428589993028336,8.135561339397643,8.295507978450319,0.001058049296274374,0.0007604115896433169,0.0010119560034041947,0.0009098899715562469,0.03252766970249136,0.027575561456538233,0.031811255923087894,0.030164382499170223,0.975331039378397,0.9528979921439172,0.9807722913609933,0.9680769157959777
Sandstone_14.jpg,Sandstone,773.0652682086613,1466.9129518259037,942.5268823818898,1730.3109926219854,0.07082908574273888,0.03999063394071289,0.06378733492179404,0.03743307808281434,19.971026082677163,29.436356872713745,22.25289124015748,32.09721619443239,9.240200468125618,9.47067959260563,9.290936559408571,9.512052947227398,0.0001317616160622946,9.785902143569431e-05,0.00012423108342310435,9.28079852315697e-05,0.011478746275717336,0.00989237188118675,0.011145899848065402,0.00963369011498552,0.8669848039399792,0.7477073806038509,0.837813021729186,0.7024124212813084
Sandstone_15.jpg,Sandstone,940.1433316929133,1412.9904519809038,880.3321235236222,1736.435116870234,0.04475214877410147,0.03464002009819403,0.04469403812989656,0.031698630321545206,23.721825787401574,29.658069316138633,23.603777066929137,32.92975385950772,9.20321714411042,9.327935594353299,9.209601850062993,9.37761578251845,0.0001364596845404628,0.000116665866663,0.0001336839831882789,0.00011047123588450166,0.011681595975741619,0.010801197464309223,0.01156217899828051,0.010510529762314631,0.7723398665125343,0.6587122766233965,0.7873945701610608,0.580587103345437
Sandstone_16.jpg,Sandstone,501.61934055118115,888.740343480687,394.09375,716.6111972223945,0.14371406998621958,0.08763347641942437,0.11609160973136576,0.10011233258513652,14.6316437007874,20.12195424390849,13.430856299212596,18.08221216442433,8.820017491877586,9.070465490505244,8.838340333044611,9.020692392593592,0.0002813051280399436,0.00018995009779963139,0.00024126464268553536,0.00019982152928531787,0.016772153351312515,0.013782238490159405,0.015532695924582294,0.014135824322808977,0.9026050551061355,0.8276558316485748,0.923865381240465,0.8610268051316489
Sandstone_17.jpg,Sandstone,343.4660433070866,563.8333436666873,270.37512303149606,514.988715977432,0.12592966686728968,0.10607296981682693,0.147310100424016,0.10918147801343443,13.245570866141733,17.063798127596254,11.792199803149606,16.248434496868995,8.839625076971526,9.005690947835584,8.739183666095528,8.974959443252889,0.000236029219617033,0.00019667520270002403,0.0002794792576889841,0.000198914341656571,0.015363242483832409,0.014024093649859303,0.01671763313657122,0.014103699573394598,0.934918325233186,0.8930224202543239,0.9486527660095091,0.9022939332970218
Sandstone_18.jpg,Sandstone,56.41246309055118,191.38192076384155,141.6050688976378,172.71529543059086,0.4311253070036828,0.3415271090867832,0.35863886168734965,0.3347434699866312,3.6532357283464565,6.673631347262695,5.81988188976378,6.509331018662038,7.203222859189021,7.553772467927052,7.475178503120324,7.600952970287702,0.0035281813117337166,0.00310434224935658,0.0030810285009241897,0.0026264196616681413,0.059398495870970645,0.055716624533047404,0.055507013078746996,0.05124860643635241,0.9932276125091626,0.9769636904438975,0.9829353465412856,0.9792094944930309
Sandstone_19.jpg,Sandstone,268.4714566929134,756.4949469898941,506.5750492125984,658.1923243846487,0.10062405984891568,0.05680997810502941,0.0688654519094215,0.06014792182025989,12.081323818897637,21.136400272800547,17.269192913385826,19.724719449438904,8.741050225432218,9.133685214646526,9.011369905150973,9.093498724495092,0.00023425632788765576,0.00014710470241822125,0.0001690737024052173,0.00015436412545588438,0.015305434586696837,0.012128672739348739,0.013002834398900006,0.012424336016700626,0.9316824504588996,0.8077361922533236,0.8714160429210605,0.8327341403792978
Sandstone_20.jpg,Sandstone,210.57332677165354,1138.9275218550438,1009.3155142716535,1154.446772893546,0.11322720910081897,0.048382403636211616,0.052883599298703725,0.045816565057594225,10.569635826771652,26.46016492032984,24.843811515748037,26.648149296298598,8.44131332453842,9.042214842510342,8.999818586805358,9.04456082329959,0.0003377235758377767,0.00016899060396173988,0.00018017839990758106,0.0001698151452599018,0.018377257027036888,0.01299963860888986,0.013423054790455899,0.01303131402660153,0.9191328850702885,0.5611639021362513,0.6111369483731208,0.555226553103672
Sandstone_21.jpg,Sandstone,301.70626230314963,251.493086986174,115.59184301181104,517.2862545725093,0.23333327715420146,0.21946442597061072,0.29230182292064316,0.20380508247254325,10.323388287401574,9.79205158410317,6.2189345472440944,13.338334676669353,8.283781391325768,8.307168060118414,7.913551764530732,8.447689073420783,0.0012042286657815502,0.0010594106376383128,0.0015675106423455037,0.0010276436945706674,0.03470199800849441,0.03254858887322633,0.03959180019076556,0.032056882171706394,0.947299603746519,0.9560338341654199,0.9798347679138287,0.9095699717793998
Sandstone_22.jpg,Sandstone,130.0316806102362,250.50654101308206,94.66338582677164,152.14979229958462,0.17731868455421138,0.13558596430670103,0.21362446241036506,0.18054580901938577,7.317482775590551,10.3751007502015,6.402189960629921,7.6989273978547965,8.16371105475527,8.455650877638979,8.081083599898294,8.174527899223502,0.0004918819041739647,0.0003527576030290011,0.000560171347393476,0.0004964372877471653,0.022178410767545197,0.018781842375789472,0.023667939229968377,0.02228087268818628,0.9681420026967422,0.9378862101387081,0.9765628685400009,0.962275371137049
Sandstone_23.jpg,Sandstone,58.34498031496062,148.53270506541008,95.15354330708661,131.47461094922187,0.49052375795665626,0.44410358559685653,0.4762562160821482,0.44478500302353713,4.100639763779528,6.6920453840907665,5.216658464566929,6.2560605121210235,5.634152106432323,5.927690887550989,5.759444190313717,5.901146116498309,0.12305967879758023,0.11515027134462472,0.12078587798533019,0.11560563725008655,0.3507986299824733,0.33933798983406604,0.34754262758017207,0.3400082899725925,0.9889106770224899,0.9717868249695766,0.9819094823579538,0.9750269396283212
Sandstone_24.jpg,Sandstone,205.08698326771656,327.6763593527187,162.66596948818898,337.4412548825097,0.14699631311969769,0.11807599348680639,0.1640793586464276,0.12167372191257163,9.64714566929134,12.397420794841592,8.500738188976378,12.368280736561474,8.388701608094225,8.574178631101518,8.25310265726246,8.55764982919263,0.0004437565027473807,0.00036174106696282087,0.0005437177012049337,0.0003724812459234936,0.021065528779201835,0.019019491764051447,0.023317755063576206,0.019299773209120713,0.9564566102168645,0.930583624322796,0.9654805491848255,0.9285157456037993
Sandstone_25.jpg,Sandstone,433.10992864173227,872.5788331576664,482.5532111220473,737.3191146382294,0.06817746465047775,0.045916123236479645,0.06191433257847129,0.050831083436623556,16.13453494094488,23.12108624217249,17.04730561023622,21.049662099324202,8.98079471881276,9.216832484403113,9.028296740214685,9.16506715997346,0.0001727803138223464,0.00013087911351593057,0.0001622791941872946,0.00013865555662167188,0.01314459256965945,0.011440240972808683,0.012738885123404426,0.011775209408824622,0.8856677987358108,0.7699761124059956,0.8727283350505655,0.8056472906345762
Sandstone_26.jpg,Sandstone,54.89363927165354,80.92063984127967,39.81034694881889,82.16578833157666,0.16863610372739632,0.13860647333247986,0.19530650198664165,0.13568845548130992,5.745017224409449,7.030256060512119,4.907172736220472,7.113274226548453,7.4174712771328,7.590830403125318,7.273667100008552,7.593825803026129,0.0009370801822658333,0.0007848633714503461,0.0011000916166871396,0.0007816997467958605,0.030611765422233216,0.028015413105116727,0.0331676290483227,0.02795889387647266,0.9314333245564633,0.898331897074103,0.9504580553067491,0.8967752372700887
Sandstone_27.jpg,Sandstone,30.702940452755907,51.19393638787278,27.79625984251969,53.28396056792114,0.2810893850524831,0.22609489810986738,0.2739126216467868,0.21811713309290176,3.6903912401574805,4.831979663959328,3.6648622047244093,5.004464008928018,7.143715355711439,7.362750750648214,7.1308793995820094,7.407266572545592,0.0013829804270936667,0.0011006761427001682,0.0014015759232690339,0.0010669718158829958,0.037188444806063974,0.03317643957238583,0.037437627105213735,0.03266453452726666,0.9915687008597209,0.9858506927456471,0.9923174047375266,0.9852737025859456
Sandstone_28.jpg,Sandstone,85.08796751968507,278.244342488685,177.68940698818898,200.11129022258046,0.49947454053601714,0.35760976759651625,0.36056554427661486,0.31749600240366427,3.8198818897637805,7.21749643499287,5.868294783464568,6.276458552917107,7.21496477643285,7.6153651376969504,7.478408457717537,7.594786577640388,0.0019252090506134147,0.0014044667558614058,0.0017757828484406969,0.001367495015974594,0.043877204225126,0.03747621586902026,0.042140038543417316,0.036979656785516464,0.9836491237272976,0.9467144618478597,0.96598604253336,0.9616751414630685
Sandstone_29.jpg,Sandstone,60.07707923228347,97.46227292454583,48.264087106299215,100.96124992249985,0.33170065906365837,0.2595552712122678,0.32148682535835127,0.25183037318250096,4.381336122047244,5.732221464442928,3.979392224409448,5.930187860375721,7.006416899471863,7.247014344533984,6.969352825723857,7.286719406671105,0.0026960990811630055,0.002047931865719271,0.002614521464394491,0.0019814899819520023,0.051923974050172676,0.04525408120511642,0.051132391537991755,0.04451393020114043,0.9515728619482755,0.9219435743805218,0.9615042403383254,0.9191413666950153
Sandstone_30.jpg,Sandstone,207.64486958661416,314.33151466302934,245.72157972440945,478.0138260276521,0.17466813983458418,0.1133944264761058,0.13688227270044984,0.1195808975492834,9.707369586614174,11.967449934899872,10.383120078740156,14.608531217062437,8.445491476590249,8.626055150015485,8.508807885613496,8.747929346127464,0.0003376005897519608,0.00026805280221013666,0.0003182123063464877,0.00024128692314672747,0.018373910573200272,0.016372318168485996,0.017838506281258184,0.015533413119682598,0.941684852939139,0.9114635493199639,0.9309717454827064,0.8653342466408898
Sandstone_31.jpg,Sandstone,98.23585137795274,284.67809535619074,191.34454970472441,239.15425630851263,0.40992587727142366,0.25608164285331675,0.2702067341464275,0.2513714699496894,5.266732283464567,9.385268770537543,7.782049704724409,8.578647157294315,7.141287153184956,7.649763411122637,7.523167458613553,7.593333409574021,0.0028367743503065128,0.0014092948391737196,0.001557030335740359,0.0014498914855601427,0.05326137766061363,0.03754057590359689,0.03945922370929716,0.03807744063825906,0.9546499007934289,0.8694083783066675,0.9120726892022711,0.8902979626908798
Sandstone_32.jpg,Sandstone,224.5681594488189,473.0263500527,217.81612942913387,297.5048670097341,0.09404381322263985,0.06924520822556349,0.0987827635063822,0.08390532999245022,11.345718503937007,16.44317688635377,11.16935285433071,12.882757765515532,8.546623372135285,8.817540052061826,8.52493652607308,8.625367446814366,0.00027780475482825967,0.00020694641178481928,0.0002867959837482175,0.00025447958391731776,0.016667475958532525,0.014385632130178336,0.016935051926351377,0.01595241624072409,0.9156571992703735,0.8220767237782733,0.9186712851260064,0.8881110860937275
Sandstone_33.jpg,Sandstone,211.22785433070865,360.8640957281915,208.9021284448819,406.997953995908,0.2605291370516156,0.1836130684060711,0.2100929306571026,0.19246424246018903,8.000984251968504,11.322524645049292,9.141301673228345,12.175956351912706,8.01330976098675,8.338335952564975,8.202896709220145,8.360244113514488,0.0010062191755242885,0.0006627390029533608,0.0008057840212360112,0.0007397269429048128,0.031720957985601386,0.025743717737602718,0.0283863351145584,0.02719792166517164,0.9661673411768216,0.94224599247196,0.9664576409664647,0.9348639061463716
Sandstone_34.jpg,Sandstone,387.0873523622048,886.2824105648212,496.49600147637796,699.983073966148,0.08729297280113728,0.05898003518692343,0.08481278491034963,0.06317855844535339,14.253444881889767,21.854237708475416,16.10734498031496,19.607849215698433,8.691179465274978,8.960786374457957,8.764948258329499,8.909890883944426,0.00027833075685682637,0.00020171470685802058,0.0002608080777684993,0.00021361385645457136,0.01668324779102757,0.014202630279565141,0.01614955348511219,0.014615534764577427,0.891801713112393,0.7524999656072947,0.8616409754286377,0.8045234239596006
Sandstone_35.jpg,Sandstone,129.66750738188975,227.4710149420299,141.34448818897638,259.1212102424205,0.3654716121465104,0.29596422350007506,0.3277323747024607,0.29524161556686507,6.200110728346456,8.597805195610391,6.644069881889764,8.894661789323578,7.560174322036535,7.86820117995767,7.680874396055021,7.853453987030253,0.005623145218458405,0.004195612086431564,0.004551047126996597,0.004252959029819104,0.07498763377023178,0.06477354464927455,0.06746144919134629,0.06521471482586659,0.986980986377677,0.9771023970555537,0.9858000016780398,0.9739148154237361
Sandstone_36.jpg,Sandstone,260.9643823818898,447.2134044268089,230.75430610236222,419.5611011222023,0.262392074515689,0.23819393025195024,0.26247585725674427,0.24151381665611119,10.694574311023622,14.147994295988594,10.130782480314961,13.510881021762044,7.023346339647977,7.213436755511426,6.99608922952376,7.194855911218619,0.039345292313631514,0.035437485717801115,0.03884737084659717,0.0354897393408154,0.19835647787161254,0.18824846803573492,0.19709736387531207,0.18838720588409236,0.954057174796742,0.9199464812130087,0.9593178848762086,0.9248963869183983
Sandstone_37.jpg,Sandstone,393.98025344488195,827.032178064356,671.6346579724411,1094.804389608779,0.07905532313658874,0.053399125952361876,0.05787406402831906,0.043260777939121184,14.747231791338585,21.817223634447267,19.665292814960633,25.469650939301875,8.689208854162635,8.947961951107132,8.900134442787866,9.04336053090654,0.00025552156817204265,0.00019040945763706886,0.0002002118872401808,0.00016599803799148793,0.01598504201345879,0.01379889334827503,0.014149624985849653,0.012884022585803238,0.8433728986624421,0.6713606604046576,0.7337088720150763,0.5649487246942536
Sandstone_38.jpg,Sandstone,226.8744463582677,489.49476098952204,308.0967642716536,451.1272862545725,0.293428488873006,0.20446127157186736,0.22178067270417973,0.20570112984023167,8.63564222440945,13.247628495256992,10.807271161417324,12.904581809163618,7.823376722921596,8.203651002612608,8.084125033228277,8.185321236211179,0.001648009765746094,0.000916592012364383,0.0010209169588261055,0.0009356410305603794,0.04059568654113505,0.030275270640646352,0.03195179116772807,0.03058824987736924,0.9358020549250307,0.8616088816821226,0.9129809772344405,0.8724737966166617
Sandstone_39.jpg,Sandstone,15.008427657480318,29.79006758013516,15.45497047244095,21.577717155434314,0.3612175877874965,0.29731955142903976,0.36500294091650265,0.31008982902365534,2.671321358267717,3.6630913261826525,2.6877460629921264,3.2568045136090276,6.374043295875408,6.64871293015314,6.377394331424016,6.552607023793362,0.002845247145572417,0.0021855899003508593,0.002858247720889974,0.0023277089148263487,0.053340858125572155,0.04675029305096236,0.053462582437532644,0.048246335765800376,0.959150293800234,0.9184757205219931,0.9578940924103507,0.9409506536309757
Sandstone_40.jpg,Sandstone,107.82203494094489,85.85429970859943,86.13133612204724,256.0463760927522,0.21764570315053147,0.2576087298657747,0.2615599470305198,0.16173392102746287,6.403973917322836,5.199082398164797,5.644008366141732,9.990575981151963,8.086854160635037,7.874919872957542,7.931776676707498,8.421484035060564,0.0005834308543617089,0.0007061955967795622,0.0007854932091700122,0.0004285154580601182,0.024154313369700843,0.026574340947228818,0.028026651765239677,0.020700614919854872,0.973824732632717,0.9790686986224475,0.9790948000303167,0.9375760776086496
Sandstone_41.jpg,Sandstone,886.9154158464567,1692.1445222890447,868.0140871062994,1323.731353462707,0.0453396051929251,0.03403423123038671,0.04576415493986366,0.03544837782381791,23.442728838582674,32.43629487258975,23.263225885826778,28.751379502759008,9.201797169897288,9.361472674020078,9.195484167023395,9.302437521162858,0.00013304823972929195,0.00011082680730678594,0.0001345373174144786,0.00011855904423570273,0.011534653862569607,0.010527431182714325,0.011599022261142471,0.01088848218236604,0.7421924160980917,0.5078908067471732,0.7477568510813019,0.6150402312279386
Sandstone_42.jpg,Sandstone,98.2474778543307,136.998821997644,59.333845964566926,148.52278504557012,0.25481075613231974,0.1907221635187667,0.2434842270231633,0.19040474812382902,5.6809178149606305,7.109926219852438,5.163570374015747,7.698307396614794,7.371023816459818,7.592600659861814,7.364846148331676,7.670224544568363,0.001357253630034604,0.0009731317125229572,0.001251493164607423,0.0009367615610424971,0.03684092330594612,0.03119505910433505,0.03537644929338476,0.030606560751618224,0.9394861185464989,0.9149542852491637,0.9630034562362233,0.9078014297625645
Sandstone_43.jpg,Sandstone,84.75941190944881,150.5203670407341,79.46413631889766,154.46369892739787,0.29651585264670055,0.21047404453402893,0.2642763260436135,0.2220744494661084,5.007935531496063,7.081220162440326,5.099963090551182,6.843635687271375,7.567698195977946,7.897823737830883,7.637247583937716,7.825233434114735,0.0010914579934628618,0.0006987401289577209,0.0008955808927242858,0.000776998515990956,0.03303722133386617,0.026433693063166955,0.029926257579662142,0.02787469311025605,0.9589746822144478,0.9272476574719594,0.9614528631330896,0.9253488737579931
Sandstone_44.jpg,Sandstone,216.8471333661417,349.5557071114142,177.90532726377953,359.8984437968876,0.41762665633104695,0.4075938348318979,0.43578874424348524,0.40229676920767954,8.698757381889763,10.125736251472503,7.0658833661417315,11.052514105028212,5.9130454257224105,6.009490619277753,5.80875920974535,6.0533493123830375,0.135472579294768,0.12817413947804518,0.13433939117634092,0.13087283239480607,0.36806599855836725,0.3580141610021106,0.3665233842148969,0.36176350340354413,0.9759455430580377,0.9611054936372598,0.980249123684428,0.9599546738118717
Sandstone_45.jpg,Sandstone,130.16381643700788,417.7049414098828,202.21407480314963,166.08035216070434,0.32760763215051913,0.26692100899343363,0.3096258451267097,0.26676102564495463,6.1294906496063,10.46803893607787,7.584522637795277,7.578895157790315,7.5906459938996145,7.90847420420185,7.703365242318744,7.822500466642451,0.0020607851274296305,0.0016080227460845517,0.002033752785767291,0.0014792117128409343,0.04539587125972615,0.040100158928420115,0.04509714831081108,0.03846052148425622,0.9525145189437555,0.847903654810626,0.9262624772826804,0.9395246381558097
Sandstone_46.jpg,Sandstone,62.46456692913386,136.50908301816602,88.41953740157479,133.56389112778223,0.2912280279649247,0.17986468131764055,0.23076721930477562,0.22274975226451385,4.778543307086614,7.496496992993985,5.934547244094489,7.100254200508401,7.630349230869019,8.034007796327483,7.818703327003888,7.945716774613519,0.000886517764246466,0.0005492655910601669,0.0007164147629076508,0.0006396326265279474,0.029774448177026992,0.02343641591754522,0.02676592540727204,0.02529095938330429,0.9673004240016414,0.928744125448078,0.953958972600139,0.9302816666155046
Sandstone_47.jpg,Sandstone,144.50898129921262,433.85529171058334,295.98794291338584,354.6134292268584,0.3741749957310094,0.34163350271394605,0.3592187435637823,0.3429489973825941,7.670644685039372,12.794717589435177,10.426181102362207,11.965651931303862,6.358367474317599,6.620218658906616,6.464732755339764,6.606201743938559,0.09441093857773655,0.08856429988884526,0.09427060766963338,0.08867584552702734,0.307263630418142,0.29759754684614803,0.3070351896275627,0.2977848980842167,0.9609042151547689,0.8824554471527213,0.9199227561575276,0.9039244702818632
Sandstone_48.jpg,Sandstone,175.9638287401575,418.19895839791684,279.2498154527559,417.5479570959142,0.1193211690352746,0.07036562918357983,0.0919953504772415,0.07001393288364023,9.606914370078742,15.596689193378388,12.421444389763781,15.493396986793975,8.606531591255443,8.968825012194632,8.808744713793072,8.967181122638188,0.0002690046273647236,0.00017736671346614444,0.00021418310658886946,0.0001783200292794038,0.016401360533953382,0.013317909500598975,0.0146349959545218,0.013353652282405882,0.9645461479703697,0.9152518373297893,0.9434863626515679,0.915388133210978
Sandstone_49.jpg,Sandstone,553.3217888779527,940.4170748341498,448.5110728346457,908.7041354082709,0.21018143797455208,0.13823819980333463,0.1640450091526376,0.1429087699396624,14.812561515748031,19.813317626635254,13.520915354330707,19.73705747411495,8.786350680958504,9.045301584867445,8.83391164842213,9.043481270903726,0.0006490183878805259,0.00031719469477751034,0.00037439991872171245,0.00033209217636737717,0.025475839296881388,0.0178099605495776,0.01934941649563915,0.018223396400434723,0.9328582388452564,0.8864148919793003,0.9458947452370795,0.8902485216470811
Sandstone_50.jpg,Sandstone,45.40317421259842,80.89844379688759,45.782726377952756,70.09114018228037,0.17692950466362056,0.13954144054323603,0.18407041265446544,0.1487659263841126,5.284694881889763,7.048112096224191,5.234251968503937,6.522041044082088,7.040184784093537,7.281426206774864,7.032506646830794,7.219736533364502,0.0013367187378906008,0.0010403866055422603,0.0013675522956514664,0.0011192561910202872,0.036561164339919495,0.032255024500723296,0.036980431252913566,0.03345528644355458,0.8876911899526839,0.7978857525872695,0.8855815840319731,0.8249060157853568
Sandstone_51.jpg,Sandstone,137.59282726377953,265.60034720069444,137.88072096456696,242.11036022072048,0.46777613932631085,0.4513090225312755,0.4774002768597675,0.4281093110508746,5.557886318897637,8.147436294872591,5.822650098425198,7.087110174220349,6.33210078713957,6.445982331941312,6.273327349391698,6.487439636945521,0.03263389052412871,0.03187694341164613,0.036098531547649054,0.028958386269429245,0.1806485276002235,0.1785411532718609,0.18999613561240938,0.17017163767628624,0.9682253302179581,0.9387455260668476,0.9680638799689425,0.9441634104563643
Sandstone_52.jpg,Sandstone,118.97551673228348,252.4615289230578,240.60187007874015,386.1455142910285,0.12034862589256443,0.08470226521282898,0.08956974138492202,0.07286192032625516,8.401943897637796,12.18004836009672,11.813976377952756,15.023684047368093,8.201109371858132,8.491070743587688,8.475510224751929,8.649266821001154,0.0004262905864678919,0.00031178808715110135,0.0003214515706375163,0.0002636417945661236,0.020646805720689384,0.01765752211243416,0.01792907054583467,0.016237050057388,0.946588819612872,0.8864894212229891,0.8917939407251364,0.8263750021455669
Sandstone_53.jpg,Sandstone,244.80973179133858,451.7280674561348,241.80339566929132,414.4084568169137,0.1839884974286879,0.1250092980349473,0.15095414860621595,0.11987461998758689,9.98074557086614,13.975571951143902,10.340182086614174,13.718519437038875,8.532652157823065,8.812345242303945,8.628873010158427,8.818075195953845,0.00037983590371477616,0.00025368002871910007,0.00030661566450086025,0.0002479601338395435,0.019489379254218852,0.015927335895218008,0.01751044444041499,0.01574674994529168,0.9489444240183287,0.9053465285871756,0.9493822388205991,0.9131576841002842
Sandstone_54.jpg,Sandstone,141.08212352362207,157.07483414966828,53.30942421259843,209.5955111910224,0.23832290061053962,0.18795567178236086,0.2712081445830213,0.19113332088618648,6.835199311023624,7.678963357926715,4.612450787401575,8.843945687891377,8.052587511006537,8.180951340905207,7.780903791112165,8.288311233673033,0.0005887911556096551,0.00048697332189133973,0.000724732406496063,0.0004318155452604538,0.02426501917595894,0.022067472032186643,0.026920854490451507,0.020780171925671206,0.9602305404726034,0.9554971521776376,0.9848430772750902,0.9406146474292127
Sandstone_55.jpg,Sandstone,110.92728838582677,379.49457498915,288.5808316929134,354.490296980594,0.19575950157076635,0.1185201398567226,0.1289690242115102,0.1143741046970835,7.028051181102363,13.342302684605372,11.700910433070868,13.180730361460725,8.12316782933635,8.604220703622206,8.508915690286493,8.60853393037196,0.000526304763547027,0.00031806536426018476,0.0003524100065778258,0.0003024567398257495,0.022941333081297324,0.017834387128807784,0.018772586571323243,0.01739128344389078,0.9648932545508097,0.8804830173660765,0.9097842137875682,0.8883638267994329
Sandstone_56.jpg,Sandstone,205.2403420275591,366.6441192882386,201.45607775590548,379.18600037200076,0.19991357153442924,0.15533576639259444,0.2029738076983243,0.15895102263978095,8.55419537401575,11.838861677723356,8.87869094488189,12.140430280860564,8.290942733287286,8.546004459986975,8.355893746880698,8.560408304330437,0.0005810014061434375,0.0004250635322524288,0.00054708751995629,0.00045488348153210656,0.024103970754700096,0.020617068953962123,0.023389902093773073,0.021327997597808065,0.9652061598210364,0.937720890638617,0.9657992959586428,0.9355925692147355
Sandstone_57.jpg,Sandstone,73.8347687007874,82.18649637299275,17.188484251968504,85.3297166594333,0.21167311426147242,0.19376918497038634,0.3072101807449983,0.1869005780723503,5.5485974409448815,5.983383966767933,3.02878937007874,6.112530225060449,7.503985761800046,7.581752223456701,7.017387483471638,7.603209554393302,0.0009889992314164315,0.0008935087000312261,0.0014751253867742113,0.0008648938495719386,0.03144835816726259,0.02989161588190284,0.03840736110141142,0.029409077672921648,0.945270438406887,0.939103024331319,0.9873014818216895,0.9367757744294375
Sandstone_58.jpg,Sandstone,273.02429872047253,345.37652675305355,74.76925442913388,322.18494636989277,0.16550994808231045,0.1266735538007196,0.21527291511826718,0.13242894183017634,9.463890255905513,11.457002914005828,5.666523129921261,11.123008246016493,8.339830216098733,8.52882122464488,8.007803415495578,8.520223859871178,0.00042743719520642185,0.0003353422913678241,0.000562954617120172,0.0003346176944694394,0.020674554292811776,0.018312353517989547,0.023726664685964016,0.018292558445155763,0.9135763319678802,0.8908571563971417,0.9762641665899353,0.8981862979248809
Sandstone_59.jpg,Sandstone,92.19857283464566,144.9226238452477,71.91480068897638,159.30094860189723,0.30691068835328467,0.20536626416839726,0.24124013286692847,0.2032476271704991,4.832062007874016,7.021204042408085,5.348117618110235,7.2835885671771345,7.586795373196212,7.952856542229805,7.76654567156385,7.979824344098278,0.0009575696641627658,0.0006197244708954047,0.0007561771104987523,0.000612664936657296,0.030944622540318146,0.024894265823586857,0.027498674704406253,0.0247520693409116,0.9885084111881598,0.9819045674478115,0.9910264697857376,0.9801083417541072
Sandstone_60.jpg,Sandstone,102.84947096456695,104.62582925165852,36.61644931102362,156.51038502077,0.24275231103449904,0.214536448333611,0.28383459366227143,0.21433772302763196,6.217089074803151,6.839977679955361,4.147699311023622,7.387190774381549,8.121295478227072,8.18533975887862,7.84390278443903,8.241116463129622,0.0008270908875802127,0.0008590701662772287,0.0009384330292098085,0.00062452180208471,0.028759187881096587,0.029309898776304716,0.030633854298958343,0.02499043421160805,0.983569559525235,0.9832566919702406,0.9941371252117583,0.9749547575135337
Sandstone_61.jpg,Sandstone,217.9480807086614,383.9428358856717,265.7183809055118,493.0936821873643,0.3481285960765845,0.26835067201817453,0.2870209482292096,0.25387428256783606,8.16326279527559,11.153574307148613,9.192913385826772,12.739537479074956,7.769687869456774,8.090732163813513,7.978375468275427,8.164293640244441,0.004374715353434613,0.0024721343385274647,0.0026140919591409496,0.0024024942339673254,0.06614163101583308,0.049720562532291054,0.051128191432329675,0.0490152449138768,0.9747261666316219,0.955381637877219,0.9691165339474268,0.9426956663420114
Sandstone_62.jpg,Sandstone,573.3077632874017,762.2279744559489,337.81323818897636,868.726145452291,0.09100645263967701,0.07698023533786173,0.10756859287438142,0.0706707359050513,16.828186515748033,19.357616715233434,12.984375,20.805753611507228,9.033776039278854,9.121374576367586,8.872612451058512,9.16275433823594,0.00018693506625294508,0.00016540413761588886,0.000219322032882347,0.00015641682966669303,0.013672419912105724,0.012860953993226508,0.014809525072815367,0.012506671406361207,0.9258900046050278,0.9015405044997122,0.9563825668326518,0.8877754866339705
Sandstone_63.jpg,Sandstone,66.62930610236221,102.2817905635811,64.90606545275591,118.4282348564697,0.1510783961562603,0.12298566274562696,0.1533672987566596,0.11669342648128997,6.3736466535433065,7.904953809907619,6.272699311023622,8.456506913013826,7.530098828446798,7.714672694810714,7.512363300057167,7.769707985155876,0.0008318097690882881,0.0006822627570482989,0.0008487591438073501,0.000648441187762157,0.02884111248007414,0.026120159973635287,0.029133471193926584,0.02546450839427608,0.9160791098639273,0.8707644541372395,0.9177209685114965,0.850351940253322
Sandstone_64.jpg,Sandstone,460.2017101377952,992.2184264368531,745.8767224409448,1119.5749891499786,0.14768643266273093,0.07051194544850824,0.0801889126824464,0.07022252659790783,14.75695127952756,21.865645731291465,19.019438976377952,23.33418066836134,8.983958904086327,9.254685033112557,9.170404510806629,9.282323931776531,0.0002244760959248481,0.0001410407681625085,0.00015696051899916297,0.00013882661530590593,0.014982526353217207,0.011876058612288359,0.012528388523635551,0.011782470679187194,0.9331502793446216,0.8546044436902508,0.8906190725806037,0.8359566085358036
Sandstone_65.jpg,Sandstone,96.95386318897637,276.27354454708916,188.3238188976378,232.64771529543063,0.5307256108107445,0.3608796952002189,0.3615738510111247,0.3403909476809023,4.884350393700787,8.48211296422593,7.095841535433071,7.834273668547338,7.193622728111377,7.660972534197457,7.566140935686114,7.645750240257522,0.003229667592147684,0.0017220208660765762,0.0017643337898980488,0.0016046284805075034,0.056830164456454675,0.04149723925849256,0.04200397350130162,0.040057814225285725,0.9705404625330559,0.9157813974125701,0.9425790381945741,0.9290650470722508
Sandstone_66.jpg,Sandstone,160.9462967519685,268.63221526443056,253.8656496062992,456.4395188790378,0.13322009835818274,0.10393529182477017,0.10752395100864777,0.08385742004711691,9.211552657480315,12.025730051460105,11.764517716535432,15.65186930373861,8.312389852009881,8.520655376309577,8.511183307255576,8.714943162915883,0.0003771150730778024,0.0003023548734182843,0.0003050092770107415,0.00024298405593525184,0.01941945089537298,0.01738835453452351,0.01746451479459826,0.015587945853615602,0.9330771601800464,0.8885281067174617,0.8949909715231357,0.8105855226141008
Sandstone_67.jpg,Sandstone,229.14283956692913,326.3943827887656,180.2423105314961,390.47944695889396,0.11494343782222331,0.08870924686078425,0.12071312070773849,0.09187856353615048,10.501230314960631,13.031992063984127,9.565637303149607,13.568169136338275,8.390169540099516,8.567329591808635,8.324923091224685,8.571603000587697,0.0003770166842091497,0.0003001926147692583,0.00039522240909716205,0.00030557423629572287,0.01941691747443836,0.01732606749292113,0.019880201435024798,0.017480681802942436,0.9190484853101674,0.8838952396841627,0.9361238574257051,0.861107138194068
Sandstone_68.jpg,Sandstone,77.25184547244093,180.23231446462893,93.49624753937007,123.19077438154875,0.16078590371804696,0.10425640441711645,0.1416983319588973,0.1250593008227222,6.516240157480315,10.189658379316759,7.2565821850393695,8.356624713249426,7.703782502656305,8.075962902497936,7.809100369647794,7.928200866799237,0.0007924012430056109,0.0005099278597093991,0.0006796967939639004,0.0006059129236492708,0.028149622430960083,0.022581582311906292,0.026070995262243067,0.024615298569167728,0.9376146694941361,0.8542716615017668,0.9245283868074508,0.9003941667435709
Sandstone_69.jpg,Sandstone,78.65378937007874,195.04203608407215,93.21333661417323,113.23615847231693,0.8086426934882238,0.7869056574888734,0.8077302212700321,0.7937158588975387,2.8380905511811023,4.468410936821873,3.0600393700787403,3.306218612437225,3.416796985467114,3.5335669186609246,3.424021708333137,3.5002980115301647,0.17868152490455375,0.17288914477388745,0.17917108331775256,0.17307653860146208,0.42270737502976424,0.4157994044895777,0.42328605377185835,0.41602468508666895,0.9712337890978917,0.9291335016929624,0.9659138342821572,0.958856848609235
Sandstone_70.jpg,Sandstone,129.19482037401576,203.82912765825543,131.1165723425197,264.03658007316017,0.6553091642522686,0.627184621438845,0.6544193875638772,0.645193145298007,4.533156988188978,5.8369396738793515,4.612881397637796,6.325872651745304,3.833567712405617,3.958069078700978,3.840556117366831,3.921645948852091,0.37019848887109896,0.35092928744974616,0.36908444684809305,0.3648142188714162,0.6084393880010555,0.5923928489184742,0.607523206839124,0.6039985255540085,0.9780629230152835,0.9655645410895217,0.9777359134807536,0.9553926500042658
Sandstone_71.jpg,Sandstone,79.76427165354332,182.22921445842888,110.27897391732284,143.03924607849217,0.24123438016075252,0.17868637846112612,0.235841240402485,0.188598934186733,5.365403543307087,7.828073656147311,5.854638287401576,7.110298220596442,7.233642289191627,7.49996002310041,7.227939558839611,7.449166903509209,0.001488710619022801,0.0011129635378496993,0.0014736627983998158,0.0011526145564536153,0.038583812914521565,0.03336110816279488,0.038388315909919986,0.03395017756144458,0.8987225169677585,0.7661591965449005,0.8586228337140283,0.8165024284723875
Sandstone_72.jpg,Sandstone,278.25855068897636,554.0960381920763,359.6021776574803,583.482050964102,0.13586732724280307,0.09621664184423386,0.11714361399662343,0.09840826107998434,11.66652312992126,16.54045508091016,13.34910187007874,17.295678591357188,8.774025487414374,9.01038058642466,8.879596295932311,9.053951776882252,0.00024874598089039926,0.00018355557822157857,0.00021409607028198433,0.00017514295057110174,0.015771682880732774,0.013548268458425917,0.01463202208452353,0.01323415847612162,0.9598048127015285,0.9195497733581012,0.9477516006710701,0.9152782854295418
Sandstone_73.jpg,Sandstone,60.02282234251969,143.71833343666688,95.4841289370079,128.94376588753178,0.22718358908542508,0.1533602402091916,0.18238890369144176,0.16557663125076033,5.182640255905512,8.12951825903652,6.47121062992126,7.426870853741709,6.9483576615384255,7.33153685045163,7.143700766377016,7.249340583079737,0.0023383230970563515,0.001507822719284846,0.0017343478900824995,0.0016101523306028818,0.04835621053242646,0.038830693005467286,0.04164550263933069,0.0401267034604499,0.914090205410064,0.7894323943714914,0.8603321972583817,0.8110794614331589
Sandstone_74.jpg,Sandstone,59.34411909448819,143.14625829251656,130.22933070866142,204.87172174344352,0.33781369449828874,0.20086610700599786,0.22124785695887267,0.204097225484639,4.358390748031496,7.367846735693471,6.999384842519685,8.510757021514044,7.784908687208752,8.321253302257666,8.252825221374247,8.349497668109393,0.0008991058631531325,0.00044665536661967967,0.0004952214494272738,0.00046551218404687416,0.029985094016079596,0.021134222640534467,0.022253571610581387,0.021575731367600826,0.9882081353641473,0.9714962202258979,0.9740543288557605,0.959203319075813
Sandstone_75.jpg,Sandstone,152.5095349409449,298.19895839791684,197.06594488188975,322.29877859755726,0.45103748751391626,0.42016809754432266,0.43695507483612606,0.41502646294424944,6.241203248031496,8.776179552359105,7.32320374015748,9.408332816665633,5.699471597125818,5.895044351675939,5.77547377564561,5.929181349387744,0.1238413934957753,0.11638222637843998,0.12277283740358497,0.11618921260038564,0.3519110590700089,0.34114839348652953,0.35038955093379276,0.3408653878005006,0.9669432784881273,0.9352476488983938,0.9572673744996738,0.9300144984292017
Sandstone_76.jpg,Sandstone,348.44992618110234,590.1108562217125,277.47231791338584,516.2678405356811,0.26248716070036787,0.12770867967103627,0.14461444492689637,0.1322268022936669,11.560654527559056,15.766011532023064,11.007874015748031,14.65707731415463,8.38277713779026,8.682417759575277,8.47687950386636,8.661926910306121,0.0005591079907745753,0.00031454040216035047,0.00037377741991812105,0.0003109251056991791,0.023645464486335966,0.017735286920722498,0.019333324078339997,0.01763306852760401,0.909953545818363,0.8466652564017141,0.9280278226209833,0.8658534986020502
Sandstone_77.jpg,Sandstone,208.62881397637796,501.12096224192453,317.80770177165357,486.91419182838376,0.15775340918699082,0.09135736998655145,0.11305711929527515,0.09759339529488105,9.191067913385826,15.887779775559553,12.697711614173226,15.389856779713561,8.659917345180144,9.091022237174869,8.938512216975315,9.058492086271777,0.0002793714083521917,0.0001718159552631338,0.00020485508500313874,0.00017877554510146532,0.01671440720911728,0.013107858530787315,0.014312759517407491,0.01337069725562079,0.9747409921046993,0.9394132028563184,0.9614751544353315,0.9411330176366041
Sandstone_78.jpg,Sandstone,165.73308316929132,280.4645049290099,134.70810777559055,274.7785975571951,0.2112506901602802,0.13237079215527278,0.19223196691988742,0.13212872084992508,8.222502460629922,11.483042966085934,7.641424704724409,11.277698555397112,8.200787348628053,8.510550120921923,8.197975616113517,8.508572933609177,0.0005363593490858858,0.0003476873467479962,0.0005050622283861756,0.0003444679838705576,0.023159433263486517,0.018646376236362824,0.02247358957501395,0.018559848702792748,0.9571196597396696,0.9271080614038272,0.9649611341577912,0.9285794370268674
Sandstone_79.jpg,Sandstone,216.22926919291336,288.42823485646966,273.6025467519685,598.1802963605927,0.178351796724109,0.14976410728991954,0.1569479997850513,0.11525575341519292,9.276144192913385,10.716287432574864,10.667753444881889,15.812263624527251,8.457467971102256,8.566665433115718,8.539559981305572,8.83295440757813,0.0003952470063143251,0.0003498092432355735,0.00037969210459905294,0.00025983621934383807,0.019880820061414093,0.01870318805005108,0.019485689738858437,0.01611943607400203,0.9589246771751897,0.9451594394962074,0.9480024038879814,0.886264211520507
Sandstone_80.jpg,Sandstone,171.02522145669295,328.9414718829438,160.46106053149612,279.18042036084074,0.30290936498866466,0.2657869908312808,0.3013198485585019,0.2705851724870626,7.464320866141733,10.39487878975758,7.134534940944883,9.534565069130139,6.8019425625030845,7.055423134964053,6.791395417238885,7.0020161621524295,0.03577692671742765,0.030948632918407874,0.034183240851833274,0.03161347844178731,0.1891478964129066,0.17592223542920285,0.18488710298945482,0.17780179538403798,0.9733873153937734,0.9479403605405132,0.9749342822200658,0.9558157506107793
Sandstone_81.jpg,Sandstone,293.7759596456693,548.2693905387812,234.7320989173229,408.7167214334429,0.1481435550852887,0.09724690228647984,0.14369789376123304,0.11383091982349985,11.614296259842519,16.05945811891624,10.274421751968507,13.875875751751504,8.776115570160691,9.006921480484682,8.693742733048182,8.906051972012897,0.0002459173009166331,0.00018280599522324965,0.0002617692613314915,0.00020625064500175502,0.01568175056926468,0.013520576734120836,0.016179284944999626,0.014361429072406236,0.9467766577331493,0.9009596973316447,0.9579380953751284,0.9261680258377865
Sandstone_82.jpg,Sandstone,114.48874261811027,222.61404922809845,106.34571850393701,171.73984747969496,0.19271166675222898,0.1371730980827498,0.19288669594267346,0.16234313576344714,6.394131397637796,9.323702647405295,6.5047982283464565,7.903279806559613,7.419895953884106,7.7449692395084915,7.456551486352111,7.600642835338736,0.0011850560810496625,0.0008661104804384575,0.0012029590709572045,0.0010050985443901571,0.03442464351376297,0.029429755018322144,0.034683700364251856,0.03170328917305201,0.9275069609469729,0.8588312014113889,0.9322939269186169,0.8910891102721573
Sandstone_83.jpg,Sandstone,261.3484867125985,447.3923367846736,172.18743848425197,332.0643561287123,0.11765265904358166,0.08758503307470836,0.1355613913826952,0.10154171462120981,11.63035187007874,15.360468720937444,9.40335875984252,13.018910037820078,8.44182059931934,8.643030691004954,8.27895932249575,8.520602738915228,0.00035085848980291725,0.00027642122368378905,0.00041272049096832567,0.00031390998363867894,0.0187312169867021,0.016625920235697905,0.020315523398827945,0.01771750500602946,0.8952022343792665,0.8206266222194921,0.9308109988398108,0.8668565603397552
Sandstone_84.jpg,Sandstone,81.75578248031498,139.39177878355758,62.70620078740159,112.12474424948849,0.16716976492178215,0.12964956563736185,0.18949879590245378,0.15326704192989682,6.55794783464567,8.670345340690682,5.761811023622049,7.588691177382354,7.917218554125055,8.151196555534183,7.79931214800369,8.025271227552624,0.0006175736838778368,0.00047649837999161397,0.00071735134925348,0.0005583278573091957,0.024851029835357665,0.021828842845914073,0.026783415563618466,0.023628962256290388,0.9577538815673843,0.9270682114105461,0.9670915891470905,0.9413391002976856
Sandstone_85.jpg,Sandstone,241.14591535433075,524.3442246884495,616.7533218503936,973.5907991815984,0.0942890344632335,0.07182140231502755,0.06497738288785287,0.049021949356070606,11.711122047244098,16.71064542129085,18.390378937007874,23.546159092318184,8.640883050449869,8.860976880280994,8.939503784712485,9.096959539178314,0.0002619830679114484,0.0002120166680658243,0.00019118092435403618,0.0001566820667276402,0.01618589101382585,0.014560792151041243,0.013826819025142267,0.012517270737970007,0.9202105125703136,0.8262164226978765,0.7963707753744923,0.6773057447008172
Sandstone_86.jpg,Sandstone,80.64480807086613,283.54361708723417,266.86847933070874,339.8360096720194,0.17165356737285303,0.10622906692098572,0.11493145034316185,0.09966668398274256,6.316190944881891,11.618389236778475,11.20632381889764,12.650071300142601,7.684806015554278,8.171624162743303,8.145479485700568,8.223359911494633,0.0007986583966331996,0.0004878632114508944,0.0005197297381899453,0.0004606225964885435,0.02826054487502319,0.022087625754048223,0.022797581849616097,0.021462120037138536,0.931898139379759,0.7600082527911184,0.7742876692563916,0.7123579589877043
Sandstone_87.jpg,Sandstone,86.04478346456693,214.85336970673944,93.09307332677167,99.9235538471077,0.321400780179488,0.2530161037680201,0.30546030215504855,0.30015875346213317,5.4185531496063,8.44230888461777,5.625430610236222,5.783805567611136,7.508504576126171,7.855580745940285,7.571286925274809,7.596187633080616,0.0034468969694775335,0.0024602198128694107,0.002900770633084236,0.0028510543102058363,0.05871027993015817,0.04960060294864782,0.05385880274462324,0.05339526486689467,0.9741287702716848,0.9353035058471155,0.9719936634248619,0.9699089149570983
Sandstone_88.jpg,Sandstone,422.39954478346453,688.6467852935707,380.9072957677165,702.979601959204,0.3279172760563753,0.31239856275891703,0.329462603466455,0.3094703906732512,13.63121309055118,17.465930931861866,12.870386318897639,17.64436728873458,6.833004538022726,6.984938398209071,6.805859774930094,6.98596891969668,0.08324840734154124,0.0782289534075007,0.08350421083166386,0.07747090588731363,0.2885280009661822,0.27969439287819253,0.2889709515360737,0.2783359586674234,0.9328332538900372,0.8898942241039645,0.9394264210487399,0.8876025908117646
Sandstone_89.jpg,Sandstone,220.8063484251969,269.1427242854486,133.34578001968507,325.13838427676853,0.12294668227816584,0.11316298175194313,0.14504566502556268,0.10229945169481096,10.236958661417326,11.230640461280924,8.147330216535435,12.470022940045883,7.766676726229373,7.836023290364599,7.599200280738717,7.901850561454833,0.0008068057517950977,0.0007370495861953967,0.0009589944106646029,0.0006938447753763262,0.02840432628659053,0.027148657171127206,0.030967634889745826,0.026340933456814437,0.7100743899952099,0.6462634589748161,0.8243565707054344,0.5727038545063018
Sandstone_90.jpg,Sandstone,251.84694881889766,609.017236034472,731.1500369094488,1153.8176576353153,0.1003220125810744,0.0753075725377401,0.06995947776426235,0.051013355696653155,12.077017716535433,17.90730981461963,20.014579232283467,25.79707359414719,8.66120327521255,8.916957589572867,9.006405120308552,9.15291371982336,0.000259580109003968,0.000201582088327547,0.0001864942084376356,0.0001502241208958827,0.01611148996846561,0.014197960710170564,0.013656288237937702,0.012256594995996347,0.916678929061007,0.7991743729684821,0.7591413822532666,0.6195200052777848
Sandstone_91.jpg,Sandstone,156.05690206692913,332.3928327856656,214.21438238188978,326.54560109120223,0.16766536732803822,0.09819375916432217,0.12458751998018644,0.11181102774857493,8.223117618110237,12.697873395746793,10.29853592519685,12.403372806745615,8.505972605952238,8.856047459033977,8.712369110212425,8.834381021551378,0.00032309012371930997,0.00021716764866972602,0.00025527370390678283,0.00022179392117479757,0.017974707889679597,0.014736609130655736,0.015977287126004304,0.014892747267539242,0.9755283093499416,0.9476843410145798,0.9662751260703549,0.9486018903225831
Sandstone_92.jpg,Sandstone,119.19402066929135,161.242978485957,68.99846210629923,177.43034286068573,0.49558335121155533,0.46432760478320284,0.5301781028514907,0.4741285963505638,5.1453001968503935,6.140616281232562,4.093811515748032,6.282100564201129,6.575764291435409,6.723029242812233,6.427758734486661,6.6672413525848135,0.010350361398964987,0.008737441183729783,0.011290130246276122,0.009462049614160608,0.1017367259103859,0.09347428086767923,0.1062550245695521,0.09727306725995952,0.9847544482728379,0.9794702668145066,0.9911848029289944,0.9774094305044334
Sandstone_93.jpg,Sandstone,53.63195127952757,97.75323950647902,100.14271653543307,181.9492218984438,0.33173546104564405,0.26010425792891256,0.25827437600429165,0.23022713855679333,4.210691437007875,6.313844627689256,6.4297490157480315,8.181846363692728,7.420685365179153,7.744243694505682,7.7430081555197825,7.926059677963673,0.003611473165329144,0.0032741843027241147,0.0036481022058723798,0.0030420307601108716,0.06009553365541523,0.057220488487290236,0.06039952156989639,0.05515460778675587,0.9865839755230622,0.9752527921197126,0.9746720192117857,0.9539389477235282
Sandstone_94.jpg,Sandstone,278.17415108267716,376.4314588629178,151.89511564960634,412.55614111228226,0.18147105958379545,0.134495032899817,0.19233716896040928,0.15011747269550807,10.835814468503937,12.873519747039495,7.9055733267716555,13.258850517701037,8.701147027831809,8.859679372458155,8.495694150415797,8.85786530605865,0.00030228844637376776,0.00024134650538505618,0.0003541734378390633,0.000248246512985059,0.01738644432808985,0.015535330874656523,0.018819496216399185,0.015755840599125742,0.954933561888579,0.9382354454179187,0.9752452401500674,0.9323104806909025
Sandstone_95.jpg,Sandstone,265.2573818897638,398.07117614235233,171.3779527559055,381.12412424824856,0.11675180672085339,0.08685917960822985,0.12264407243364076,0.09038741037330174,11.193159448818898,14.142848285696573,9.500369094488189,13.748837497674998,8.481384366416549,8.67108906685504,8.392398786924465,8.64945353810299,0.0003529795267598348,0.00027674027696000087,0.0003793042254053258,0.00028677507909916934,0.018787749379844166,0.01663551252471654,0.019475734271275264,0.016934434714485434,0.927029930982726,0.8906617762351503,0.9528338424900566,0.8953284806588226
Sandstone_96.jpg,Sandstone,183.27023868110237,219.93006386012772,145.26728592519686,358.95108190216376,0.1044477037389279,0.09165668077522338,0.10736928982970231,0.07442912081204849,10.158033956692915,11.350362700725404,9.274790846456693,14.403496806993616,8.263155107495244,8.352144103113904,8.187087883806996,8.534109471622592,0.00038378659520990914,0.0003436107684416993,0.00041024563250298374,0.0002831693926764381,0.019590472051737525,0.018536741041555803,0.02025452128545584,0.016827637762812642,0.884528898917467,0.8616558376938592,0.9088751732360945,0.77421652965162
Sandstone_97.jpg,Sandstone,52.347563976377955,162.5963171926344,118.56108513779526,151.47194494388992,0.26407745411870237,0.20560837862120235,0.25662104415848797,0.195934766478683,4.6484990157480315,7.706863413726826,6.425873523622048,7.659433318866638,7.719778797847692,8.098847706396846,7.929092964132931,8.110948277195108,0.0008433723532486128,0.0005930719902855887,0.0007428359583281667,0.0005706094864356633,0.02904087383755201,0.024353069422263566,0.027255017122140405,0.023887433651099133,0.9814377881123427,0.9424797608212135,0.9580180237638953,0.9464130750020766
Sandstone_98.jpg,Sandstone,253.32412647637796,397.82274164548335,259.39290108267716,454.50201500403006,0.07696121741827758,0.062466467844004,0.07730825844927433,0.05828908216431017,12.68054872047244,15.904705809411618,12.771838090551181,16.941099882199765,8.212528436646092,8.36685373490682,8.214925632774065,8.407013363963927,0.0004033754405399436,0.0003432302109194708,0.0004017747293307086,0.00032423500893873883,0.020084208735719304,0.018526473245587535,0.020044319128638632,0.01800652684275174,0.7464441996138937,0.6008412557846223,0.7401362987415941,0.5439583377913455
Sandstone_99.jpg,Sandstone,256.9444512795276,446.79701159402316,240.08058562992125,430.53140306280613,0.2941918042672303,0.2703820909860574,0.2960913615007988,0.2721395556934611,10.075848917322833,13.449624899249798,9.781988188976378,12.988219976439956,6.752222144046305,6.9406491980116005,6.731689427426675,6.92239289573603,0.05302550955443707,0.048749384001341003,0.05323321034825664,0.04902766957248219,0.23027268521133173,0.22079262669152022,0.23072323322166027,0.22142192658470433,0.9682601494679177,0.9440907816959445,0.9703603135688004,0.9461261521989287
Sandstone_100.jpg,Sandstone,147.2433562992126,252.9505859011718,131.64591535433073,204.6936573873148,0.1115752360044645,0.08523534383524022,0.11588047101026838,0.0974657695870598,9.172244094488187,12.000248000496,8.746678149606298,10.888957777915556,7.603339415286671,7.792236566553391,7.567201482294142,7.733030235362411,0.000833020709010168,0.0006702175348674583,0.0008470297702314154,0.0007080945403753292,0.028862098139431375,0.02588855992262718,0.029103775875844968,0.02661004585443868,0.7513045890270287,0.5712735643989638,0.7774772281426929,0.6531061835570994
Sandstone_101.jpg,Sandstone,61.94156003937008,149.1871163742327,114.4255659448819,151.95783991567978,0.15688420551261764,0.10271503505611024,0.12040914499322382,0.10202066751062042,6.1636318897637805,9.58986917973836,8.3058562992126,9.664455328910657,7.248490203643634,7.606652476369697,7.507679079953067,7.6105540722717135,0.0011172869635778337,0.0007657297849160765,0.0008658163678632048,0.00076918747674683,0.033425842750450345,0.02767182294168703,0.029424757736695215,0.027734229333926514,0.8690613779012383,0.6840432151945077,0.7594322738505532,0.6781205241370443
Sandstone_102.jpg,Sandstone,433.10992864173227,872.5788331576664,482.5532111220473,737.3191146382294,0.06817746465047775,0.045916123236479645,0.06191433257847129,0.050831083436623556,16.13453494094488,23.12108624217249,17.04730561023622,21.049662099324202,8.98079471881276,9.216832484403113,9.028296740214685,9.16506715997346,0.0001727803138223464,0.00013087911351593057,0.0001622791941872946,0.00013865555662167188,0.01314459256965945,0.011440240972808683,0.012738885123404426,0.011775209408824622,0.8856677987358108,0.7699761124059956,0.8727283350505655,0.8056472906345762
Coal_1.jpg,Coal,285.30314960629926,454.35377270754543,228.54908956692913,481.73798747597505,0.6136725302879587,0.6004132368527005,0.6148015669246548,0.5997534812098786,7.587352362204724,9.588815177630357,6.747416338582677,9.849091698183397,4.317158373610003,4.414168146253301,4.286477528178598,4.418366627815546,0.3315225568439419,0.32478786484016026,0.33237925899679927,0.3240113218399913,0.5757799552293758,0.5699016273359467,0.5765234244996462,0.5692199239661164,0.9776314555434195,0.9644898106865446,0.9820811285205104,0.9623495871227947
Coal_2.jpg,Coal,552.5222687007875,759.9039618079236,314.7255782480315,793.6696013392028,0.0878663628553834,0.07294487379354572,0.11220375220963134,0.07270039097405674,16.806471456692915,19.871969743939484,12.501291830708661,20.12927025854052,8.842822030621509,8.949587739097453,8.625363067886175,8.968821521728286,0.00023437174559896002,0.0002060795863175209,0.0003041445902227742,0.0001990508042024206,0.015309204603733011,0.014355472347419325,0.017439741690253734,0.01410853657196311,0.8591548666942718,0.8066353982413362,0.9198976973049021,0.7980414971779389
Coal_3.jpg,Coal,114.91935285433071,257.43635687271376,152.37635334645674,213.50288300576602,0.16922844116969601,0.10729175215416965,0.13294113788350803,0.11464227691015783,7.284879429133858,11.29016058032116,8.761195866141735,10.383656767313537,7.720371867639922,8.088872803594242,7.9014065464614935,8.039836810447385,0.0008211516056821176,0.000530668244670856,0.0006557088309489122,0.0005676938007729324,0.028655742979062985,0.023036237641395698,0.025606812198102912,0.023826325792554177,0.9159931804842233,0.8121621505289459,0.8888629067934251,0.8442263823297591
Coal_4.jpg,Coal,228.09350393700788,381.04538409076815,160.93485482283464,293.52625705251404,0.21943096139487028,0.18195021722498472,0.24309765763217733,0.19660183395324704,9.170767716535432,11.949345898691796,7.688545767716535,10.459482918965836,7.395636184023004,7.592677975579567,7.280199047769171,7.5054330866238885,0.0029224786232775594,0.0022266478285824067,0.0031908418309024122,0.0024726013863956542,0.054059953970361084,0.047187369375526825,0.05648753695198979,0.049725259037994504,0.9274522615938978,0.8793010714896287,0.948789826863515,0.9070218865404517
Coal_5.jpg,Coal,175.44832677165357,292.24576849153704,116.53494094488188,257.5026350052701,0.7696222945978481,0.7580883482547893,0.771965696745008,0.7582984300139145,4.075910433070867,5.267158534317069,3.281373031496063,5.206522413044827,2.6510339371346046,2.7258973137086575,2.629593161979086,2.7302557936127636,0.540532989757386,0.5323916897446296,0.5412622556202142,0.5336562977670566,0.7352094869881549,0.7296517592280783,0.7357052776895203,0.7305178285073244,0.9828606703540518,0.9716060173578522,0.9886158460164461,0.9749815869485934
Coal_6.jpg,Coal,216.03949311023626,313.0155000310001,124.70663139763782,312.0940541881084,0.13715969592232058,0.11423760400735387,0.18778242498428677,0.11306493711619561,10.42876476377953,12.456630913261826,7.501537893700789,12.472626945253893,7.90391322285023,8.034890212067943,7.634573212528343,8.031315166517697,0.001181184857486903,0.0009461736326907461,0.002156156106745808,0.0009904278597074772,0.03436837001498475,0.03075993551181059,0.04643442803293488,0.03147106384772331,0.8921846967560451,0.8441331770443807,0.9377766530104961,0.8445912530666847
Coal_7.jpg,Coal,461.9426673228346,771.2832785665572,539.6349655511813,918.1483042966087,0.06186441606876543,0.04850999790241644,0.055838137086323354,0.04332841327131633,16.686515748031496,21.655403310806626,18.250492125984255,23.682063364126734,8.571587150782468,8.723396612335709,8.633733277548055,8.771151052359661,0.00028877511368303983,0.0002418808235223266,0.00026722038307357875,0.00022848250792911778,0.016993384409323523,0.015552518237324996,0.016346876859925835,0.015115637860478062,0.7078579595709366,0.5121167300680504,0.6596787551056534,0.4191243405994921
Coal_8.jpg,Coal,280.6291215551181,427.36958273916554,167.76980807086613,418.0410440820882,0.6290265653997781,0.6075229541421563,0.6427142470800457,0.6059278794765685,6.046321358267717,7.567115134230269,4.787155511811023,7.905387810775622,4.818331422583256,4.921831458531672,4.7503971612538125,4.949487764244194,0.18249154680682403,0.1805766142997349,0.18572528996864637,0.17951934285665333,0.4271902934370396,0.42494307183402213,0.4309585710583401,0.42369723017344985,0.9836555582125966,0.9752085020377902,0.9902327986294716,0.9757496237925798
Coal_9.jpg,Coal,224.90378937007875,327.4587389174779,154.2782972440945,369.74046748093497,0.13665657808417475,0.11109462629525575,0.15716036034227665,0.11688086575155067,10.086860236220472,12.451236902473806,8.445374015748031,12.713621427242856,8.663793329499502,8.829887003908038,8.532784425760315,8.81970460976616,0.00028126917826101273,0.0002254707218819857,0.000329089952613499,0.00023830781123029176,0.0167710816067722,0.015015682531339882,0.01814083660180806,0.015437221616284835,0.9696937541745655,0.9556408461071769,0.979362866940151,0.9499055247266922
Coal_10.jpg,Coal,621.224532480315,958.7488994977991,409.94445127952764,899.0787401574803,0.6125646496060136,0.570216598082925,0.638284256439876,0.5726658403315127,10.862573818897637,13.728501457002913,8.5636687992126,13.283092566185129,3.989533411637455,4.115075272384404,3.916509372087285,4.110753857210569,0.20291458972810528,0.18428361551372488,0.21581362205693164,0.18370369774405607,0.4504604197131034,0.4292826755341111,0.4645574475314454,0.42860669353622566,0.8223254620226333,0.7268114732681272,0.8825116215439635,0.743814051240917
Coal_11.jpg,Coal,406.6059301181103,581.6830553661107,249.49717027559058,569.7214954429907,0.3059612126868669,0.2686237702474666,0.3476981771707805,0.26865821213159474,11.941437007874018,14.562465124930249,9.22367125984252,14.471200942401882,6.022109074080173,6.143367837389361,5.881476087888052,6.137759451322731,0.05091886575374713,0.038245510119887485,0.06490442528004195,0.03876150575786796,0.22565209007174547,0.19556459321637823,0.25476346928090365,0.19687941933546013,0.7211452144666879,0.6016018744095177,0.8282994865377882,0.609794416737418
Coal_12.jpg,Coal,162.5685285433071,253.264430528861,125.63109005905514,247.86998573997158,0.6288530064832856,0.6080129260799884,0.6425668564682986,0.5988934701652269,4.9702263779527565,6.2245644491288985,4.352546751968505,6.217806435612873,4.10886908392381,4.238944689463919,4.055939830505559,4.257749535929881,0.2349781994485864,0.22185892347480646,0.23963110175976218,0.22061907667742428,0.48474549966821395,0.4710190266590156,0.4895212985762337,0.46970105032608167,0.8911453728838054,0.8314766401782754,0.9158652178952223,0.835066290612198
Coal_13.jpg,Coal,213.46136811023624,413.6539153078308,214.34485728346465,390.1080042160087,0.6017715449133888,0.5767676573125986,0.6093395153384004,0.5909329379922594,5.106422244094489,7.4431148862297745,4.956692913385828,6.668361336722677,4.281534333154042,4.457735981595537,4.249577267915165,4.378080062330479,0.2730228306525949,0.26333813464948536,0.2718931334469116,0.26369666788561696,0.5225158664122984,0.5131648221083411,0.5214337287200662,0.5135140386451152,0.9868895168394907,0.9746354365459017,0.9868352542343614,0.9760792322743396
Coal_14.jpg,Coal,417.88293553149606,737.0168640337281,329.3048720472442,702.0985181970365,0.5480687962770594,0.471936855165716,0.5618053882607829,0.5035844067168361,7.481237696850394,11.599541199082399,6.741510826771654,10.71479942959886,5.247174422546425,5.454920207385658,5.212725097786381,5.369785584037416,0.04729820836594798,0.04291450501184838,0.04853627144998432,0.045993303779031144,0.21748151269923607,0.2071581642413554,0.2203094901496173,0.21446049468149406,0.9515122332013453,0.9120884466733552,0.9627256302382409,0.9162535155773419
Coal_15.jpg,Coal,420.4582923228346,649.6748713497427,265.617125984252,615.9585839171677,0.4783264773521664,0.4621116081324907,0.4904026801586667,0.46091903109823357,10.2878937007874,12.490048980097962,7.828740157480317,12.476284952569902,5.6228670421097755,5.739327940072352,5.530689546280561,5.746507845887748,0.17301591732089713,0.16548007229562725,0.17370346062713618,0.16548347232722727,0.41595182091306815,0.40679241917177766,0.4167774713526826,0.4067965982247483,0.9769147157684842,0.9643040537696916,0.9854163555693215,0.9661565723699236
Coal_16.jpg,Coal,175.73412893700788,274.11005022010045,130.1787032480315,269.8887717775436,0.13823469392610213,0.12123693077437388,0.1722778489840903,0.117596778838649,9.087352362204722,10.999751999504,7.635642224409448,11.354082708165418,7.607367602209716,7.7407101452208185,7.46182630956875,7.76994160414787,0.0009323404877278505,0.000808421419682445,0.0011135160209773543,0.0007724222156857729,0.030534251058898603,0.02843275258715633,0.03336938748280158,0.02779248487785453,0.8501763622935393,0.7661396978426153,0.8887230427059098,0.7697300991645994
Coal_17.jpg,Coal,725.9862819881889,990.2080104160209,425.83649114173227,1080.1792423584848,0.5487956378931481,0.5174316863676182,0.565257267809935,0.514922213984591,11.950848917322835,14.250542501085004,9.244955708661418,14.963915927831858,4.719619093450348,4.853350264214164,4.64988787392198,4.875709049761667,0.1915463898066468,0.1719655758736156,0.2023289924265396,0.17055151445537559,0.4376601304741463,0.4146873230201468,0.44980995145343283,0.4129788305172259,0.9388282928586855,0.9170329656060733,0.9641203190806087,0.9094945027613845
Coal_18.jpg,Coal,186.41633858267718,313.15487630975264,147.5332800196851,276.5712691425383,0.19191170706662894,0.15880140772895981,0.20908338926219366,0.1644618106152811,8.7556594488189,11.49042098084196,7.786847933070868,10.505673011346024,8.182655280217103,8.391611595062203,8.094857571072602,8.322827825313183,0.0005575299846888758,0.00043798711194669587,0.0006166143924084726,0.0004757737830932293,0.02361207285879145,0.020928141626687637,0.02483172149506499,0.021812239295708025,0.9428143304694221,0.903840224857919,0.9548731283513282,0.9150713435198666
Coal_19.jpg,Coal,825.2810039370078,1335.3352966705934,627.6158341535433,1383.9680699361402,0.6050503463130408,0.580153571398272,0.6114155545146451,0.5789642445705003,13.674089566929133,17.600657201314405,11.503629429133857,18.006386012772033,4.2238662708347405,4.357237306399159,4.186405364294571,4.362552282866417,0.31912616486365786,0.2941150899971836,0.3206722551140415,0.29345609314319887,0.5649125285065448,0.5423237870471694,0.5662793083929887,0.54171587861461,0.9164685115461484,0.8655000584707634,0.936475453768475,0.8606015845242352
Coal_20.jpg,Coal,163.2169045275591,336.7688015376031,189.41166338582678,319.94519189038385,0.6458048989089437,0.6237605584183928,0.6356728511121517,0.6217963908666596,4.969734251968505,7.600967201934404,5.8174212598425195,7.486514973029948,3.9491061735323516,4.097408735178267,3.996962946883969,4.091965900615005,0.3517621669642754,0.3429999505544303,0.3505132489390955,0.34387029521780543,0.5930954113498733,0.5856619763604517,0.5920415939265548,0.58640454911077,0.9888183037947242,0.977003755579107,0.9870237480373322,0.9781525551048431
Coal_21.jpg,Coal,322.2236712598426,493.78175956351924,250.67125984251965,562.3751007502016,0.4554958004088952,0.4356876189530555,0.4621106689394704,0.4356427050819606,9.188115157480318,11.373922747845496,7.78125,12.107756215512431,5.756112744711182,5.886134912283996,5.6815382744216905,5.9130944533125245,0.1566352832412696,0.1501400042294164,0.15617733982049994,0.1493672937125774,0.3957717564976935,0.38747903714835513,0.3951927881686354,0.3864806511490289,0.9814001856812764,0.9714326775536744,0.98553042714124,0.9674642683174103
Coal_22.jpg,Coal,296.3951771653544,459.1379502759006,288.7796505905512,610.6817533635067,0.45606630218563754,0.4364535708168658,0.46661309369523485,0.4323168060887408,8.258858267716537,10.091388182776367,7.82763287401575,11.269514539029078,5.8811017094289095,6.015569385404122,5.850044444127183,6.0437652504553565,0.13523929928719242,0.12971399245545095,0.13490094375208286,0.12826894827328003,0.36774896231966775,0.36015828805603095,0.36728863820173213,0.35814654580671307,0.9843548049385348,0.9757634718147407,0.9847571461057889,0.9677639247230068
Coal_23.jpg,Coal,307.37549212598424,461.4098828197657,302.4156003937008,650.792361584723,0.4929100487725711,0.47765135471278897,0.495907255541212,0.4723185473989977,8.679749015748031,10.477524955049912,8.645669291338582,12.914873829747656,5.456444809242036,5.5692793371035965,5.4494078164789865,5.634131926986379,0.1961595695041976,0.18979815732587008,0.19584119069361183,0.18833459844364037,0.44289905114393463,0.43565830340516876,0.44253947924858844,0.43397534312866254,0.9832623597006138,0.9748697218868262,0.9835324426638478,0.964555173936442
Coal_24.jpg,Coal,726.1885457677165,1169.238080476161,744.3736466535435,1468.470270940542,0.07086794782719069,0.05338045957066329,0.06707588963418841,0.046527772140511715,19.5457062007874,25.085436170872345,20.076402559055122,28.00700601401203,9.229111599651217,9.37910078951178,9.249571023733871,9.43461766535033,0.00013813229530755934,0.00011398082192283179,0.00013352883151078807,0.00010651190004717416,0.011752969637821726,0.010676180118508296,0.01155546760242908,0.01032046026333972,0.8864845159724128,0.8167646633437803,0.8837437981186209,0.7698941257407841
Coal_25.jpg,Coal,609.589936023622,940.4462768925539,605.867249015748,1182.9176018352036,0.2365665368447955,0.21718813980404042,0.23200691057044476,0.2133081010006547,15.962475393700789,19.838799677599358,16.107037401574804,22.64306528613058,7.785774591878562,7.918694050695784,7.81563358295533,7.980321927885898,0.023518937601840047,0.0212707072447439,0.022660159822272773,0.020833052640127223,0.1533588523752054,0.14584480534027908,0.15053291939729585,0.1443365949443426,0.9540864781290972,0.9287746020101032,0.954101847615031,0.9104139140703879
Coal_26.jpg,Coal,235.66953740157481,343.47839295678597,193.689345472441,451.4194308388617,0.1600647905285508,0.14685530676857433,0.20537841174846375,0.12778678310174515,9.936146653543307,11.585901171802346,8.253813976377954,13.565255130510263,8.334491566168264,8.410604420818482,8.108663933067367,8.53262758207423,0.0005262555691127008,0.0004967006028004244,0.0007202803101895267,0.0004256113044435154,0.022940260877171836,0.022286780898111428,0.026838038493703798,0.020630349111043066,0.9458878299286692,0.921503416469925,0.9556116635032269,0.8968371221831157
Coal_27.jpg,Coal,67.68639271653544,136.83811767623538,61.6845472440945,95.66389732779464,0.2433552345947067,0.17732333884363455,0.23071644135635944,0.18470112742078468,5.282357283464567,7.655775311550624,5.268208661417324,6.6704073408146805,7.6077495710778384,7.934987416739766,7.645607204119203,7.845781319149929,0.000842520911116041,0.0006299360977418712,0.0008707112140786784,0.0006820052080181038,0.02902621076055297,0.02509852780028883,0.029507816152312568,0.0261152294268709,0.974931031789082,0.949106363203844,0.9770320427130275,0.9644212968328678
Coal_28.jpg,Coal,275.73917322834643,483.6901233802468,190.2583661417323,391.07285014570033,0.577661537947907,0.558056361278513,0.5886736874015623,0.5595793283758107,6.873523622047244,9.16721433442867,5.496555118110236,8.456444912889827,4.617799976397802,4.742709657097242,4.532571708413293,4.725656947394821,0.26663895027008805,0.2586029285146797,0.2685644847608055,0.260047920802643,0.5163709425113773,0.5085301648031114,0.518232076159712,0.5099489394073126,0.9833423639486752,0.9708402555313763,0.9885063316111271,0.9764237807892963
Coal_29.jpg,Coal,194.34534940944877,385.24198648397294,223.84584153543307,397.38123876247744,0.7773645286764208,0.7608190480008685,0.7727387370713242,0.7605394560268997,4.184178149606298,6.434744869489739,4.827509842519685,6.4227168454336905,2.6196847501408724,2.7142797165943553,2.6381038185481516,2.714987573219727,0.5521223716397626,0.5429932765749341,0.553392117831599,0.5421807036186453,0.743049373621809,0.7368807750070117,0.7439032987099863,0.7363292087230041,0.9815051404033559,0.9635501597363479,0.9786977284351254,0.9624015990342557
Coal_30.jpg,Coal,172.8448572834646,296.28160456320916,155.5535187007874,320.35426870853746,0.7082608661243998,0.6939193888328761,0.704518098339153,0.6916367324235115,4.612450787401575,6.219356438712877,4.374507874015748,6.530225060450122,3.277783317998273,3.372500771516551,3.278251395496473,3.3836222765604913,0.4473574577642319,0.440652836665584,0.44751977480029165,0.44015590542186106,0.6688478584582834,0.6638168698259965,0.668969188229392,0.6634424657962897,0.9878705408249859,0.9793001171767359,0.9890839676443673,0.9776182668040586
Coal_31.jpg,Coal,144.2396038385827,238.8690557381115,114.94445127952758,230.6204352408705,0.167219894247548,0.1393380230183547,0.1924941269327838,0.14455692032850598,8.391055610236222,10.827515655031311,7.4181225393700805,10.573315146630295,8.265181778093897,8.457680095926719,8.148775753830403,8.441997194030645,0.00046378620589272447,0.00037720361881296647,0.000552156438785534,0.00039256814827102283,0.021535696085632442,0.019421730582339116,0.023498009251541586,0.01981333258871467,0.954836453505305,0.9249747892580892,0.9641932673517025,0.9275639932951747
Coal_32.jpg,Coal,341.4851131889764,592.3196726393454,259.94365157480314,511.6742513485027,0.4339632815168396,0.41983757703460717,0.4545168680347901,0.42185458392852837,9.543307086614174,11.885547771095542,7.553026574803149,11.503999007998015,5.852505695660322,5.975435559739252,5.7083336596876215,5.957034382942112,0.14194635493763172,0.13587326213650508,0.1422264623704052,0.13656159267182447,0.3767576872973287,0.36860990509820146,0.37712923828630046,0.3695424098419889,0.9821893226031131,0.969020862362548,0.9864422616604461,0.9732387293715345
Coal_33.jpg,Coal,483.8209276574803,690.4868249736501,361.8154527559056,821.1133982267967,0.11414335761932601,0.0960209294102238,0.13590132466261481,0.08906535242100541,15.832369586614172,19.047182094364192,13.429502952755907,20.677661355322716,8.339007068634569,8.455101707744022,8.211965172937674,8.511872653748215,0.0020340441681859925,0.0015046802367149283,0.0028527568651817,0.0012307345589333133,0.04510037880313194,0.038790208000408145,0.053411205427154516,0.03508182661911026,0.8191913670893142,0.7408013204869419,0.8638640867194377,0.6917662675773607
Coal_34.jpg,Coal,517.0258366141734,774.2305164610331,354.91867618110246,857.3332506665013,0.7077189900634467,0.6951991989341113,0.7150568179361736,0.693654526172123,8.99212598425197,11.077190154380311,7.084645669291341,11.643251286502572,3.240931388537624,3.3190296546225673,3.2007595299175065,3.333436651297986,0.4662930104668805,0.45329297212007524,0.4703583193177129,0.4504597963253833,0.682856507962603,0.6732703558898723,0.6858267414717166,0.6711630176979236,0.951445324239274,0.9276829572420736,0.9666690520608168,0.9199207419133528
Coal_35.jpg,Coal,322.56385334645665,540.7518135036271,285.066437007874,535.7064294128588,0.1560969788981128,0.12335481993484086,0.1597067447711061,0.1274496845126919,11.843134842519687,15.616219232438468,11.300073818897639,15.388864777729554,8.411685466978568,8.64155023867996,8.413690206693957,8.607983371382637,0.0007756410776493429,0.0005692390949541029,0.0007312979713850053,0.0006385505361995904,0.027850333528511698,0.023858732048331967,0.027042521542655844,0.025269557499085542,0.9221507794964758,0.8691742383368828,0.9314443709225453,0.8704149763982109
Coal_36.jpg,Coal,571.8640501968505,904.4275528551058,523.2738681102362,1090.2719325438652,0.5233002547904513,0.4978906300269737,0.5283416501486026,0.49584324479913544,11.676181102362207,14.745613491226985,10.616264763779526,16.5501891003782,5.269248781485947,5.395400692994555,5.226681868255317,5.427456798515209,0.20656227567337945,0.19440542501892244,0.20859744563727414,0.19440633412855887,0.4544912272787886,0.440914305754443,0.45672469348314654,0.44091533669011657,0.9717088835127423,0.9553258467482675,0.974112724952113,0.9461460730085361
Coal_37.jpg,Coal,509.52878937007887,881.997085994172,424.9731176181102,861.0043400086801,0.5448690482259722,0.5183850049296899,0.5438738531953646,0.5171137222204403,10.579355314960633,14.911463822927647,10.29398375984252,14.71430342860686,5.065088282772356,5.203464096410918,5.044231961533906,5.201942917929107,0.2236846028867839,0.21106514740774532,0.2284033708692418,0.21164122885006884,0.4729530662621651,0.4594182706507713,0.47791565246311174,0.46004481178475304,0.9659585300427352,0.941302437532114,0.971620187737098,0.9426995204005534
Coal_38.jpg,Coal,1250.3802288385828,2666.1816603633206,1563.675135334646,2389.709591419183,0.06408043536987054,0.03742385009071563,0.05384071426833825,0.04341819669957582,26.528235728346456,39.36437472874946,29.952571358267722,36.88585777171555,9.331103645271373,9.528522169775389,9.393848184280081,9.494033223211385,0.0004669100524724486,0.00018711129244442133,0.00030871021214698695,0.00019969852079328436,0.021608101547161626,0.013678862980687443,0.017570151170294094,0.014131472704332142,0.8686648237590499,0.7199851994903818,0.8356553577492339,0.749036267325761
Coal_39.jpg,Coal,199.27023868110234,302.4674189348379,138.83889025590548,294.98952197904407,0.7286031374815556,0.6971456925535682,0.7336115039950113,0.6986980105430334,4.05185777559055,5.140864281728564,3.4408833661417315,5.042594085188172,2.894271036416404,3.0185810550295584,2.8667107094538933,3.0167889655464983,0.3632902771786987,0.3441130601648642,0.370784494864888,0.34460141156626806,0.6027356611141395,0.5866115070170924,0.6089207623861154,0.5870276071585289,0.8211634320245838,0.7304878065718586,0.8753819742253958,0.737151379966738
Coal_40.jpg,Coal,234.2830954724409,444.88660177320344,213.14111712598427,369.26815053630105,0.6068772017011049,0.5879384967983114,0.6091419602140091,0.5949366166757227,6.8432578740157455,9.549383098766196,6.334153543307086,8.234856469712941,4.395338464443513,4.525609420032171,4.368732672570185,4.476616303354566,0.314145415705382,0.3063515500209746,0.31545482017965987,0.3089647116736108,0.560486766753134,0.5534903341712253,0.5616536478824471,0.5558459423919642,0.9829601209485532,0.9677338885411685,0.9844978194035161,0.9732182375106121
Coal_41.jpg,Coal,193.51777805118115,394.89813379626764,226.34559547244095,378.4151528303057,0.46467330952333025,0.42672726422295887,0.44051644002017,0.41460677216984904,6.5525959645669305,10.390848781697564,7.963582677165354,10.018476036952075,6.090003667245863,6.312370677467,6.198395836640932,6.32910819055847,0.10773228242013126,0.10237481501685058,0.1070533897659592,0.10267373334052267,0.32822596244071134,0.3199606460439324,0.3271901431369215,0.3204274228909297,0.9826486087994868,0.9646175772801607,0.9797092011581212,0.9660938894284075
Coal_42.jpg,Coal,326.52497539370086,775.1460102920206,417.8640501968505,637.8829437658878,0.6162554628823432,0.5642740934483227,0.5834055071762166,0.5642669734081247,7.224163385826774,12.379936759873521,9.098425196850396,11.62179924359849,4.43178663909709,4.6341010813664845,4.52102615554721,4.63171210152282,0.27932131895757945,0.25929146854883695,0.2744316211288673,0.2598819285306746,0.5285085798334588,0.5092067051294955,0.5238622157866201,0.5097861596107476,0.9585976356513483,0.9022471628276145,0.9470161214051283,0.9195572618460646
Coal_43.jpg,Coal,54.352915846456696,131.46630293260586,98.33003198818898,138.87692975385949,0.23735096395628075,0.16113942876968568,0.18401337354244765,0.15102257889419857,4.957984744094488,7.6926033852067714,6.678580216535432,8.171740343480685,6.694606189401272,7.039704228971221,6.944126408012238,7.106942801198638,0.002630719677943262,0.0018118804915147183,0.0020364622638424966,0.0016635303281146577,0.051290541798106035,0.042566189534825855,0.04512717877114075,0.040786398812774065,0.8740792535762976,0.6941568268642455,0.7716947808045858,0.6768952393756554
Coal_44.jpg,Coal,290.4809301181102,404.2850765701532,256.73425196850394,578.1426002852006,0.13676262287690003,0.11717597959614687,0.142647084778807,0.10444201396427345,11.78001968503937,14.100316200632403,11.19537401574803,16.826833653667308,8.600112839988054,8.738070695222174,8.572866774298815,8.847331432642312,0.0007345126384588706,0.0005810152360586202,0.00074031947380301,0.0005585219800856863,0.027101893632343676,0.024104257633426926,0.02720881242911954,0.023633069628926463,0.9384495466496575,0.9142039089471133,0.9455962749801642,0.8773133326819992
Coal_45.jpg,Coal,363.26673228346465,548.8649017298035,217.65698818897636,546.3445966891934,0.7341953682594653,0.7172926428341767,0.7416863882188683,0.719735024709288,6.572342519685041,8.32996465992932,4.802534448818898,7.988467976935954,3.1523562965714906,3.236762488086175,3.097521399137832,3.22763575008171,0.4697767143337022,0.4608702817752837,0.47127629503061746,0.4607034418979247,0.6854025928851614,0.6788742753818882,0.6864956627908274,0.6787513844537812,0.9759927575148549,0.9639181400644511,0.9856156822806397,0.9640838225360094
Coal_46.jpg,Coal,356.0829232283465,562.6517453034907,227.27755905511816,518.9711699423399,0.609260573704766,0.595852166545576,0.6159305226340885,0.5967906515130681,8.180979330708663,10.494512989025978,6.509350393700789,10.106144212288427,4.3382517739439725,4.438519734650983,4.289898813309442,4.439488231585031,0.3252545501673036,0.317630217875601,0.32674064023665184,0.3175595725610201,0.5703109241171026,0.5635869213134749,0.571612316379425,0.5635242430996381,0.9756303364615428,0.9616097070184338,0.9844455398371821,0.9645900764915853
Coal_47.jpg,Coal,442.3799827755905,660.1722363444726,301.2548597440946,673.2153264306528,0.6710917808136131,0.6400945651272008,0.6893066892368168,0.6396465199053988,8.082123523622048,10.116808233616467,6.584584153543309,10.186124372248743,3.4810276801845363,3.605973616176189,3.4395745167251888,3.608094011249958,0.29887645474753843,0.27951444904067796,0.3065953396311091,0.27935674254385257,0.5466959435989428,0.5286912606055428,0.5537105197042125,0.5285420915535985,0.8830365909364202,0.8264689548079855,0.9202752925189644,0.8230404842807767
Coal_48.jpg,Coal,217.67396653543307,376.7121334242669,188.48117618110237,400.79050158100324,0.5217966661770825,0.48616298459880747,0.5452331379153794,0.49399946418642615,5.829109251968505,7.940975881951765,5.00947342519685,8.119288238576479,5.335557288641423,5.489541872451976,5.191872436709549,5.473651668404442,0.15065348221516758,0.14652991064305643,0.15400302339911326,0.1457975949617967,0.3881410596872838,0.38279225520255294,0.3924321895552316,0.38183451253363243,0.9867097708415884,0.9769728500845389,0.9884937842822831,0.975501020153751
Coal_49.jpg,Coal,598.2711614173228,1292.5392150784305,788.3448572834645,1125.1342302684602,0.18409575153943014,0.13279344003316332,0.16703394536282012,0.13742480193579193,16.315698818897637,24.175646351292702,18.689714566929133,22.534813069626136,7.836019025597654,8.060983397251755,7.901065028760438,8.016009227682586,0.00798508353608504,0.004037915199644647,0.006489054298909378,0.004350927605693018,0.08935929462616096,0.06354459221400863,0.08055466652472332,0.06596156157712625,0.8862533201275409,0.7543821433511009,0.849777124433472,0.7861987869631618
Coal_50.jpg,Coal,236.6956200787402,402.0414160828322,190.78407972440948,382.6570773141547,0.6580796489928694,0.6421119812808085,0.6592550800813082,0.6438184134955546,6.373646653543308,8.503937007874017,5.522268700787404,7.90179180358361,3.8791750785931747,3.986606881247251,3.8577265290412237,3.9738722169861678,0.3784589060877342,0.3680560788488431,0.37696788900657896,0.36798702111261267,0.6151901381587113,0.6066762553857231,0.6139771078847964,0.6066193378986633,0.981136422458751,0.968084620047733,0.9847953659627497,0.9696234130978459
Coal_51.jpg,Coal,314.3802903543307,429.7206274412548,251.91744586614175,596.0564201128402,0.4934105401024568,0.4817707237358838,0.500720504073785,0.47192568179546074,8.819758858267715,9.972223944447887,7.514640748031496,11.91753983507967,5.457192003768384,5.537264229502176,5.390019547598187,5.617279590166887,0.1853982113115594,0.1784983589187216,0.18469149352849482,0.1762423639547509,0.4305789257633952,0.42249066133906626,0.4297574822251438,0.4198122960976142,0.979997736318455,0.9726457085237941,0.9839718985801663,0.9620574391573524
Coal_52.jpg,Coal,315.04256889763786,725.2621365242732,415.6318282480316,661.5526691053383,0.6415475808303982,0.5846486359617875,0.6041021160682014,0.5844278435808796,6.614542322834646,11.099076198152398,8.459953248031498,10.88182776365553,4.296582580408711,4.5427781396359155,4.431825707444453,4.550586901478706,0.2692341799478522,0.24526073362395343,0.26018518162524623,0.24695487000249222,0.5188778083015809,0.49523805752784533,0.5100835045610143,0.49694554027830073,0.9615963816900754,0.9120737723648098,0.9493339029088669,0.9197975081738232
Coal_53.jpg,Coal,597.6574187992126,852.7660735321472,434.45392470472433,986.1892243784487,0.662190173543952,0.6373839882455566,0.6711250869945552,0.6316097622495643,10.327571358267717,12.47020894041788,8.6796875,13.453654907309813,3.423096719714377,3.5426534159208343,3.386534383361646,3.5655539195225083,0.3878202569027208,0.35853786048200786,0.39771144502005806,0.3533507038494018,0.6227521633063355,0.5987803107000161,0.6306436751605918,0.5944330945105613,0.8329851808559177,0.7631680678444644,0.8786425415223575,0.7261135184317199
Coal_54.jpg,Coal,311.46161417322844,492.5934651869304,241.1922982283465,524.0245520491042,0.43347879001374223,0.4163165543398425,0.4463148015028906,0.41239386784629267,9.099163385826774,11.150846301692605,7.689468503937009,11.887655775311552,6.0069991604455275,6.140471595740822,5.9244210025117,6.157602340060688,0.13009288408713537,0.12389265593212813,0.13034079565473589,0.12345313890206179,0.36068391160008145,0.35198388589838614,0.3610274167632368,0.35135898864560416,0.9820115965698915,0.9714584174603812,0.9860699869026128,0.969637254527076
Coal_55.jpg,Coal,454.6878690944882,637.5782131564263,297.9787770669292,732.2599665199328,0.08186191004971392,0.07678758925643932,0.10701784643426607,0.06914928426377547,15.423597440944885,17.94463388926778,12.209092027559056,19.423460846921692,8.911116646288797,8.992787017624911,8.719641026156992,9.05335973705009,0.00020046353569269645,0.00018548142992497782,0.00025395680674173847,0.00016910784643070926,0.014158514600504407,0.013619156725912872,0.01593602229986324,0.013004147278107444,0.8951789839759381,0.8535848854495101,0.9314578686691074,0.8318426097213306
Coal_56.jpg,Coal,112.36601870078742,257.30150660301325,140.14812992125988,213.98933597867196,0.687149640050945,0.6649422810784966,0.6821230130919,0.6664618878052382,3.5692667322834652,5.575175150350301,4.086983267716536,5.115382230764462,3.4111663200357807,3.5584622936421813,3.4466026327414934,3.539363930054113,0.39112267171067566,0.38156766219912247,0.38927144919719536,0.38317621541932895,0.6253980106385658,0.6177116335306649,0.6239162196939548,0.6190122902005492,0.9875650176696997,0.9716299598809323,0.9844905111051757,0.9764055557741669
Coal_57.jpg,Coal,210.6462844488189,367.0807241614484,195.07714074803147,351.4891809783619,0.11161456549922777,0.08831923778791574,0.11922416823290886,0.08649617318860253,10.493725393700787,13.532953065906133,9.845964566929133,13.645917291834582,8.651588139180374,8.828476071406746,8.5930611154883,8.846519702449353,0.000254393880369792,0.00021132474529813594,0.0002760999784694882,0.00020230284121055555,0.015949729789867664,0.014537012942765647,0.016616256451724865,0.014223320330026866,0.950163672322767,0.9125529008538004,0.9535190227577558,0.9162755762908849
Coal_58.jpg,Coal,428.82947834645677,947.5359910719822,672.6215551181102,1110.2626325252652,0.36672042499294294,0.3260694077414379,0.3451804499713691,0.31834315537708097,9.856668307086617,14.98914997829996,12.837352362204724,16.48149296298593,6.379792439010295,6.620941129309276,6.482805080370659,6.660592805693657,0.067662357980966,0.061501466793621166,0.06705183802213308,0.06066768832651065,0.260119891551888,0.2479948926764847,0.25894369662560446,0.24630811664764654,0.9728726324534716,0.9398836883563155,0.9574511220501788,0.9295595153618224
Coal_59.jpg,Coal,203.82935531496062,234.7933535867071,153.35986712598424,422.11122822245636,0.6957376577391294,0.6879196575249894,0.70566196238966,0.6812617586924365,5.3984990157480315,5.723603447206893,4.312623031496063,7.781635563271125,3.385744876870368,3.4229159767016917,3.3232743561394513,3.4893366678381534,0.4334955484486164,0.42850229807347806,0.43399878480665166,0.42355869056706785,0.6584037883006266,0.6546008692886667,0.6587858413829578,0.6508138678355493,0.9747323731033114,0.971022094102475,0.9809888036123291,0.947903553218759
Coal_60.jpg,Coal,380.2219488188977,494.3293446586895,195.48523622047242,550.1264802529606,0.7249512516269736,0.7077960109055094,0.7447056786150329,0.7017203521164056,6.543676181102364,7.56699113398227,4.609744094488189,8.000496000992003,2.9021406333418134,2.9976667249683615,2.820570725624667,3.017472739957588,0.41058680347341175,0.3952079643262766,0.43345545120045326,0.38939876528150374,0.6407704764370872,0.6286556802624761,0.6583733372490514,0.6240182411448433,0.8287076709458151,0.7788728609511646,0.9119431926671564,0.7539132644910351
Coal_61.jpg,Coal,140.43583907480314,210.4102548205097,62.36743356299214,142.4090768181536,0.11385348940960557,0.09219847331397435,0.16273510551504983,0.10827398863737127,9.173166830708661,11.201872403744808,6.077448326771655,9.309814619629238,7.509063357228893,7.65090601569188,7.1732433367335275,7.518503331646813,0.00084767686625217,0.0007244604358388455,0.001228309341384308,0.0008227019368044562,0.02911489079924859,0.026915802715855336,0.03504724441927365,0.028682781190192422,0.6900880858101102,0.5359629998506581,0.8623372502808199,0.6858957707521279
Coal_62.jpg,Coal,261.31446850393695,345.2928265856531,195.20792322834643,492.9431458862917,0.6326636311734692,0.6235799909348694,0.6417169900615136,0.6169926212751514,7.009965551181101,8.051708103416207,5.689099409448818,9.532891065782131,4.097808574223853,4.163660052301244,4.046301498658965,4.217198007744845,0.3547865140163873,0.3495358780041137,0.3553103477056563,0.34646120770944483,0.5956395839905095,0.5912155935055449,0.5960791455047361,0.58860955455161,0.9812594175108327,0.9753193044491768,0.9860003534869528,0.9647656169756351
Coal_63.jpg,Coal,426.9701648622048,786.6825593651188,448.439468503937,771.9045818091636,0.17471978956251727,0.14279637392281694,0.18076487007696407,0.14782948441592197,13.936823326771659,18.843387686775376,14.041092519685037,18.49779899559799,7.985837642556758,8.170382434106514,7.958893759373888,8.154494592487803,0.003261872917788805,0.002275685932734628,0.003572350345384284,0.0024538694994681804,0.05711280870162844,0.04770415005777409,0.059769142083388516,0.049536547108858735,0.8952654259844257,0.8076667333761187,0.8899778147925195,0.8112855610796432
Coal_64.jpg,Coal,151.05997785433073,198.29760059520123,123.03875492125987,286.66842333684673,0.5091116790878464,0.47464511099269086,0.5480707749414816,0.4576591327861103,5.423535925196851,6.273544547089095,4.656988188976379,7.386508773017547,6.4705451340441185,6.568997873748277,6.320805147144849,6.669156524241443,0.009726095379925137,0.008718242248934123,0.011651595812957254,0.008042443203740646,0.09862096825688306,0.09337152804219348,0.1079425579322505,0.08967966995780395,0.9259287427398407,0.9031157037260615,0.9396439326738152,0.8599364319408084
Coal_65.jpg,Coal,280.4971087598426,502.8223696447393,224.48591289370077,438.3809287618576,0.45362110421942947,0.42039376716283583,0.46015386672147757,0.41296945501729476,7.54349163385827,11.025730051460101,7.42845718503937,9.75261950523901,6.321579896148806,6.542933294875708,6.317519683833911,6.4862535055463235,0.09397486397511859,0.09060001162968415,0.09616102111842897,0.09019402594574304,0.30655319925767954,0.30099835818436643,0.3100984055399656,0.3003232024765037,0.9860098403467947,0.9748818832077228,0.9888051781029431,0.9781010073678165
Coal_66.jpg,Coal,271.94026820866145,417.3734267468535,203.8128075787402,429.35501271002545,0.1917040210017589,0.17873241432057596,0.22575702944402293,0.16574628484352383,11.072404035433072,13.180730361460725,8.991572342519687,14.01729803459607,8.317100113696393,8.412166627429535,8.154277423435834,8.479200470899102,0.004095909681077174,0.003544835659328459,0.004024450981030869,0.0033311045604049174,0.06399929437952558,0.059538522481906275,0.06343856067906072,0.0577157219516911,0.9750122055453535,0.9616322040888257,0.9813271869203553,0.960531837441539
Coal_67.jpg,Coal,686.4168307086613,906.1326802653606,405.11724901574803,1122.0085560171124,0.5675699907669391,0.554893807323295,0.5802156972012111,0.554939749673582,12.371062992125983,14.368404736809477,9.19537401574803,15.519003038006081,4.735348371006689,4.821873663766707,4.651132360905114,4.844141634193618,0.27837039811042497,0.2715684310406378,0.2844447565726186,0.26809655287113915,0.5276081861669936,0.5211222803149351,0.5333336259534163,0.5177804098951013,0.9574920407203682,0.9440745483744648,0.9749121717967507,0.9307509412367783
Coal_68.jpg,Coal,350.4617987204725,398.34825469650934,112.1997416338583,473.86155372310736,0.15190911035466856,0.14419155925088767,0.23323303747851382,0.13122236505957607,11.68916092519685,12.346146692293381,6.5585014763779546,13.715853431706861,8.508176487800041,8.551407313711588,8.077478577112092,8.626871265776296,0.00045365782870237614,0.0004174197076771609,0.0007648353309401935,0.0003887260549026646,0.02129924479183185,0.020430851858822745,0.027655656400458,0.019716136916309558,0.9509692259778517,0.9442667921196571,0.9842546659698876,0.9337024311442299
Coal_69.jpg,Coal,647.5059055118111,1187.7862235724474,639.9782234251968,1127.2841465682932,0.08756365499648654,0.06759611802265528,0.0945410958241384,0.06976904185224789,18.648868110236222,25.02945005890012,18.08968996062992,24.361088722177445,9.003897837315723,9.18442158742727,8.979167801886131,9.170455295191365,0.0008270852112993289,0.0005063644574558042,0.0008463902425851728,0.0005609936819724837,0.0287590891945369,0.02250254335526996,0.029092786779289,0.023685305190613095,0.8907007208075104,0.7992487566602504,0.8917481438885393,0.8094574563919535
Coal_70.jpg,Coal,371.3635580708661,499.32370264740536,179.05517962598427,511.3388306776614,0.0816132440786243,0.07481593444995949,0.12017104688509733,0.06926562790990827,14.436638779527557,16.48707297414595,9.708722933070868,16.967325934651868,8.765871554481773,8.862882257199239,8.449613571754696,8.880731749976471,0.000221191421386749,0.00019805712622771268,0.00033252221045457724,0.0001947397409581849,0.014872505551747123,0.014073277025189004,0.01823519153874116,0.013954918163793899,0.8784619226669867,0.8364489894701028,0.9414486911512451,0.8325228888874239
Coal_71.jpg,Coal,48.158464566929126,66.58261516523032,26.394008366141733,68.68206336412673,0.6551420087814466,0.6116576846103008,0.6593181669775061,0.6074567095761649,2.8578986220472435,3.390972781945563,2.265932578740157,3.6156612313224628,4.701117227533638,4.879389657770282,4.635130658078025,4.910011012876897,0.06274796454622206,0.05644163932633152,0.06454546862951148,0.05600183399511196,0.25049543817447467,0.23757449216262994,0.2540580024905956,0.23664706631418855,0.9167482587736657,0.8854418812398929,0.9543950920073042,0.8818296945526771
Coal_72.jpg,Coal,254.95620078740157,515.5161510323019,282.89726870078744,493.4645669291338,0.7797331340072207,0.764734977148892,0.7909855394207271,0.765150507481515,5.034694881889764,7.264306528613055,4.9920029527559056,7.045818091636182,2.986502543430521,3.0808188831441146,2.9577433890683236,3.0739404591271122,0.4400395434702002,0.42759829328946236,0.4393955599434635,0.42834364594887037,0.663354764413583,0.6539100039680249,0.6628691876558025,0.6544796757339912,0.9820767262413524,0.9639387694989748,0.980112485294186,0.9654813152672593
Coal_73.jpg,Coal,131.2514763779528,224.56872713745423,104.76691683070865,190.3491846983694,0.17296508705203065,0.13654350468233128,0.19463020309931994,0.15830764740937114,8.170767716535435,10.874635749271496,7.222502460629921,9.686775373550748,7.406881392067076,7.638120291075861,7.307878678402727,7.53688810928245,0.0026802717179653123,0.0017668632274458417,0.0034844039414641333,0.002411913993646327,0.05177134070086762,0.04203407222059078,0.059028839912911496,0.049111241011059036,0.8409617252597937,0.7283912073549479,0.873772022141384,0.769775283005357
Coal_74.jpg,Coal,263.18436269685037,546.2632525265051,297.59387303149606,452.8244156488313,0.1790775308096786,0.1277433359698189,0.15384790124129627,0.13774634945601577,10.738988681102363,15.765515531031063,11.71665846456693,14.443486886973776,8.545509940473387,8.8416439605309,8.649108725241643,8.781952603057366,0.0007364160846485754,0.000449913169650879,0.0005587295720489878,0.0004856259945020355,0.027136987390802527,0.021211156725904387,0.023637461201427446,0.022036923435498783,0.9548884999162739,0.9063252583009316,0.9489134611534694,0.9223516563321704
Coal_75.jpg,Coal,238.99397145669283,415.27980655961306,221.10617618110243,453.1130262260525,0.6515991758121791,0.6151819203394355,0.641262631682033,0.6127672258729022,6.154896653543306,8.779093558187116,6.295275590551182,9.183334366668735,3.9360908651680364,4.100416652352321,3.9489040464834755,4.11320309460185,0.3192131046737678,0.29574895605864127,0.31503987837077246,0.29509133728416886,0.5649894730645588,0.5438280574397033,0.5612841333680941,0.5432231008381077,0.9591996206561678,0.9294316228510566,0.9622533748091302,0.9230026348000886
Coal_76.jpg,Coal,74.78592519685039,135.55192510385024,70.85125492125987,123.6235352470705,0.23075021048242716,0.17601440507492142,0.22100507748137432,0.18764410187532857,5.699680118110237,7.852253704507409,5.752337598425198,7.376278752557506,7.576741163215454,7.8571833097374295,7.603715215321956,7.790822285600612,0.0012495859342304624,0.0008788899095561227,0.0011659989140290785,0.0009441862767413302,0.03534948280004196,0.029646077473354255,0.034146726256393575,0.03072761423770694,0.9693167340721606,0.9443659253453266,0.9708509630709963,0.949261808442669
Coal_77.jpg,Coal,143.6454232283465,263.44435488870977,130.84571850393704,254.0741521483044,0.7371949435961347,0.7191697690407676,0.7318477974232833,0.7205599398501211,4.324434055118111,6.212536425072849,4.159940944881891,6.043276086552175,3.10307965678631,3.189666292178303,3.0971857950736497,3.1931872501448515,0.48618933236401646,0.47831324151705273,0.4865284295998281,0.478056653490702,0.6972727818895675,0.6916019386302013,0.6975158991735085,0.691416411065504,0.9848733437985531,0.9724057046835667,0.9862212233793625,0.9733871800380214
Coal_78.jpg,Coal,116.70896899606299,214.69576539153076,126.49138779527561,205.0928141856284,0.3356704087377432,0.2685790668973353,0.30598403069206503,0.2702419782403168,6.278973917322834,8.746357492714985,6.646653543307087,8.528365056730113,7.2764959113404775,7.552779236850824,7.351661512474782,7.533405385192085,0.0025376608370404237,0.0018513950475727839,0.002336362888057808,0.0018859796539110719,0.050375200615386376,0.043027840377745936,0.04833593785226276,0.043427867250316034,0.903402033922966,0.8229856665827284,0.8954897225401535,0.8309000696403084
Coal_79.jpg,Coal,333.6270915354331,470.49166098332194,202.88459645669292,534.8193936387872,0.5445662843783204,0.5162842222189744,0.5464768436005449,0.5170995593542591,7.676919291338583,9.269390538781078,6.100762795275591,9.964907929815858,5.1793748484471225,5.310139168610339,5.117072323921857,5.320149162393562,0.20452418242482975,0.19890799326517733,0.2073829485793737,0.19595612004169624,0.452243499040981,0.44599102374955635,0.4553931802073607,0.4426693122881868,0.9801821658314652,0.9720783881481669,0.9879484509377535,0.9682608199924199
Coal_80.jpg,Coal,154.5258366141732,239.38719077438157,126.13742618110233,242.69799739599483,0.5502929915944219,0.5193244363637777,0.5522852756044679,0.5125743795826135,5.354207677165354,6.807985615971233,5.0204232283464565,6.9096658193316385,4.735668978021415,4.905250812772826,4.7081469975070345,4.916755230061887,0.16044578195113418,0.1480931948161869,0.1648996681782425,0.1474188180566825,0.40055683985064366,0.3848287863663358,0.4060784015165575,0.38395158295894877,0.8526792193429096,0.7730420303490864,0.8797550735754603,0.769903124101357
Coal_81.jpg,Coal,121.79521407480314,231.11352222704448,128.8569758858268,215.91102982205967,0.2689851273428381,0.22652569340373796,0.2564530173609545,0.21448196939319075,6.420829232283465,8.891189782379566,6.737266240157481,8.78473556947114,7.6569481802315185,7.8777372121965605,7.699425662354288,7.90421956671181,0.003366180255309729,0.0029390265240943404,0.003158080229734679,0.0027856618426362278,0.058018792260005975,0.054212789303764296,0.056196799105773625,0.052779369479335654,0.9909687787365778,0.982742648524061,0.9903500251502162,0.9838764125389713
Coal_82.jpg,Coal,1366.436085137795,2134.356500713002,885.828063484252,2053.9398598797197,0.4684238041088892,0.4435269783051148,0.5084346664181091,0.4453613408843172,19.133673720472444,23.773947547895098,14.089751476377952,22.990265980531966,5.560535010283259,5.722837613402929,5.416931274837217,5.707183496561399,0.16608261646699077,0.1522151248158904,0.17204522409533102,0.15182021758426303,0.4075323502091469,0.3901475679994563,0.41478334597152167,0.38964113949153656,0.9300845334699135,0.890972502942626,0.9546817490823809,0.8950803570283357
Coal_83.jpg,Coal,451.7568897637796,584.6295492590984,301.74938484251976,813.6754913509827,0.5854215035303936,0.5731518993483438,0.6016854538699168,0.5701494705644923,9.342888779527561,10.733709467418937,7.159571850393702,12.053196106392214,4.524094248881369,4.604907515477041,4.435994451835478,4.636778594198038,0.29159581659007094,0.28527801385691426,0.29513211498346836,0.2798706066753073,0.539996126458395,0.5341142329660522,0.5432606326464935,0.529027982884939,0.9763183668075125,0.96945946471794,0.9841824355993944,0.9574943054396674
Coal_84.jpg,Coal,623.7058932086615,859.5958831917665,377.3494709645669,983.6848533697065,0.09930896171258524,0.0831422010207964,0.13064267078622466,0.07820255715849703,17.352054625984252,21.03974207948416,14.04853592519685,22.619443238886475,8.873406624766146,9.00479851302344,8.732956235433884,9.050078659192831,0.00038657364912386076,0.00029287745350864257,0.0005157639099457886,0.000255928777714087,0.01966147627020567,0.017113662773019764,0.022710436146093464,0.015997774148739787,0.919729745853186,0.8892027118403424,0.9531409030231324,0.8732301963476711
Coal_85.jpg,Coal,337.77952755905517,867.9875999752,503.13988681102376,674.467356934714,0.8406503149975925,0.8232055655869368,0.8337143978946312,0.8255347195598727,5.067667322834646,8.653233306466614,6.448695866141733,7.501147002294005,2.1499644003614975,2.24095985778823,2.171645360023966,2.226479195677541,0.5592007506646851,0.5502777606708416,0.5601527310842708,0.5519222323707219,0.7477972657510089,0.7418070912783468,0.7484335181459144,0.7429146871416138,0.9754120495407262,0.9371977928741241,0.9633775196594231,0.951199719153746
Coal_86.jpg,Coal,313.8529773622048,553.6690433380867,258.26697834645677,479.53754107508223,0.11744449608936842,0.09138974659304126,0.12877434668925972,0.09838966626794085,12.600885826771655,16.601773203546408,11.365649606299215,15.717961435922874,8.495921656262839,8.686682488815546,8.41970040032246,8.653122247430126,0.00043788344412626335,0.0003312849331384074,0.0005163031566297509,0.0003394573098278815,0.020925664723641716,0.01820123438501926,0.022722305266626247,0.01842436728432978,0.9005640027579037,0.824711725246491,0.9180582738737006,0.848174819744273
Coal_87.jpg,Coal,349.1759965551182,568.9142538285078,237.8137918307087,477.35054870109747,0.08089174504465757,0.06287010272279908,0.10214757524150236,0.07019271535701284,14.041154035433074,17.95213590427181,11.426365649606304,16.27906255812512,8.322766706099989,8.485450033404252,8.17789688560675,8.41683478641343,0.0003746364304252047,0.00031183421533561396,0.00045009501640097045,0.00033485794543044236,0.019355527128580217,0.017658828254887526,0.02121544287543794,0.01829912417113022,0.7693730482116075,0.6244594194658646,0.8438389714133243,0.6848387574627274
Coal_88.jpg,Coal,311.5525344488189,559.0176700353402,250.28531003937007,473.96713993427994,0.5077942261681676,0.4880942018532278,0.5157064306035253,0.48917824796880893,8.064345472440944,10.721805443610888,6.9763779527559056,9.893607787215576,5.2323016252912735,5.377221474711616,5.162973626795365,5.351837411671912,0.20316374250912564,0.1961292179760874,0.20329771219845172,0.19684733386454806,0.4507368883385579,0.4428647852065994,0.4508854757013711,0.4436748064343389,0.9834021108402702,0.9702041313215194,0.9866661080395592,0.9747373590918798
Coal_89.jpg,Coal,547.5636072834646,801.8187736375471,331.4772391732284,801.9075578151158,0.20568151646903954,0.1882047961422901,0.22761381483927992,0.19518891301322674,15.032849409448822,18.65341930683861,11.661171259842522,17.868373736747476,7.7761642835697184,7.919921546684272,7.650060960203647,7.893899427760745,0.019247048076615696,0.01816681282317861,0.019506482494410303,0.01781392260161915,0.1387337308538039,0.13478431964875814,0.13966560956230528,0.13346880759795207,0.9601192367861909,0.9410918909642455,0.9756869491508213,0.9410857841029957
Coal_90.jpg,Coal,488.81600639763786,630.9052638105276,185.0847071850394,566.8381796763593,0.07837693255479324,0.0666333212127037,0.13668908315462286,0.07407305293350017,16.678088090551185,19.10366420732841,10.102915846456696,17.984561969123934,8.23175173361433,8.311207982898136,7.854621119978181,8.275039898284744,0.0006179691314460756,0.0005258920555661184,0.0016853767228042279,0.0005804847619367256,0.024858984923887693,0.02293233646112228,0.041053339971361985,0.02409325137744438,0.6514534634641969,0.5489669335344551,0.8680572312370753,0.5948424365948654
Coal_91.jpg,Coal,430.1398868110236,598.8564077128153,325.18534694881885,753.1047182094363,0.0965430024124485,0.08578495240375651,0.11232234365284675,0.07433164553957716,14.36921751968504,16.51987103974208,12.447034940944881,18.921941843883683,8.733048497000956,8.829678280362085,8.640098910542335,8.919074816575636,0.00028980630471026563,0.0002533359893429439,0.0003351673573464334,0.00021720224480811033,0.017023698326458492,0.01591653195086618,0.018307576501176592,0.014737782900019607,0.9110637570470047,0.8762324218873719,0.9328985636832942,0.8442855421323899
Coal_92.jpg,Coal,558.9130167322835,803.3764027528057,359.45152559055117,900.6146692293387,0.5279097063710712,0.5130347900667322,0.5396113621954579,0.5136193531922385,11.178641732283463,13.668299336598679,8.808562992125983,13.904643809287622,5.10065970080332,5.203981973656936,5.022067899351556,5.2144289778307975,0.229212693105562,0.22141651574517734,0.23218908693676768,0.21931287256461313,0.4787616245122013,0.4705491640043337,0.48186002836588104,0.4683085228400324,0.971962401659204,0.9597784774214961,0.9819682898845035,0.9549101851525433
Coal_93.jpg,Coal,313.45054133858275,509.8644057288115,235.2973056102362,469.59600719201444,0.09097833418954908,0.07130720274313755,0.10095466036522725,0.07435322370807729,13.391609251968505,17.08469216938434,11.598732775590552,16.41651683303367,8.626827257211227,8.807520737894976,8.52605689325403,8.776822535970458,0.0003244448627569132,0.00023744290777068136,0.0003663660891774909,0.0002575202000797702,0.018012353059967297,0.015409182579575121,0.019140691972274432,0.01604743593474578,0.8845695929190857,0.8121756463153749,0.9139702040202313,0.8269756088408234
Coal_94.jpg,Coal,247.24852362204723,433.5457870915742,196.6829478346457,402.6082212164424,0.56592322596865,0.5436643779607705,0.5811860774146966,0.545325270854458,5.966166338582677,7.851323702647406,5.22367125984252,7.756091512183025,4.720066501053996,4.859731420688155,4.646857158377546,4.846395022754815,0.22392354782268165,0.21595062379163138,0.2232406552825801,0.2154970914815039,0.47320560840155057,0.4647048781663814,0.4724834973653367,0.4642166428312366,0.9886526938994412,0.9801219959755949,0.9909733672778097,0.9815404783534235
Coal_95.jpg,Coal,324.40385088582684,497.90334180668367,296.5775098425197,603.4259408518817,0.11322521797712432,0.09626421666437275,0.11659330863119752,0.08837181713219891,13.294598917322839,16.47721495442991,12.58686023622047,18.218674437348877,8.668190954354227,8.814313534223185,8.628675766910987,8.87964320709011,0.0003773232033768756,0.00031488251952881867,0.00036635662870935116,0.0002866136304533754,0.019424808966290393,0.017744929403320224,0.019140444840947433,0.016929667169007647,0.9281944441232773,0.8881418465123171,0.933665022798299,0.8644435561795529
Coal_96.jpg,Coal,271.66867618110246,438.15878231756454,230.88927165354335,442.4662409324818,0.1336778927428976,0.10973051852680167,0.1464703294949757,0.10996804178777835,11.610359251968505,14.663835327670654,10.54970472440945,14.780085560171118,8.17379231471942,8.337340671453797,8.098563626783784,8.343198552544127,0.0007147421521405546,0.0005681839127333779,0.0007653651171560158,0.0005805501101981184,0.026734661997873745,0.02383660866678349,0.027665233003826586,0.024094607492094956,0.8685584179361298,0.7868586015429094,0.8875507235615602,0.7847687528260066
Coal_97.jpg,Coal,295.90095964566933,482.4585529171058,271.09608759842524,577.1997023994047,0.6927048759390548,0.67765965585104,0.6931968779797848,0.6773181217005233,5.502337598425198,7.407154814309628,5.269931102362206,7.9645359290718565,3.3497539063185817,3.4482553988881466,3.34424859983348,3.4636319270531946,0.42200625075078296,0.41553107373063247,0.4226448399185862,0.413454780719469,0.6496200818561438,0.6446169977053292,0.6501114057748766,0.6430044951005156,0.9847859881081038,0.9752931221845618,0.9860613527394169,0.9704413934915989
Coal_98.jpg,Coal,213.46136811023624,413.6539153078308,214.34485728346465,390.1080042160087,0.6017715449133888,0.5767676573125986,0.6093395153384004,0.5909329379922594,5.106422244094489,7.4431148862297745,4.956692913385828,6.668361336722677,4.281534333154042,4.457735981595537,4.249577267915165,4.378080062330479,0.2730228306525949,0.26333813464948536,0.2718931334469116,0.26369666788561696,0.5225158664122984,0.5131648221083411,0.5214337287200662,0.5135140386451152,0.9868895168394907,0.9746354365459017,0.9868352542343614,0.9760792322743396
Coal_99.jpg,Coal,427.07394192913387,631.6013392026786,304.2546751968505,712.1232562465124,0.4685877588723462,0.45382767891117787,0.484435849207306,0.4578993379969856,10.910679133858267,13.218054436108874,8.682209645669293,13.497550995101987,5.615919217988549,5.725522719467895,5.5140088885717375,5.721800063648498,0.17606444343748062,0.1695013678947936,0.17768193940928895,0.16873535941876266,0.41960033774710026,0.4117054382623499,0.42152335571031996,0.41077409779435053,0.9777670215052802,0.967131022282665,0.9841628735624331,0.962940605111587
