Filename,Label,Contrast0,Contrast45,Contrast90,Contrast135,Homogeneity0,Homogeneity45,Homogeneity90,Homogeneity135,Dissimilarity0,Dissimilarity45,Dissimilarity90,Dissimilarity135,Entropy0,Entropy45,Entropy90,Entropy135,ASM0,ASM45,ASM90,ASM135,Energy0,Energy45,Energy90,Energy135,Correlation0,Correlation45,Correlation90,Correlation135
Limestone_1.jpg,Limestone,532.8973917322835,1019.0587141174284,927.873093011811,1439.5831731663466,0.28154956822915067,0.19370491488531003,0.23968770365085612,0.17214454099254506,12.349778543307085,18.38303676607353,16.464505413385826,21.994605989211983,7.805647412760461,8.179783462846936,8.021778234974839,8.302688525643703,0.0009824204218720938,0.0006132665250636472,0.0007750620969991939,0.000529499663996538,0.03134358661468234,0.02476421864431921,0.027839937086839725,0.023010859697033006,0.9520476624584756,0.9082571292411971,0.9164597187221886,0.8703944536246048
Limestone_2.jpg,Limestone,183.57412647637796,224.26709653419312,184.0319881889764,374.5466550933102,0.41013013865283,0.2906858673533752,0.3760079592689089,0.29126987275527294,5.3029650590551185,7.014322028644058,5.31656003937008,8.025730051460103,7.4340600799865895,7.803105704773062,7.54255847897667,7.83861691466133,0.001505468892285441,0.00082132770130752,0.001058806133725549,0.0008345857103395029,0.03880037232147961,0.028658815420521483,0.03253930137119648,0.02888919712175302,0.9830181943319287,0.9791844693934235,0.9829140844595442,0.9652391407711989
Limestone_3.jpg,Limestone,833.662032480315,1194.1006882013767,787.9963705708661,1534.5377270754543,0.22263633929672616,0.1733932041133115,0.23647725973402284,0.1521302233512303,17.537647637795274,21.96949593899188,16.734313484251967,25.123256246512494,8.276315923904928,8.482742493140398,8.206632850163995,8.589169135083774,0.0005009696298689472,0.00035794125776359933,0.0005389098912963452,0.0003148037172136097,0.02238235085662244,0.018919335552909866,0.02321443282305956,0.01774270884655468,0.9233636208070599,0.8900764686912057,0.9274309621327056,0.8587450777802091
Limestone_4.jpg,Limestone,654.6659079724409,1168.251844503689,510.099593996063,808.6460412920826,0.26729558352240823,0.18591142434040658,0.27965858543295097,0.2068624912363487,14.200110728346456,20.059768119536237,12.474593996062993,16.926281852563708,7.164419358653616,7.493075976616022,7.07115270083888,7.353511002166472,0.0017364954163502076,0.001169566664261979,0.0018810948876780567,0.0013195947403736833,0.041671278074354855,0.034198927823280934,0.04337159079026335,0.036326226618982646,0.9406446973299041,0.8941678506261577,0.953880516700831,0.9267490894318355
Limestone_5.jpg,Limestone,341.32455708661416,470.252588505177,329.39050196850394,563.8373116746234,0.6934798012871057,0.6393173399515087,0.6735727680080378,0.6399160741865492,4.487327755905512,6.309008618017236,4.813607283464567,6.800793601587205,3.9661970251688827,4.178137369458088,4.021660506469728,4.184851210793417,0.2856260284664124,0.2790500650751442,0.28519466139274074,0.2781392121777362,0.5344399203525242,0.5282518954770955,0.5340361985790296,0.5273890520078476,0.9830691759108022,0.9767081364642208,0.9836611444160867,0.972072834810645
Limestone_6.jpg,Limestone,629.6790108267717,1216.3525947051894,768.9705954724411,1160.7128774257549,0.21527446195689992,0.14450094374884306,0.202180204958599,0.15080562884872928,15.325787401574804,22.56116312232625,16.792937992125985,21.766259532519065,7.950150899284239,8.30976078240629,8.018146123523117,8.267329786425854,0.0006278439680902799,0.0003922010448026104,0.000578064876832879,0.00041321243284807855,0.025056814803367963,0.019804066370384905,0.024042979782732402,0.02032762732952566,0.9423259548152962,0.8886483649056759,0.929601477619369,0.8937294727072291
Limestone_7.jpg,Limestone,338.1593257874016,677.1847603695209,389.96186023622045,560.4179428358857,0.2684921277119092,0.1767194365572461,0.24832720194233918,0.17872221268373206,10.472194881889763,15.901729803459608,11.668922244094489,14.936883873767748,7.976453319201708,8.368388038490462,8.086431024540433,8.34286997295122,0.0006305269568546949,0.00037055155020471864,0.0005596245323350021,0.0003876420425666197,0.025110295833675376,0.019249715587631902,0.02365638459982848,0.019688627239262256,0.9688370913439409,0.9375879155142036,0.9640862345487062,0.9483452287770691
Limestone_8.jpg,Limestone,298.5591781496063,490.1654163308327,436.2584891732283,607.3436666873333,0.8782152764586533,0.852291459596498,0.8689444408335948,0.850242159864598,2.1539124015748032,3.3914067828135663,2.886564960629921,3.939239878479757,1.7078193965880435,1.7938515496630683,1.7278418768533177,1.8062480256269269,0.6530873863139328,0.6472237996246094,0.6505039500557518,0.6452322018042262,0.8081382222825083,0.8045022061030096,0.806538250832378,0.8032634697309633,0.9817507518440048,0.9702187379994918,0.9733339652178021,0.9630992716757545
Limestone_9.jpg,Limestone,748.7016486220473,817.7457374914751,316.46678149606294,994.5823051646105,0.23666416366397403,0.20493333987104118,0.31941608620427175,0.18058995557867313,14.223425196850393,15.053940107880216,8.758735236220472,17.539587079174158,8.106997256723165,8.189768664787184,7.71757757519629,8.327929298632785,0.0006100469354259021,0.0005275238400932503,0.0009104868063251752,0.0004511432545712137,0.0246991282321037,0.022967887149088186,0.03017427391545943,0.021240133110957984,0.931107713420979,0.9245751247320674,0.9709119445945871,0.9082637210182645
Limestone_10.jpg,Limestone,165.96628937007875,349.77351354702705,212.10962106299212,343.16250232500465,0.5063684281772922,0.38841227788714894,0.4493338398709916,0.3849433433812123,4.5360482283464565,7.590861181722363,5.362573818897637,7.191146382292765,6.696283755241344,7.120220160242844,6.878826345540544,7.102104528622686,0.00287063336577845,0.0018854664778583687,0.0024021471993139303,0.0020784629578435177,0.053578291926660464,0.04342195847561886,0.04901170471748489,0.04559016295039444,0.9846341157032465,0.9674372017805825,0.9803360427212158,0.9680526080250265
Limestone_11.jpg,Limestone,350.43946850393695,503.81337962675923,358.109375,503.87897575795154,0.8852539043679571,0.8701369032958528,0.8946011681320024,0.8681344090790618,2.199680118110236,3.0351540703081406,2.1445620078740157,3.0678901357802717,1.6256300932660572,1.6865477212639528,1.6005339420135578,1.6914302535563985,0.6623982995890797,0.6573791154898325,0.6623258948422195,0.6573756193578479,0.8138785533413936,0.8107891930026155,0.8138340708290723,0.8107870369942084,0.9781671151951192,0.9688023901232056,0.9776892689476411,0.9687983282173628
Limestone_12.jpg,Limestone,583.8427657480315,888.9091698183397,443.84510334645677,871.4075888151776,0.29275456690081936,0.19312390304845845,0.2543557995788983,0.18809827834072718,13.065575787401574,17.417446834893674,12.17052165354331,17.77958955917912,7.692796027218998,8.037883641747232,7.741170464000001,8.072172967572474,0.001001049975732764,0.0005767906631603455,0.0007999260993639178,0.000556576908305407,0.03163937382017482,0.024016466500306526,0.028282964826268086,0.02359188225439859,0.9463244950732901,0.9174736351872003,0.9587948131450368,0.9190948145193073
Limestone_13.jpg,Limestone,128.48388287401573,228.60939921879844,170.43854576771653,291.0388120776242,0.3323200680052115,0.23486214455439464,0.2995355709922708,0.2249728095095859,6.7482775590551185,9.659061318122637,7.90458907480315,10.751503503007008,7.486129912265905,7.819188534503799,7.6170832453003445,7.8962145645047235,0.0013424196159915758,0.000848239652955219,0.0011102824329672096,0.0008284910239607819,0.03663904496560433,0.029124554124573633,0.03332090084267245,0.028783520006433923,0.9883478463270035,0.9792899638981679,0.9845376161567215,0.9736355271327457
Limestone_14.jpg,Limestone,464.7022637795276,857.233492466985,483.42605807086613,752.485212970426,0.2585339521935975,0.1809213171977797,0.26217694832992544,0.1873973425499344,13.047490157480315,18.669663339326682,13.363804133858267,17.681071362142724,7.7857080994539825,8.114925194653969,7.790861608622043,8.07814541312425,0.0007632421881054699,0.0004819549598179115,0.0007595147636584336,0.0005110349361377004,0.027626838185095846,0.021953472614097105,0.027559295412953388,0.022606081839578046,0.9573673793810794,0.9212529789838982,0.9555788938036934,0.9308712502434097
Limestone_15.jpg,Limestone,376.30025836614175,889.6636493272987,444.83427657480325,529.7816975633953,0.25246676900150805,0.15760672303683324,0.2368310351618816,0.18536563707190318,11.982837106299213,19.43424886849774,13.051058070866144,15.12722425444851,8.081452132417711,8.508945651447995,8.144618540293827,8.317385970433913,0.0005572915808917556,0.00031494594578252333,0.0005212377368114113,0.00039525127100350306,0.023607023973634535,0.01774671647890176,0.022830631546486208,0.0198809273174946,0.9653918547796675,0.9180542022860202,0.9591316472977095,0.9512009246440756
Limestone_16.jpg,Limestone,313.84621062992125,513.1632463264928,241.68454724409446,452.35507471014944,0.5261953456690708,0.2978227717448956,0.3283111690327002,0.2737818059496212,7.276205708661417,11.476098952197905,8.179749015748031,10.90464380928762,6.626591611902432,7.258618329597777,7.028962913922353,7.233299171787012,0.004656580541188426,0.001910475641894926,0.002067235274607268,0.0017899273197021191,0.06823914229522837,0.04370898811337236,0.045466859080073564,0.04230753265911544,0.9714102958007966,0.9533140261957097,0.9780496248639201,0.958847302468959
Limestone_17.jpg,Limestone,1403.3570374015749,1964.3490606981215,1064.1794414370079,2138.2549445098894,0.21037647411884608,0.15864488226202506,0.24609233194904215,0.1507614023622489,22.850762795275593,28.607849215698433,19.487758366141733,29.943083886167773,7.66323703865168,7.8845597968255445,7.505024417722299,7.920261917656616,0.0009231789703813783,0.0006751263425026695,0.0011712551501274877,0.0006485199900773663,0.030383860360088846,0.02598319346236466,0.034223605159706474,0.025466055644276096,0.8717069555115717,0.8203246647423975,0.9027908042232626,0.8044302507864491
Limestone_18.jpg,Limestone,363.9490649606299,530.8613057226113,277.076033464567,573.1011222022444,0.7589092518300095,0.6773919097597643,0.740103827762599,0.6825898924524992,3.4821604330708666,4.999441998883997,3.133981299212599,5.354082708165416,3.8723166628462256,4.113582669755513,3.8879402175317175,4.1124804718923205,0.2774487782251932,0.2702747199777987,0.27807773285224313,0.26913175389993915,0.5267340678418221,0.5198795244840854,0.5273307622851554,0.518779099328355,0.9819071710037852,0.973643655209775,0.9862258492325949,0.9715465214480707
Limestone_19.jpg,Limestone,286.79484498031496,532.6748093496187,304.5607775590551,489.1421042842086,0.2741393639292926,0.1963372345813223,0.2858815106649827,0.19870884831879015,9.769131397637796,13.767871535743073,9.750492125984252,13.389608779217559,7.988926739752831,8.293939682622636,7.9537817564130675,8.283271842530946,0.0006085370447108081,0.000404413481652309,0.0006451017540706957,0.0004085246560969904,0.024668543627681148,0.02011003435234035,0.025398853400708774,0.020211992877917567,0.9736535403029136,0.9508613907282809,0.9719063267037545,0.9548774676710258
Limestone_20.jpg,Limestone,366.3492864173228,550.235104470209,321.2087844488189,520.4358608717217,0.7444675206810439,0.7030798265688228,0.7499834250075592,0.7050173131995366,3.792322834645669,5.475230950461902,3.5132874015748032,5.369086738173476,3.44293002996027,3.6039606728785687,3.4239129612719927,3.6047595835546016,0.36353808089696255,0.3559407399055358,0.36444488568908784,0.35667399737056277,0.6029411919059458,0.5966076934682756,0.6036927079972789,0.5972218996073091,0.9822879430217921,0.9734756584414097,0.9844703715743626,0.9749121449704817
Limestone_21.jpg,Limestone,505.357468011811,830.6801413602828,424.14505413385825,758.8121396242793,0.24189049489204878,0.17304998340703315,0.26885766308656245,0.18098940059411023,13.748585137795274,18.260772521545043,11.965182086614174,17.530969061938123,7.814440249172214,8.094411857847955,7.686053589385654,8.053749721222655,0.0007009166240012168,0.0004806729806900001,0.000837516323470147,0.0004998180992703979,0.02647483000892011,0.021924255533312873,0.02893987428221047,0.022356611981031425,0.953075911821717,0.922748012661297,0.960649799566987,0.9294382761490608
Limestone_22.jpg,Limestone,268.2312992125984,395.62979725959457,200.06594488188978,343.66079732159466,0.5255913498364073,0.48749630386156284,0.5623375417154727,0.4952503838717844,6.686884842519685,8.902783805567612,5.363312007874016,8.010726021452044,5.34531552047784,5.537318575593842,5.212068631098726,5.472588288726502,0.12605980705125477,0.12306965608413208,0.12743099973504635,0.12284249399548464,0.35504902063131333,0.3508128505116825,0.35697478865467,0.35048893562491334,0.9839370526876727,0.976257617300834,0.9879889411732075,0.9793763399066426
Limestone_23.jpg,Limestone,568.2818036417323,993.0926901853804,519.8396284448819,841.1606423212847,0.25323438733793696,0.17318467684984323,0.24067145085704847,0.18428139990222997,13.062684547244096,18.713249426498855,12.80677903543307,17.08711017422035,7.961216758197667,8.308745387254099,7.966149651565937,8.23671134210793,0.0006363886629140446,0.0004038926175688547,0.0006021493366228921,0.0004285346781369985,0.02522674499244888,0.020097079826901586,0.024538731357242004,0.020701079153923316,0.9475981195713871,0.9081934988053963,0.9519821857654919,0.9222291813635651
Limestone_24.jpg,Limestone,290.0679133858267,299.61063922127846,149.5095349409449,404.3418066836134,0.805029503676348,0.7838775198086757,0.8228710463460036,0.7744241213674155,3.8086860236220477,4.228284456568913,2.7624876968503935,5.138136276272553,3.5629374128927527,3.6383719855849037,3.4850957047572977,3.6856807622651693,0.12842087878999975,0.12496453655564636,0.12900153205091566,0.12446655205171034,0.3583585896696209,0.35350323415160767,0.3591678327062651,0.35279817467173824,0.9770100572434409,0.9762959225438251,0.988149312033595,0.9680106608488047
Limestone_25.jpg,Limestone,305.4955093503937,459.3638167276334,267.5676673228346,495.47839295678597,0.4317256728220773,0.3687954970724068,0.44135312924054526,0.36240427266202535,8.266916830708661,11.176700353400705,7.955339566929134,11.627565255130511,6.329168536300969,6.582187465903646,6.306029273543132,6.608864054654978,0.05050922748329871,0.04626174290478656,0.05010837798775207,0.04661135225922259,0.2247425804855384,0.2150854316423745,0.22384900711808411,0.21589662401071164,0.9774686151045824,0.965840230400812,0.9802503969497399,0.9631546344565157
Limestone_26.jpg,Limestone,988.6946358267717,1450.5929691859387,765.5281742125985,1538.0627441254878,0.18925868166652515,0.1393580657301861,0.2191622932591598,0.13658171647653444,19.60027066929134,24.720565441130887,16.84498031496063,25.646723293446584,8.703565189927858,8.934469195379853,8.57621796509375,8.949393313983634,0.0003020481504830197,0.00021359463637769119,0.0003675278346650443,0.00020826298705111507,0.017379532516239315,0.014614877227595557,0.01917101548340735,0.01443131965729798,0.9088138254179199,0.866078517304409,0.9295410002065825,0.8579967350416037
Limestone_27.jpg,Limestone,568.6660310039372,679.4569409138819,493.017716535433,1046.753611507223,0.26693386004452413,0.21559175047166307,0.2682303928864076,0.18121002300879274,11.591473917322837,13.427552855105711,10.648991141732283,17.25754851509703,7.782093941892612,7.95991261876577,7.732166838593743,8.165995131061017,0.0007860740819137891,0.0006340069100251041,0.0008181564214690929,0.0004892720430862152,0.028037012713800113,0.02517949383973205,0.02860343373563903,0.022119494639033125,0.9477671468957672,0.9375650659970052,0.9546773440436448,0.9038170940378987
Limestone_28.jpg,Limestone,587.4638902559057,917.8237336474674,534.8372293307087,893.2192324384649,0.44622306914323107,0.38545056306006525,0.45124598480674943,0.38099353922981183,13.025036909448822,17.45966891933784,12.333169291338585,17.323392646785294,6.0762754792484195,6.318644759124474,6.03585410452666,6.32090123716079,0.055905370660839,0.05197076883086743,0.05600459961906253,0.0526828707572723,0.23644316581546398,0.22797098243168457,0.23665290959348573,0.22952749455625637,0.9574318296464887,0.9330855867788873,0.9612359326927565,0.9348793906440976
Limestone_29.jpg,Limestone,1077.6259227362207,1607.0119660239322,810.0835383858268,1567.8837497674997,0.24110003018010637,0.1792347089366302,0.2701374880020203,0.17205992512798463,18.361035925196852,23.922623845247692,15.485728346456696,23.50133300266601,7.98392247548043,8.247785630344701,7.832497762787631,8.24615848702847,0.0008646565144692791,0.000590994299974836,0.001003863518957507,0.0005726987087925445,0.02940504233068334,0.024310374328151262,0.03168380531056058,0.02393112426929718,0.9019545895844043,0.853626956922843,0.92620722036123,0.8571712612984118
Limestone_30.jpg,Limestone,440.68682332677173,790.1433442866887,365.7947834645669,584.5653791307583,0.2919867355624421,0.20963468120528972,0.30401062088350966,0.22941566821560305,10.955647145669294,16.003844007688016,10.18331692913386,13.446524893049787,7.500605631833228,7.8602384391025435,7.443764935080822,7.712386162458311,0.0012612052811996253,0.0008391793087138781,0.0013368019900102304,0.0009623011992009477,0.035513452116059135,0.02896859176269841,0.03656230285430925,0.03102097998453543,0.9599168771744254,0.9283264937558527,0.966858807356878,0.9469786253689418
Limestone_31.jpg,Limestone,611.8563607283464,919.8994357988717,321.43411663385837,711.9524459048919,0.22146977776440213,0.16062820394059343,0.28107026133033974,0.1779555913472906,14.980868602362206,19.433318866637734,10.837536909448822,16.926219852439708,8.042472098485,8.310436355223949,7.7643239209021555,8.185809580359795,0.0005434887578759532,0.00037316163664505395,0.0007619915142174037,0.0004267318349256328,0.023312845340626127,0.01931739207670264,0.027604193779522047,0.020657488591927935,0.9433279095600856,0.9147847349857023,0.9702951621846346,0.9340476326466931
Limestone_32.jpg,Limestone,655.2173966535432,1377.486018972038,869.0839074803149,1227.7207514415027,0.2670547952544674,0.16054355903929654,0.252443889096303,0.1730260257153191,15.692913385826774,24.15227230454461,17.32849409448819,22.524273048546092,7.59898670866997,8.039535330272365,7.684422084183294,7.976284691452035,0.0009563511558663742,0.0005218885135519668,0.0009071037429184234,0.0005673113212430155,0.030924927742298353,0.022844879372672704,0.030118163007036524,0.02381829803413786,0.9398893899679818,0.8737441622149438,0.9202506128883524,0.8874638407249795
Limestone_33.jpg,Limestone,502.0542568897639,763.7689875379751,513.9542322834646,977.5820571641144,0.22714450769626832,0.16825799249200865,0.23337259858550827,0.1503025587428218,14.167691929133861,18.356500713001424,14.282480314960631,20.83421166842334,8.43465865128895,8.68261379390942,8.42624048271194,8.781034099679339,0.0003901610586424299,0.0002703880415510847,0.0003998050598640261,0.0002411158644624934,0.01975249499790925,0.016443480214087428,0.019995125902680034,0.015527905990908543,0.953665695137607,0.9296033190079662,0.95268881039303,0.9098986356638652
Limestone_34.jpg,Limestone,173.8646653543307,318.98952197904396,171.8860728346457,315.05263810527623,0.6220606877412062,0.44569826348494335,0.5064699135546816,0.4438166254893767,3.7955216535433074,6.816913633827268,4.6327509842519685,6.731353462706926,5.828907491947311,6.334808066522303,6.093985896501627,6.335798029949084,0.07345116167283117,0.06671057467603185,0.07232777270730324,0.0668417632327856,0.2710187478253694,0.2582839032460828,0.2689382321413288,0.25853774044186584,0.9881548190286309,0.9781109859543706,0.9882896180484115,0.9783811343463126
Limestone_35.jpg,Limestone,166.30394931102362,283.87661975323954,196.10556102362207,320.8010416020832,0.5968987508580305,0.4922979934524725,0.5964924080363659,0.49703564078839124,5.630597933070866,7.924483848967698,5.703740157480317,8.018352036704075,4.907232788464376,5.168442059614352,4.8914331008819705,5.152147912867651,0.018090176622247774,0.014071339259300751,0.017804133691763483,0.014412301501148356,0.13449972721997533,0.11862267599114745,0.13343213140680726,0.12005124531277614,0.9854412138309098,0.9751781473846453,0.982761905518679,0.9719488978124594
Limestone_36.jpg,Limestone,325.7432332677165,642.3302126604253,390.582062007874,596.3560047120096,0.6100698837335929,0.5091874311603329,0.5587352028057844,0.5115231929198885,5.9110482283464565,11.224130448260897,8.458784448818896,10.803273606547217,5.172193919167454,5.591246767350798,5.398474771067373,5.57775334009717,0.18152311084895603,0.17429778805245497,0.18295983997973853,0.17517690860293375,0.42605529083553934,0.41748986580808756,0.4277380506568693,0.418541406079415,0.9822653776567822,0.9649803804189263,0.9787353207793211,0.9674868782313619
Limestone_37.jpg,Limestone,875.0516732283467,1214.5868311736622,390.7402805118111,954.5446710893423,0.22117514288226559,0.1663803426362946,0.29606813997031756,0.18010882601810904,16.81606791338583,20.981523963047923,10.961491141732285,18.44224688449377,8.28077876731776,8.506150339069936,7.920899989662803,8.409859075377344,0.0005362798811535125,0.0003735421941672824,0.0007907343085193986,0.0004126262205032315,0.02315771752901206,0.019327239693429643,0.028119998373388976,0.020313203107910665,0.9194640318891305,0.888098947493677,0.9640471625738042,0.9120493721488245
Limestone_38.jpg,Limestone,639.3627583661417,1013.0352160704322,384.4997539370079,743.1741583483167,0.2551355661409043,0.18992708102690187,0.3073812383653488,0.2051732890082739,14.329539862204724,18.651435302870606,10.709399606299211,16.329344658689315,7.257152668822233,7.51214804040016,7.012974727192428,7.401598971513275,0.0015096617717649497,0.0011138591934323182,0.0020018785765110593,0.0012269001535957069,0.03885436618663274,0.033374529111769025,0.04474235774421213,0.035027134533040336,0.9420525588309008,0.9082248031823725,0.965194244421182,0.9326694291580566
Limestone_39.jpg,Limestone,100.10716043307086,200.0828941657883,161.90403543307087,271.8121396242792,0.5965292239464766,0.33294254992600414,0.31348494523701254,0.25910724613056246,3.568651574803149,6.299150598301196,5.662278543307087,7.546283092566184,6.416012811270163,7.027887182307613,6.95321997645679,7.162127191597919,0.0032775583739644044,0.001530046894181456,0.0015550985081462351,0.0013066135004487747,0.057249963964743286,0.039115813863212105,0.039434737328226686,0.036147109157563,0.9907909772931327,0.9815193454189678,0.9850743151187765,0.9748953372996655
Limestone_40.jpg,Limestone,481.4138164370079,807.1746543493085,388.29287647637796,627.1794903589807,0.4443285010851431,0.3885551671067412,0.47314861310740053,0.40545639772390846,10.997477854330707,15.421662843325684,9.541769192913385,13.368218736437473,5.825386843006107,6.091463130246071,5.7211576639876744,6.0066577885966765,0.07513567370884741,0.07012973025264047,0.07518826066704865,0.07016257544202112,0.27410887199951667,0.26482018475305175,0.2742047787093592,0.2648821916286958,0.9672118438020405,0.94466147124278,0.9735489204681552,0.9570016351775222
Limestone_41.jpg,Limestone,468.9983390748032,1080.5683551367104,550.5725270669291,651.1599603199205,0.2520072877037106,0.16934665315979278,0.24059871920585313,0.20949053521716354,11.6261687992126,19.22580445160891,12.963767224409448,14.62812325624651,7.733556763233588,8.174306471268185,7.8174801348807605,7.9500898081555675,0.000857485479619397,0.0005038024212076697,0.0007565271478199207,0.0006443992055942446,0.029282852996581413,0.022445543459842305,0.027505038589682448,0.02538501931443513,0.9565298777772666,0.8998254076069263,0.9490233606864356,0.9396405769784857
Limestone_42.jpg,Limestone,720.599532480315,968.8365056730115,358.1480684055118,908.5354330708662,0.21764792309799683,0.1653671033231114,0.2846037513548676,0.16960271254923956,15.17667322834646,18.556761113522228,10.12260088582677,17.771839543679086,8.600206618992202,8.798527179601654,8.267766750102709,8.762768612013602,0.0003504252003621196,0.00025258832835230307,0.000499739769010788,0.00026158716834762705,0.018719647442249535,0.015893027664743528,0.022354860075849012,0.01617365661647443,0.9334290191711614,0.9105363970748639,0.9669870387145513,0.9161098917547945
Limestone_43.jpg,Limestone,452.0088582677165,741.1505363010726,432.0844611220473,772.730919461839,0.4838889735435599,0.4013185434904578,0.4801411184008882,0.4059221027290759,8.934547244094489,12.89757579515159,8.772453248031496,12.876991753983507,6.078998433649073,6.402006862016558,6.08177538344639,6.387695993129475,0.05962710179814892,0.054421255596804705,0.05990094829310752,0.05390039151335046,0.24418661265136735,0.233283637653404,0.24474670231303938,0.23216457850703767,0.9680385436563401,0.9473409759831096,0.9694934089123376,0.9450971778963876
Limestone_44.jpg,Limestone,184.8636811023622,453.37795275590554,284.4436515748032,390.3163866327733,0.497768954190652,0.3040026152266936,0.40639086634192373,0.36335310458997394,5.229945866141732,9.401512803025605,6.62376968503937,8.261330522661046,6.274215867399344,6.813188840425426,6.508771076669246,6.696161132897331,0.003569710874773312,0.002099766491057565,0.002985964040775738,0.0024370980603824932,0.05974705745702722,0.04582320908729075,0.05464397533832745,0.04936697337676772,0.9832061275884997,0.9582747024614744,0.9737813644397062,0.9640798923477034
Limestone_45.jpg,Limestone,577.9584153543308,802.713063426127,383.38576525590554,861.701407402815,0.22726050804509496,0.16909297326381437,0.2712851378632005,0.16286273145280056,14.582062007874018,18.063426126852256,11.467704232283467,18.639345278690556,8.142791475855072,8.365712241969348,7.934553044819693,8.384127024319124,0.0005873739774823301,0.0004325439861742146,0.0007759627335660925,0.0004039810299225038,0.02423579950161187,0.020797691847275136,0.02785610765283069,0.02009927933838683,0.9471996737259893,0.9264170751242675,0.9648243713928445,0.921005409905685
Limestone_46.jpg,Limestone,348.3519931102363,585.7112034224069,376.48031496063004,572.6033852067704,0.4983409476307717,0.41344452284448074,0.49879635892924823,0.4137630859378607,9.818405511811026,13.89534379068758,9.94525098425197,13.72955545911092,5.525357157109791,5.815149779062175,5.513925700991873,5.810074429777587,0.04925703802823622,0.04284508593817238,0.04908170338801617,0.04280897333572211,0.2219392665308152,0.20699054552846702,0.22154390848772207,0.20690329464685214,0.959016930926288,0.9308078951045545,0.9556247426298862,0.9323525643219083
Limestone_47.jpg,Limestone,344.7966904527559,539.47969495939,289.4894808070867,503.54541509083026,0.4340402242753396,0.38797298934378827,0.485256590551836,0.3911889860185835,9.848363681102363,12.711265422530845,7.994894192913387,12.358608717217436,6.06890692505435,6.273106821413369,5.883044183131362,6.268184995415371,0.06636140738101791,0.06107753724590468,0.0670105052368308,0.06238464662433695,0.2576070794466214,0.24713870042125066,0.2588638739508292,0.24976918669911416,0.9759294539420706,0.962071053332762,0.9797986748617528,0.9645955686658363
Limestone_48.jpg,Limestone,533.0613927165355,806.4371628743258,298.13619586614175,610.1090582181164,0.24414712663181087,0.18808030469952866,0.2976236865137495,0.19499477009712463,12.605068897637796,16.196974393948786,9.286540354330711,14.413850827701655,8.38147164026094,8.60907680087904,8.138391969811124,8.541204058130283,0.0004484716000682003,0.0003303027872098277,0.0005935270659603821,0.0003470127220495001,0.02117714806266888,0.018174234157450148,0.024362410922574598,0.018628277484767617,0.9507654503201559,0.9255783165178273,0.9725627855419353,0.94369297790505
Limestone_49.jpg,Limestone,304.4392224409449,440.16392832785664,158.97096456692913,345.38161076322154,0.7967481825022764,0.7236686057086357,0.763946415419751,0.7399478171431959,3.8764763779527565,5.75224750449501,3.437869094488189,4.9574059148118295,3.271758478371767,3.4696190672275824,3.3002772857891736,3.408693695279708,0.3233188627021785,0.31699957447903,0.32329818590301246,0.31756029331390295,0.5686113459140422,0.5630271525237748,0.5685931637849795,0.5635248826040452,0.9760477647070313,0.9654681760008864,0.9874734288247629,0.9729037383887184
Limestone_50.jpg,Limestone,316.2126599409449,822.5830491660984,737.327632874016,1010.1392522785047,0.2901446975708144,0.17585465990101928,0.21615761133039696,0.1606621502770677,10.569943405511811,18.184512369024738,16.42052165354331,20.163184326368654,7.754361793386865,8.254869713908915,8.130200130454318,8.34359789379737,0.0009185679382100952,0.000471747176986821,0.0005919736570918456,0.00044023778294937087,0.03030788574298932,0.021719741641806446,0.024330508771742643,0.02098184412651497,0.971172451571136,0.9250707142385705,0.9327817307735055,0.9079819578923846
Limestone_51.jpg,Limestone,434.39327017716533,740.4424948849897,416.5262672244094,671.0902721805444,0.34214435799061155,0.2850577515005677,0.3545535411897727,0.2770273090335184,10.804072342519685,14.74679149358299,10.59996309055118,14.49457498914998,7.816777462650942,8.07097239817291,7.792429812407951,8.07332946467169,0.0026864437273796424,0.0024005722262793027,0.0026575192920893654,0.0021287176928622567,0.05183091478432194,0.04899563476759233,0.051551132791524235,0.04613802870585453,0.9597134100758367,0.931324249161117,0.961411048569032,0.9377611547537801
Limestone_52.jpg,Limestone,556.591658464567,1036.1719263438529,471.22342519685037,722.9005518011036,0.22977007232870644,0.1533490379339091,0.2453650910918222,0.17443037925023736,14.552657480314961,21.031992063984127,13.385580708661415,17.575609151218302,8.046641514696868,8.392534080704667,7.976797466431335,8.26095126322052,0.0005627786524127737,0.00034317062868114204,0.0006085029870255053,0.00040621440285598664,0.023722956232577204,0.01852486514609869,0.02466785331206397,0.020154761294939382,0.9485755354387468,0.9043186356841205,0.9566875385575628,0.9332509802065401
Limestone_53.jpg,Limestone,275.15458907480314,844.017174034348,680.4102485236222,783.3022506045013,0.37486074768751465,0.2291252870331632,0.2881664317295604,0.22821889536692933,7.441375492125983,14.942711885423773,12.888102854330707,14.479136958273918,7.6387939250178,8.267499684830023,8.084253325556721,8.256288170880008,0.000990100429907891,0.0004983035572122356,0.0006487761998961498,0.0004907788971136254,0.03146586134063219,0.022322713930260262,0.02547108556571843,0.022153530127580694,0.9747421584366043,0.9222581943973823,0.9373904264801721,0.927845148378041
Limestone_54.jpg,Limestone,465.39812992125985,701.2996465992933,433.3665108267716,608.2705685411372,0.7558047699217495,0.7218934955983707,0.7596636065306386,0.7226344169285882,4.436884842519685,6.285820571641144,3.969365157480315,5.646475292950587,3.167425656710261,3.295056439929854,3.103858912280267,3.274529434058441,0.4199383645959675,0.4117069607441961,0.4202054317194572,0.41353155147255166,0.6480265153494628,0.64164395169299,0.6482325444772556,0.6430641892319551,0.9773543736598236,0.9660044848348885,0.9789129877376398,0.9705140713565105
Limestone_55.jpg,Limestone,822.6819635826772,1107.8394196788395,582.761749507874,1283.7259594519192,0.23519592854169524,0.1911178443684696,0.26407688746184804,0.17171444093059549,16.315575787401574,19.794655589311184,13.517901082677167,21.513547027094056,7.925563431056776,8.127177726156344,7.767901743637739,8.196381706416425,0.0007810827389232904,0.0006176160284616434,0.0009351559230462211,0.0005512856211402795,0.027947857501484624,0.02485188178914513,0.030580319210992895,0.023479472335218257,0.9249091550561637,0.8990491475092368,0.9469422888569988,0.8830205936487323
Limestone_56.jpg,Limestone,165.19303641732287,436.56153512307026,322.36491141732284,394.2831545663091,0.48238598537856797,0.30676930277658165,0.3717287735857678,0.3204165523103402,6.185531496062993,11.041664083328167,8.878567913385826,10.575547151094302,5.75564775537028,6.270143670102661,6.065483105158955,6.21790633669184,0.006427553687626909,0.0037053848055244006,0.004592981598072571,0.003885109822423749,0.08017202559263992,0.06087187203893438,0.06777153973514673,0.0623306491416843,0.9848718074639521,0.9599441240648808,0.9705272974913904,0.9638207145373585
Limestone_57.jpg,Limestone,556.591658464567,1036.1719263438529,471.22342519685037,722.9005518011036,0.22977007232870644,0.1533490379339091,0.2453650910918222,0.17443037925023736,14.552657480314961,21.031992063984127,13.385580708661415,17.575609151218302,8.046641514696868,8.392534080704667,7.976797466431335,8.26095126322052,0.0005627786524127737,0.00034317062868114204,0.0006085029870255053,0.00040621440285598664,0.023722956232577204,0.01852486514609869,0.02466785331206397,0.020154761294939382,0.9485755354387468,0.9043186356841205,0.9566875385575628,0.9332509802065401
Limestone_58.jpg,Limestone,422.3840428149606,769.8606237212473,363.6679379921261,576.7844875689752,0.24820535659121162,0.16998657968427375,0.25159841878418054,0.18534715499362847,11.446419783464567,16.60809721619443,10.934670275590552,14.383594767189535,8.495308021942495,8.826546038038712,8.473784987081611,8.733664552647776,0.0003881024607752341,0.0002511160704632773,0.0003958392316198696,0.00027142784771030514,0.019700316260792213,0.015846642245702314,0.019895708874525422,0.016475067456927305,0.9609108519316878,0.9287084699085836,0.9663974127652682,0.9465875016888466
Limestone_59.jpg,Limestone,280.87684547244095,422.65000930001867,171.43257874015748,364.34075268150536,0.29785788165395,0.2183655385037088,0.3391075009068255,0.2425230739832298,9.370201771653544,12.268336536673075,7.382258858267717,11.356190712381427,7.532373481893611,7.79861567846623,7.3560122823184075,7.731109264017178,0.001599941127128348,0.0011192408149587828,0.0017768462050595977,0.001258740132955497,0.039999264082334667,0.03345505664258817,0.04215265359451997,0.0354787278937041,0.9737220271207555,0.9604822432928701,0.9839154659399,0.9659315102663626
Limestone_60.jpg,Limestone,556.591658464567,1036.1719263438529,471.22342519685037,722.9005518011036,0.22977007232870644,0.1533490379339091,0.2453650910918222,0.17443037925023736,14.552657480314961,21.031992063984127,13.385580708661415,17.575609151218302,8.046641514696868,8.392534080704667,7.976797466431335,8.26095126322052,0.0005627786524127737,0.00034317062868114204,0.0006085029870255053,0.00040621440285598664,0.023722956232577204,0.01852486514609869,0.02466785331206397,0.020154761294939382,0.9485755354387468,0.9043186356841205,0.9566875385575628,0.9332509802065401
Limestone_61.jpg,Limestone,276.11995570866145,464.93049786099573,306.5557332677165,470.6953933907868,0.6968803425605226,0.6467322071681283,0.6913906866909,0.6455552698867031,4.0264517716535435,6.191828383656768,4.29109251968504,6.196168392336785,3.9119475351368687,4.107710270826922,3.926524464055226,4.106300389587885,0.30585885543108976,0.2980258970623962,0.30523809167735527,0.29769152538491084,0.5530450754062365,0.5459174819168151,0.5524835668844417,0.5456111485159654,0.9864410945251906,0.9772125180983213,0.9849465418047385,0.9769299652153537
Limestone_62.jpg,Limestone,429.5244217519685,719.6177072354146,408.53340305118115,715.0050220100441,0.41333882891953116,0.19508044044795547,0.2622718231863412,0.19625922143595786,9.69408218503937,14.759749519499039,10.665784940944881,14.528861057722118,6.973063787508583,7.520273642366696,7.233763604798174,7.502703652029709,0.002045251038744265,0.001045147418585494,0.0014745899242775047,0.0010428909815597548,0.04522445177936671,0.03232873982365372,0.03840038963705322,0.03229382265325297,0.9610294913561622,0.9344809818177218,0.9627221914005226,0.9349021010155295
Limestone_63.jpg,Limestone,372.84055118110234,505.3512307024614,360.9785925196851,636.7261454522909,0.6694348475804389,0.6166657772021252,0.647393208688445,0.6023319109004066,4.224040354330708,5.7732035464070925,4.463213582677165,6.5881331762663535,4.382397535577157,4.592392166661733,4.463778013244286,4.654284564202984,0.20205847223217882,0.1956600962616024,0.20225295675200727,0.19518063414575593,0.4495091458826826,0.44233482370439975,0.44972542373320107,0.4417925238681116,0.9801367498437401,0.9730575769036558,0.9807687010933788,0.9660534215313302
Limestone_64.jpg,Limestone,1340.8439345472439,1942.5436170872345,777.5492125984252,1636.0404860809722,0.1907237340370539,0.12938909029028284,0.2482835119597311,0.15227022274583404,22.36890994094488,28.51906503813008,16.25627460629921,25.561349122698246,8.416753328882193,8.66826646628147,8.126460597279426,8.565399256614405,0.0004030518925295663,0.0002674819659267938,0.0005862425054928235,0.0003151054724206293,0.020076152333790613,0.01635487590679898,0.02421244526050237,0.017751210449449054,0.8767993169151618,0.8214208531584622,0.9286376991153336,0.8496054783912549
Limestone_65.jpg,Limestone,289.66787647637796,471.11501023002046,330.05155019685037,571.4738049476099,0.2674730487974122,0.2013481173693552,0.271239906336134,0.18689588048633718,9.811454232283463,12.95256990513981,10.06163877952756,14.396366792733588,7.979660067548004,8.246616448755589,7.980340638710027,8.322968547348564,0.0006191214164654892,0.00043021066884095456,0.0006280956165427956,0.00039138226952751263,0.02488215055949725,0.020741520408131958,0.02506183585739073,0.01978338367235273,0.9733442023254824,0.9566213307671301,0.9696592107625622,0.9473781810057272
Limestone_66.jpg,Limestone,837.5222071850394,1314.3669167338335,645.8478100393702,1137.178560357121,0.22819346008830393,0.16741833454494476,0.2643587765130938,0.1779220093499319,18.28303395669291,24.272552545105093,15.743602362204728,22.315270630541264,7.834590997319743,8.11284537601692,7.685595885423819,8.034476484623474,0.0007225470383557955,0.0004869733218913397,0.0008801433008139457,0.0005240796023163129,0.026880235087435443,0.022067472032186643,0.0296672091847876,0.02289278494015774,0.922912260163821,0.8789678777381101,0.940471798123775,0.8952821759354787
Limestone_67.jpg,Limestone,266.6702755905512,312.8491536983073,133.08052411417324,386.9042718085436,0.32117336874396507,0.27654736396533364,0.39643157151479924,0.2692633017965872,9.050812007874018,10.365676731353462,6.265932578740159,11.368280736561474,7.732501708672308,7.86467468051374,7.430897097276095,7.935589022032164,0.0042817946353666154,0.0038980122600334463,0.004840278235243973,0.0038701892767416257,0.06543542339869603,0.06243406329907934,0.06957210817018536,0.06221084533055009,0.9773093174642077,0.9733396165146152,0.9886945106024753,0.9670317139633315
Limestone_68.jpg,Limestone,310.65182086614175,490.1626883253767,324.3433809055118,528.5163370326741,0.5995559860258639,0.5356125888356236,0.5906858031910632,0.5452471299890742,5.643577755905512,8.14520429040858,5.933686023622047,8.038192076384155,4.902306063209676,5.153609727591686,4.947283930372848,5.144696632365427,0.16347599638558652,0.1570301692280488,0.16375494585705969,0.15763164807996186,0.40432164966222933,0.39627032342587654,0.4046664624812139,0.3970285230055416,0.9825404845661097,0.9723932305920069,0.9817709799704017,0.9702330899671974
Limestone_69.jpg,Limestone,257.0102116141732,399.04687209374424,113.01070374015748,259.1157542315085,0.39700954320062537,0.27519806305906364,0.37110424450465773,0.2985611641805131,6.143454724409448,9.451484902969806,5.259227362204724,7.056854113708228,7.6169326831205275,8.069400743532007,7.6544435520194,7.8825321094264815,0.0012590066684039618,0.0007545091040333981,0.0009649715344352564,0.0007469690678732837,0.0354824839660918,0.027468329108873698,0.03106399096116364,0.0273307348579083,0.9764348570079425,0.9633549579836965,0.989603200576225,0.9762049113134006
Limestone_70.jpg,Limestone,590.8326771653544,914.0461280922561,550.4337475393702,1034.3416826833652,0.2381489917393006,0.18034787043898903,0.2469985640666865,0.17603967624068703,13.433932086614174,17.674623349246694,12.694943405511815,18.511439022878044,8.415502184079996,8.676721609942337,8.370486920785222,8.70295711086714,0.00040928634103361966,0.0002891583686323178,0.00042995178763795044,0.0002770151240593881,0.02023082650396715,0.017004657263006442,0.0207352788174635,0.016643771329220673,0.9455181091147693,0.9158042882584723,0.9492602137119782,0.9047279933354644
Limestone_71.jpg,Limestone,1242.0209153543306,1824.6513733027468,1172.253690944882,1916.260648521297,0.5425602176600302,0.4770534703169089,0.5499573117276897,0.4857634392143454,13.948326771653543,18.821749643499288,13.367002952755907,19.189534379068757,4.715398730058327,4.96031628584926,4.682700311753948,4.95074054655846,0.10827005705525083,0.10110248821154845,0.10930261228198238,0.10097243556133836,0.32904415669519316,0.31796617463426585,0.330609455826633,0.3177616017729933,0.9052194697238946,0.8613445946189531,0.9105435141451054,0.85438319838845
Limestone_72.jpg,Limestone,487.88982529527567,742.9083638167276,454.765501968504,839.6679273358546,0.2699219351980079,0.210716984425988,0.28792202169532394,0.19116483921673746,13.0347563976378,16.46717093434187,12.226008858267717,18.239072478144955,7.66463546149507,7.89068646017779,7.60263453622206,7.990827302541035,0.0008547268071098645,0.0006207143048547366,0.0009262801118375673,0.0005436475625880758,0.02923571116134965,0.02491413865367889,0.03043485028446119,0.02331625104059561,0.9551424360244817,0.9314713985170823,0.9581264844199902,0.9225443586641559
Limestone_73.jpg,Limestone,502.32037401574803,588.6842953685907,252.06569881889763,737.7676235352471,0.21372438633276045,0.18818559589404613,0.28365214893674295,0.16012935329069009,13.695866141732282,15.120404240808483,9.399114173228346,17.533139066278135,8.294886874537697,8.397397234050977,7.969449524952312,8.52594880271945,0.000429507145635385,0.000372831051322714,0.0006324947342277497,0.0003110615682450288,0.020724554172174246,0.019308833504971604,0.0251494479905176,0.017636937609603,0.9536979690822244,0.9457491814586263,0.9767815082095203,0.9320178647424334
Limestone_74.jpg,Limestone,526.265625,986.484716969434,617.5102116141732,895.9005518011036,0.34298418164138217,0.247707832343868,0.31508151555285596,0.2521161728643657,12.383489173228346,18.10416020832042,13.340305118110237,17.23677847355695,7.574477534736637,7.944252526209699,7.675201371490688,7.922791776911044,0.001166664930986112,0.0007478397373559581,0.0009883502433020491,0.000745919651675623,0.034156477145427515,0.027346658614096863,0.03143803815924348,0.027311529647305054,0.9514216848329724,0.9083357701770591,0.9426893079932407,0.9167611805648692
Limestone_75.jpg,Limestone,463.42974901574814,859.9269638539279,551.2824187992126,874.6364932729866,0.2410606503675653,0.1647023579019846,0.23282887437295174,0.16708183623835857,12.525713582677167,18.15884431768864,13.514579232283463,17.899063798127596,8.326599556777397,8.664555378138427,8.366353104587821,8.64899297684801,0.0004333651245427493,0.000275329523316992,0.00041942796287936326,0.0002780049580187201,0.020817423580807237,0.01659305647905147,0.02047994049989802,0.016673480680971207,0.9571997555259135,0.9206419798088058,0.9491500551703964,0.9192799245043528
Limestone_76.jpg,Limestone,292.97108759842524,748.7758075516152,545.2519069881889,689.9810279620559,0.4396551994191811,0.23107567911565768,0.27616634269373475,0.2530674521894986,7.467765748031496,12.806063612127225,10.429564468503937,12.648893297786596,7.237828062059794,7.750157097430938,7.550097413572944,7.74207077395467,0.0020264493043634525,0.0009305803843178151,0.0011331162188691565,0.0009812925571663035,0.04501610050152559,0.030505415655549015,0.033661791676456505,0.031325589494314444,0.9730314128651025,0.9309597561446378,0.9496840816676639,0.9363811194904329
Limestone_77.jpg,Limestone,454.77245324803147,749.4509269018538,660.1077140748033,1125.8240436480874,0.26924598808102396,0.20643190418453686,0.28933652924471487,0.1860718526142106,12.043737696850394,16.03248806497613,13.719426673228348,19.8986917973836,7.4527953579040815,7.718587524834932,7.4984088650494805,7.896393815153336,0.0010361975069653265,0.000756081306322201,0.0010952194755952014,0.0006269012476024828,0.03219002185406724,0.027496932671158086,0.03309410031403182,0.02503799607801077,0.9579488560644797,0.9303556853865856,0.9387521543259623,0.8953716502666009
Limestone_78.jpg,Limestone,331.939591535433,554.4770289540579,405.12032480314963,569.4504309008619,0.80898487059006,0.7666056235390539,0.7910208682220913,0.7693370945047313,2.9772391732283463,4.774381548763097,3.603592519685039,4.755533511067022,2.73174775053992,2.89337065487162,2.7805377644932534,2.879914207326248,0.47242792727772953,0.46508837174162665,0.4710481066469945,0.4650062654952019,0.6873339270527314,0.6819738790757507,0.686329444688915,0.6819136789177952,0.9835329888542039,0.972613626205033,0.9799026055522215,0.9718740695394106
Limestone_79.jpg,Limestone,1238.1960506889766,1909.0825221650443,889.4650590551182,1665.6480872961747,0.2079333081030957,0.14529183957369562,0.24390896794051312,0.1539279002325446,22.625922736220478,29.468286936573875,18.45103346456693,27.27211854423709,7.787338344465666,8.051866099600742,7.6081415922487885,7.988265261737707,0.0007573861583270044,0.0005099105616402069,0.0009548072074659775,0.0005463902675588847,0.027520649671237858,0.022581199295879015,0.03089995481333229,0.02337499235419949,0.8860954267276276,0.824169793393571,0.9182452394198402,0.8465824488128175
Limestone_80.jpg,Limestone,1238.1960506889766,1909.0825221650443,889.4650590551182,1665.6480872961747,0.2079333081030957,0.14529183957369562,0.24390896794051312,0.1539279002325446,22.625922736220478,29.468286936573875,18.45103346456693,27.27211854423709,7.787338344465666,8.051866099600742,7.6081415922487885,7.988265261737707,0.0007573861583270044,0.0005099105616402069,0.0009548072074659775,0.0005463902675588847,0.027520649671237858,0.022581199295879015,0.03089995481333229,0.02337499235419949,0.8860954267276276,0.824169793393571,0.9182452394198402,0.8465824488128175
Limestone_81.jpg,Limestone,299.5474901574803,629.0987661975324,403.6019931102363,526.2845805691611,0.6811774861466655,0.6166338213174575,0.6900908866944374,0.6387094587904099,4.057209645669292,7.145142290284581,4.868848425196852,6.331700663401326,4.401171652154903,4.650121645110261,4.402340996663229,4.591121107806559,0.23985756076980905,0.22982695999492067,0.23766697234322207,0.23140266225972345,0.48975255054956995,0.47940271171002014,0.4875109971510613,0.48104330601279904,0.9847102402166681,0.967901274888976,0.9793990010749709,0.9731471988349827
Limestone_82.jpg,Limestone,552.1320127952756,1254.8727757455517,650.089751476378,789.1781263562527,0.24843422977375376,0.15545967308624525,0.23092309514323398,0.17648024113723404,14.370570866141733,22.93204786409573,15.559116633858268,18.19691239382479,7.75447648125405,8.182500767282272,7.83689583178025,8.016152530146131,0.000824366272755983,0.0004754681838708336,0.0007724377631372451,0.0005723642794548283,0.028711779338034468,0.02180523294695183,0.027792764582481626,0.023924135918666496,0.9494382648814402,0.8849884119758762,0.9405694611770947,0.9276676471617665
Limestone_83.jpg,Limestone,1238.1960506889766,1909.0825221650443,889.4650590551182,1665.6480872961747,0.2079333081030957,0.14529183957369562,0.24390896794051312,0.1539279002325446,22.625922736220478,29.468286936573875,18.45103346456693,27.27211854423709,7.787338344465666,8.051866099600742,7.6081415922487885,7.988265261737707,0.0007573861583270044,0.0005099105616402069,0.0009548072074659775,0.0005463902675588847,0.027520649671237858,0.022581199295879015,0.03089995481333229,0.02337499235419949,0.8860954267276276,0.824169793393571,0.9182452394198402,0.8465824488128175
Limestone_84.jpg,Limestone,218.59221210629923,501.55651311302626,313.2220718503938,451.22022444044893,0.4557075861517009,0.2808842902235094,0.3438258557786189,0.29577859186891753,6.59171998031496,12.63729927459855,9.639148622047244,11.75255750511501,6.381688395294844,7.005455982366623,6.76492266877351,6.942077742597792,0.018111445646719414,0.014840409493578613,0.018111271574105657,0.015385289063094706,0.13457877115919664,0.12182121938963923,0.13457812442631847,0.12403745024424964,0.9816089994255183,0.957339054434934,0.9736834400972842,0.9616205134826491
Limestone_85.jpg,Limestone,979.7552288385826,1739.1442122884248,1028.5929502952758,1617.5547151094304,0.23694126292012258,0.14977433986190983,0.2173190641572662,0.16204928224305118,18.1328125,26.08227416454833,18.81649852362205,24.960753921507845,7.852630613999563,8.221886674522363,7.8996115991207505,8.177332007300624,0.0007312431006697951,0.00042398912995482386,0.0006552414838228117,0.00045969234476754035,0.027041506997018402,0.02059099633225221,0.025597685126253343,0.021440437140308972,0.9100951139254505,0.8405042855424812,0.9056129915889632,0.8516671625659079
Limestone_86.jpg,Limestone,364.77928149606294,493.8568417136835,272.1950664370079,462.2975385950772,0.5959243048042766,0.5807697861978494,0.6485415857559644,0.5652204034917946,5.954109251968504,7.36232872465745,4.469057578740157,7.41465682931366,4.857866738881783,4.972987193650731,4.711257980591462,4.988165697150007,0.2150210921515593,0.21036398554910074,0.2160596869411512,0.21121088171868205,0.46370366846894717,0.45865453835005354,0.4648222100342788,0.4595768507210541,0.9809200834644702,0.9741621602227059,0.985764915831771,0.9758130359525249
Limestone_87.jpg,Limestone,1112.7582431102362,1995.6665633331268,1214.1087598425197,1888.7746295492593,0.5345881852749491,0.4310079937920166,0.49709576683126455,0.46402278868127983,13.156496062992126,20.026784053568107,14.250246062992126,19.1497302994606,5.486862490683988,5.860210277199392,5.560718791403541,5.783180355190218,0.09816602732570699,0.08674289777124411,0.09755350553181573,0.08721127374674617,0.31331458205086304,0.29452147251303107,0.31233556558902437,0.2953155494496458,0.9314441418673629,0.8766722482259717,0.9252818894797438,0.8832779318198906
Limestone_88.jpg,Limestone,760.2488312007874,1438.483600967202,991.3319389763781,1514.5720131440264,0.2509783438961284,0.16459375666531328,0.21884146239114266,0.1611956717017652,16.450110728346456,24.13503627007254,19.14776082677166,24.92194184388369,7.383355271698134,7.7606585060716355,7.532078492488717,7.788066387922992,0.0011648920392567349,0.0007048232832903139,0.0009723696205204913,0.0006900353561386644,0.03413051478159588,0.02654850811797744,0.0311828417646707,0.026268524057104243,0.9304433100128494,0.8682129307518264,0.9091685645449189,0.8612385538170483
Limestone_89.jpg,Limestone,146.22976131889766,202.56370512741023,98.73911171259844,220.25370450740905,0.6047657698070676,0.5213818793458311,0.5990811574777687,0.4967336096734324,3.936823326771654,5.122450244900489,3.205647145669292,5.310558621117242,5.530697332224452,5.779444098352444,5.494620046272667,5.800099694247264,0.015217509255819295,0.01376806951022296,0.01650477055836925,0.0133230170980151,0.12335926903082434,0.1173374173493816,0.12847089381789653,0.1154253745846861,0.9875608486158605,0.9827870679772347,0.9915506228051489,0.9812838298572795
Limestone_90.jpg,Limestone,349.01297982283467,607.0909541819084,321.89831446850394,549.5579391158783,0.2544040852345734,0.18118590140387053,0.2739910370679562,0.20367734521292144,11.069328248031496,15.311922623845248,10.165784940944881,14.031496062992126,7.573293059032272,7.8876322587671055,7.487676112706476,7.791425158400706,0.0008637483095278692,0.0005824874939476459,0.0009731132133162705,0.0006549279637092352,0.02938959525968109,0.024134777685896464,0.031194762594324556,0.025591560400046637,0.9677191460642656,0.9436888856042608,0.9701516770339412,0.9490255845276052
Limestone_91.jpg,Limestone,340.35063976377955,632.0338520677042,262.43387057086613,356.6675553351107,0.25913650074754235,0.18935890859106388,0.28490911388713924,0.19997531571746885,9.954724409448819,14.292764585529174,9.024052657480315,11.752929505859012,7.923889638904836,8.238607865789804,7.818436171153412,8.119168152985154,0.0006211081147748233,0.0004120995903967132,0.0006989034363810916,0.00046049766598882196,0.02492204074258012,0.020300236215293487,0.026436781883979216,0.021459209351437483,0.9687178121353561,0.9419595733266276,0.9758908442284845,0.9672470867069889
Limestone_92.jpg,Limestone,376.0670521653543,587.0934341868684,323.80142716535437,501.21173042346084,0.6982336663934938,0.6554288562719762,0.7046488362710008,0.6625532442720172,4.995447834645669,7.18234236468473,4.527682086614173,6.587885175770353,3.8936172144149603,4.058269194562853,3.8699665366811655,4.041991026559236,0.33637655843426933,0.32887705151689056,0.33759269593734503,0.33072573076760026,0.5799797914016224,0.5734780305442315,0.581027276414236,0.5750875853012307,0.9817662878097868,0.9716050636389989,0.984300400697912,0.9757587560002732
Limestone_93.jpg,Limestone,562.0176550196852,756.0814681629364,456.7300688976379,949.2391344782691,0.2332359026475074,0.18451430344510125,0.2630821655729849,0.1640986130866114,14.067851870078742,17.309690619381243,12.4777312992126,19.230330460660923,7.829169915231365,8.035388008164222,7.7159502005693525,8.131599074526017,0.000702000793650025,0.0005226323305272315,0.0008127147601951456,0.0004631538806136699,0.026495297576174248,0.0228611533070235,0.028508152521605913,0.02152101021359522,0.9482672463722043,0.9305373893252844,0.9580403741313693,0.9127977365362765
Limestone_94.jpg,Limestone,655.5433070866143,842.3572447144895,470.8276943897638,1067.0306280612563,0.2640901559033025,0.19658156980941904,0.30317624893783346,0.19866578565527304,13.554256889763781,16.635377270754542,11.145484744094489,18.300638601277203,7.65545232750452,7.895903009932029,7.487552714965761,7.943222318129463,0.0010176909391904725,0.0007123152692582277,0.001244074265492281,0.0007306877407480403,0.03190126861412368,0.026689235081924466,0.035271436963813664,0.0270312363895557,0.9404138901468975,0.9233316166258635,0.9571251710349524,0.9028803235156837
Limestone_95.jpg,Limestone,512.9515871062993,836.8622977245955,479.2386811023622,817.965341930684,0.3106127440158921,0.220460115524237,0.32320219983341103,0.26206491205120835,11.61595718503937,15.698183396366794,10.483021653543307,15.199144398288796,7.389571584824733,7.720051548018205,7.319109156547347,7.630294830368053,0.0010817572294324275,0.0007242989871930517,0.0012111896782387316,0.0008205608202399987,0.032890077978509374,0.026912803406428168,0.034802150482961994,0.028645432798964632,0.9528145197034521,0.9228437173682416,0.9556600147365809,0.9245863474711484
Limestone_96.jpg,Limestone,365.8134842519685,529.4100068200137,347.3195127952756,545.6411432822866,0.7407574047401816,0.7078899978078739,0.7424775257986888,0.7071554394721075,4.1326279527559056,5.677847355694713,4.005044291338582,5.775931551863104,3.3370916862170965,3.486872952099568,3.3342407974472463,3.4783550604796094,0.38806533979034746,0.3819404990164683,0.3883771454676699,0.3813377151213352,0.6229489062438006,0.6180133485746633,0.6231991218444309,0.6175254773054591,0.9822991155797743,0.9744674996466447,0.983193996893117,0.9736847008855339
Limestone_97.jpg,Limestone,263.9204601377953,547.9588939177879,368.00196850393706,474.3609027218055,0.6698517269075663,0.6027683230103097,0.6729688604729929,0.6230788768936304,3.9494955708661426,6.885671771343542,4.776820866141733,6.16473432946866,4.5386976325668345,4.801806791792882,4.552856906292722,4.739121922898033,0.21643018536281222,0.20719176183221857,0.21364250327377615,0.2082930049671867,0.4652205771059705,0.4551832178719011,0.462214780457934,0.45639128493781156,0.9861997924313849,0.9713394036818992,0.9807453826554191,0.9751888937420197
Sandstone_1.jpg,Sandstone,174.29570620078744,330.7868435736872,164.9216904527559,255.3761547523095,0.3687507598878493,0.26404361188859843,0.34076202772422787,0.2787897297713954,6.667507381889765,10.11724223448447,6.9315329724409445,8.927025854051708,7.665259587285696,8.043151888334918,7.754439276444461,7.9772890617769425,0.0014251533019667606,0.0009652860771404473,0.0011948098237016787,0.0009919808419193998,0.03775120265589906,0.03106905336730502,0.034566021230417576,0.03149572735974516,0.9839978863441915,0.9696239449276659,0.9848479888822377,0.9765506601891607
Sandstone_2.jpg,Sandstone,244.5583784448819,281.33089466178933,119.25381397637794,360.59799119598244,0.40481789493481923,0.3499232146455079,0.4419810277820503,0.3222377386315075,6.824126476377953,7.959451918903838,5.202878937007874,9.223448446896894,7.202263002882186,7.385251441480445,7.071556855271637,7.5005476632745705,0.003560835063564658,0.003119799035183662,0.004770696492076579,0.0031081881867403146,0.05967273299895571,0.05585516122243012,0.06907022869570202,0.05575112722394333,0.9766559452784466,0.9731353458979392,0.988640818255341,0.9655662890584669
Sandstone_3.jpg,Sandstone,88.3894562007874,118.30014260028521,53.42685777559055,128.01643003286006,0.47936455262002137,0.3481892350892314,0.39891743750867537,0.31577742733452463,4.33101624015748,5.676793353586708,3.9937869094488185,6.147126294252589,7.188721315941249,7.570504009815118,7.352859129027855,7.653875865433196,0.0019086872890542656,0.0012101498565945858,0.0013323725988272288,0.0010248106552385218,0.0436885258283484,0.03478720823225954,0.03650167939735415,0.03201266398221994,0.9918889072043819,0.9890901031634737,0.9950639388544709,0.9881937887083145
Sandstone_4.jpg,Sandstone,97.70294045275591,201.12654225308452,147.2039247047244,222.81089962179922,0.373215188929767,0.2209152685355446,0.28156240076736605,0.2134188417054103,5.4486343503937,8.701221402442805,7.060100885826772,9.179428358856716,7.664113988631199,8.143321582200173,7.930896092813082,8.183640175879338,0.0008516653996198618,0.00045840844363194096,0.0006223304072584708,0.00043990911963471874,0.029183306865738532,0.02141047509122441,0.02494655100927723,0.02097401057582261,0.99094904390806,0.9813378029460622,0.9863615808216636,0.9793268014668487
Sandstone_5.jpg,Sandstone,252.17531988188983,445.4263128526257,248.27491387795277,313.222952445905,0.48026661688314387,0.40104068999879416,0.4861693234993285,0.41515169046797307,6.857037401574804,9.688077376154753,6.602669783464567,8.916671833343669,5.934577364452025,6.223031722332883,5.904004212646495,6.184950142646787,0.055807142620144634,0.051477229930713825,0.055056668279840466,0.05188183176911957,0.23623535429766782,0.22688594035487045,0.23464157406529745,0.2277758366664901,0.9816950988883586,0.9674229966843642,0.9819524558412993,0.9770919120268956
Sandstone_6.jpg,Sandstone,194.83083169291342,418.4092008184017,292.07640255905517,409.49544299088603,0.4111759761916875,0.24447314117486346,0.3041979234738293,0.2562362989604855,6.464320866141733,10.98232996465993,8.67015255905512,10.488312976625954,7.67896691812741,8.218713945013658,8.003478498971822,8.176491467536461,0.0012990755351627893,0.0007863164092624917,0.000992580964654117,0.0007704406257594213,0.03604269045399898,0.028041333942280488,0.0315052529692132,0.02775681224059098,0.9820585205059394,0.961448264109336,0.9731060922031208,0.9622695665193388
Sandstone_7.jpg,Sandstone,229.66381643700788,371.5682311364623,185.95829232283467,364.7137454274909,0.3227913488653209,0.24660944807372295,0.3463140351861326,0.2642963700033003,8.146592027559056,11.161510323020646,7.271899606299214,10.690929381858764,7.607665381224278,7.909605704994944,7.514168963724277,7.841965339836825,0.0013386921915445392,0.0010877679390674053,0.001547516888979091,0.0010923019552034517,0.0365881427725505,0.03298132712713976,0.039338491188390674,0.0330499917579937,0.9786472209200463,0.9654367362816717,0.9826906030231803,0.9660746290257753
Sandstone_8.jpg,Sandstone,256.26451771653547,477.243908487817,384.6293061023623,629.9334118668238,0.3766842358094238,0.2678446364717825,0.3011850525914811,0.21431792967490737,7.143454724409451,10.486266972533947,9.304133858267718,13.259470518941038,7.437651123645358,7.808153654868224,7.69085613693138,8.02553337202708,0.0011643092744193304,0.0007324540658133335,0.0008610918100742456,0.0005787511110021291,0.03412197641431883,0.02706388859372085,0.029344365900019813,0.02405724653824974,0.9763133982133992,0.9557410651023277,0.9644512443687939,0.9415788014120255
Sandstone_9.jpg,Sandstone,2083.037770669291,3055.3213466426937,1931.5702509842517,3498.7159774319543,0.2365108111245441,0.1559739925789112,0.24150121345703543,0.1429629594445732,29.09670275590551,38.20348440696881,28.386811023622048,41.34416268832537,7.6442937744708255,7.93491512148765,7.6102142714424295,7.99906022507313,0.0011132132859968844,0.000652831053321602,0.001097365109769282,0.000598432469727485,0.03336485105611719,0.025550558767306872,0.03312650162285903,0.024462879424292736,0.8081533410591861,0.7180021113729571,0.8221523337523589,0.6770839419044665
Sandstone_10.jpg,Sandstone,302.0875984251969,683.8593837187675,547.3777682086613,803.1532643065287,0.2754520071626213,0.1694208592436474,0.211065684416666,0.163137316622244,9.587844488188978,15.926219852439708,13.667753444881889,17.072044144088288,7.905281043528829,8.373362863262741,8.214298827993055,8.426658529384893,0.0006763440040551958,0.0003720584042321287,0.0004685410371797306,0.0003501129204502814,0.026006614621191967,0.019288815521750647,0.021645808767050738,0.01871130461646866,0.9720325748789025,0.936499149307305,0.949185381624357,0.9254210441598065
Sandstone_11.jpg,Sandstone,513.0503198818898,794.5656891313783,327.62881397637796,815.0363940727882,0.37768540619819874,0.3076223184336544,0.39025061980164566,0.29581818375043356,8.976500984251969,12.935581871163741,8.288877952755906,13.462830925661851,6.861058277817135,7.1968502669948125,6.84803129537914,7.2457136825503845,0.020829273531105655,0.016872156132557038,0.020729026626510286,0.01682864380050789,0.144323503044742,0.12989286405556325,0.14397578486158805,0.129725262769084,0.9573587459219145,0.9331194671477939,0.9727697207102713,0.931396397962868
Sandstone_12.jpg,Sandstone,105.56883612204723,122.41409882819765,77.22822342519684,192.78064356128715,0.4469389035812878,0.35651503555743913,0.40096850102627607,0.31914220679737115,4.511503444881889,5.293632587265175,4.203617125984252,6.96007192014384,7.283692615117237,7.515960099328644,7.344137518408815,7.716786538718038,0.004280998063949253,0.00392516446264215,0.004192697838520677,0.003814268463058596,0.06542933641684939,0.06265113297173604,0.06475104507666789,0.06175976411109903,0.9904149912492827,0.9889063947016148,0.9929934580309782,0.9825286193214982
Sandstone_13.jpg,Sandstone,133.1521284448819,274.5835451670903,131.88508858267716,173.58664517329035,0.39768390080667115,0.28508863285576047,0.36837136754929845,0.32546782706935207,5.7066313976377945,9.021018042036083,5.884965551181102,6.9282038564077135,7.478212440733595,7.8973162808312996,7.562930994951295,7.694188430627669,0.0017783144697148768,0.0012275305721173777,0.0016101905983108842,0.0015161181044663534,0.04217006603877775,0.03503613237955037,0.04012718029354772,0.03893736129306085,0.9878108290323181,0.9749029991795386,0.9879330690609877,0.9841350927021223
Sandstone_14.jpg,Sandstone,764.7523375984251,1451.1157542315082,1109.3660187007877,1826.218984437969,0.25092067882067853,0.1607743982762548,0.23846391589453086,0.14776124052887007,15.528420275590552,23.18569037138074,18.358144685039377,26.172112344224693,8.4486425757303,8.827154756933165,8.539772968277742,8.910308011965059,0.00043320051239711856,0.00024285143740477812,0.0003975118423869662,0.00022113851655318167,0.020813469494467243,0.015583691392118175,0.01993769902438509,0.01487072683338584,0.9294588589065388,0.8662371667225687,0.897863928292654,0.8316633242147474
Sandstone_15.jpg,Sandstone,829.0174089566931,1414.9115258230518,897.0614542322835,1487.195734391469,0.23947467563650954,0.14953070435474564,0.21995350788585638,0.14834962010188713,18.371493602362207,25.7242234484469,19.582738681102363,26.704941409882824,8.262411279766335,8.62462250214869,8.34064849152582,8.642454021950352,0.0005410138994106114,0.00030268930275600026,0.0004883134155916751,0.0002945534442125987,0.023259705488475373,0.017397968351390927,0.022097814724349445,0.017162559372442057,0.9239268522694212,0.8703745207731575,0.9178348259983065,0.8637556501043111
Sandstone_16.jpg,Sandstone,388.3480561023622,725.6479632959265,377.73449803149606,577.9630479260959,0.287442275069444,0.18652889681173768,0.26774518916592266,0.2064093662960743,10.5412155511811,15.745179490358979,10.639025590551181,14.056668113336228,8.137166731476578,8.545328189927503,8.19378791040181,8.458361946087486,0.0005896709791466457,0.00033814650058464963,0.000522777901024552,0.0003752566250249991,0.02428314187140218,0.018388760169860546,0.022864336881365094,0.01937154162747506,0.9641546421713267,0.9331046230290585,0.9653019347563131,0.9467150356265703
Sandstone_17.jpg,Sandstone,269.39253198818903,415.77617955235917,202.36325049212599,397.9307458614918,0.30891518483675373,0.23661757818726697,0.339273728107257,0.24608982344421826,8.857714074803152,12.007936015872033,8.003260334645669,11.352780705561411,8.091133813195512,8.37936712903758,8.001644030655047,8.33084582046472,0.0006337964946437708,0.0004553005572004076,0.0007278581451694154,0.00047113790054971764,0.025175315184596415,0.02133777301408016,0.02697884625348933,0.02170571124265956,0.9751155589334867,0.96157396848529,0.9812867635799838,0.963223348144536
Sandstone_18.jpg,Sandstone,50.432824803149614,187.8949717899436,147.13336614173227,148.88046376092754,0.6166766955833773,0.4573460918601837,0.4769588886606252,0.4530738443197901,2.273375984251969,4.7542935085870175,4.2143208661417315,4.565751131502263,6.323462167135785,6.768672074985728,6.721468130380197,6.824703675373128,0.005659711819911923,0.005029086876327389,0.0047794644539484385,0.004240425617685509,0.07523105621956881,0.0709160551379403,0.06913367091329983,0.06511855048820965,0.9954186025282296,0.9828684067430569,0.9865640781525604,0.9864252727826901
Sandstone_19.jpg,Sandstone,301.53801673228344,784.465992931986,554.5582554133857,705.9982019964041,0.2983583719140136,0.1676203918316601,0.2284225482846137,0.1726993131670716,9.879921259842519,18.122884245768493,14.6328125,17.041292082584167,7.929543014069976,8.509779922849122,8.279732821223146,8.459742070705074,0.0007000386925578539,0.00032187478349784656,0.00046064722256397637,0.0003414504318003614,0.026458244321153547,0.01794086908424022,0.02146269373969578,0.018478377412542515,0.9722000057404814,0.927696358790071,0.9489513370486872,0.934930891885521
Sandstone_20.jpg,Sandstone,737.9247047244094,2354.5403310806623,1998.5778174212599,2417.2275404550805,0.3092268763731981,0.16149467847599996,0.2245826309530882,0.16278323689824892,15.849532480314961,31.79434558869118,27.754367618110237,32.07805815611631,7.313733436145232,7.9845814253528316,7.786388631849108,7.981123636522703,0.0015386827038302514,0.0006575995543955872,0.0009263955295488715,0.0006600039860133038,0.039226046242646626,0.025643703991342342,0.0304367463692963,0.02569054273489184,0.9327323015598317,0.7848077208951248,0.8174890209005786,0.7790944310506575
Sandstone_21.jpg,Sandstone,341.1271530511811,280.19833839667683,142.64597687007875,538.9076818153637,0.3558654396273567,0.30920325354100775,0.43439663201504014,0.2886609176782252,8.338767224409448,8.427986855973712,5.069943405511813,11.040238080476161,7.666067516272637,7.7618300736315415,7.299660333611678,7.90015306505963,0.00215462161881355,0.0018802905111545236,0.0026334159113630736,0.00183846954587083,0.04641790192171066,0.04336231671802746,0.051316818991078095,0.042877378020009925,0.9683130924384318,0.9739344619673801,0.9867987224974171,0.9498711599043665
Sandstone_22.jpg,Sandstone,182.47514763779526,353.09740219480443,141.1857775590551,188.28352656705317,0.3254733672154293,0.23940946292098597,0.35637912621870516,0.28890618215489566,6.75246062992126,10.195920391840785,6.094611220472441,7.363568727137455,7.484342185267023,7.869679299097388,7.416090798782664,7.593395585274109,0.0009449229103536332,0.0006421177824685615,0.0010851951635543896,0.0008107701130772092,0.030739598409114475,0.02534004306366825,0.03294230052006674,0.028474025234890996,0.9830558608538696,0.9670498971836706,0.9868832701676601,0.982429665446652
Sandstone_23.jpg,Sandstone,142.3074557086614,306.4388368776738,219.03949311023624,284.9686899373799,0.5879325608370018,0.4848171018023041,0.5317763953927901,0.4856482456600908,4.068897637795276,7.507967015934033,5.764271653543307,6.978237956475914,5.122336210677359,5.520372835391424,5.3193777512787035,5.473198820886067,0.12539365197138597,0.11839110689195402,0.12280887989510356,0.11862668737427501,0.354109660940486,0.34408008790389777,0.350440979189226,0.34442225156669976,0.9914167935785729,0.9814448029871783,0.9867628875643707,0.9827448431858379
Sandstone_24.jpg,Sandstone,174.3189591535433,260.76867753735513,124.46124507874016,265.4564449128899,0.3124825964531353,0.23730021941048351,0.33986014785437946,0.23288139161506824,7.406926673228346,9.67722735445471,6.258858267716535,9.70742141484283,7.6179634147145885,7.883058252198201,7.485112317749563,7.893951965078937,0.00098953280181951,0.0007448202632780739,0.0011891430032860066,0.000744737616947489,0.03145684030254008,0.027291395407308763,0.0344839528373127,0.027289881219006596,0.9842243782904222,0.9763860074140468,0.9887351566022223,0.9759616678337092
Sandstone_25.jpg,Sandstone,449.011749507874,933.5225370450742,545.4156003937007,774.4017608035215,0.2373031142229389,0.15640369446947605,0.22221410438842673,0.17253407123003195,13.35574557086614,20.407774815549633,14.757012795275589,18.216876433752866,8.18626121694862,8.576661713746466,8.26550890594304,8.471978959261735,0.0005081766144977603,0.0002992104688406786,0.00045574480797399094,0.00033661850447267133,0.022542772999295368,0.017297701258857448,0.021348180437076855,0.018347166115579575,0.9585969966078244,0.9139816302851161,0.9497619492227561,0.9286493257095509
Sandstone_26.jpg,Sandstone,207.26648622047244,299.1607043214086,145.96352116141733,303.2380804761609,0.31164677258505835,0.2412419214152994,0.36199718630232536,0.2416176128376084,9.11392716535433,11.51026102052204,7.47114911417323,11.580693161386321,6.610383307411624,6.830077784975618,6.43900287576831,6.833401158507245,0.002113256667919586,0.0015877013587990844,0.002603125384473426,0.0015772879211453756,0.04597017150195968,0.03984597042109885,0.051020832847704735,0.03971508430238284,0.9809642164133504,0.9724295998545595,0.9866103815888634,0.9720546150275426
Sandstone_27.jpg,Sandstone,96.33698326771653,168.18283836567676,100.63029035433071,172.18438836877675,0.4017988203674182,0.3135172824619544,0.39372683005381515,0.29173225181781015,5.627583661417322,7.654473308946618,5.562007874015748,7.804451608903217,6.405060459432009,6.705145416426855,6.444756461282898,6.7419354870938335,0.002825014988408883,0.0021079907619546163,0.002935812207073633,0.002037639514549908,0.053150870062576426,0.0459128605289914,0.05418313581801659,0.04514022058596865,0.9909529381979186,0.9841242465828088,0.9905026616696438,0.9837468473271729
Sandstone_28.jpg,Sandstone,121.80419537401576,442.4026908053816,320.4939714566929,315.42308884617773,0.6363851443863342,0.4420876332532768,0.4634986873184499,0.40616892122053405,3.21339812992126,6.916299832599667,5.489542322834645,5.854609709219419,6.378328040171328,6.93658404801146,6.786416043837784,6.9081774805494485,0.004075511019674385,0.002883159526626574,0.003587589267463691,0.002789938309742079,0.06383972916354193,0.05369506054216323,0.059896487939308185,0.05281986661988156,0.9886147432382609,0.9586632312055291,0.9700347644679082,0.9705277490254729
Sandstone_29.jpg,Sandstone,282.8877337598425,392.6487072974145,189.04016978346456,411.4227788455577,0.4596867952661296,0.35445685468247695,0.4483550007510254,0.34370586835522277,7.059854822834646,9.377208754417506,6.472010334645669,9.915431830863662,6.151808233717936,6.427159318712587,6.129007696938412,6.495596094603508,0.006792863988560008,0.00497621436683756,0.00652588200928355,0.0047983210232649,0.08241883272990469,0.07054228779134938,0.08078293142294077,0.0692699142721059,0.9732839187888026,0.9630857294495354,0.9822480205606631,0.9613202090548653
Sandstone_30.jpg,Sandstone,219.1994340551181,435.1298282596565,324.80954724409446,495.25680451360904,0.35597992623802177,0.23813220473071128,0.30742129989842304,0.23673539222238077,8.056717519685039,11.055428110856223,8.817544291338582,12.61993923987848,7.443228136553181,7.769520692652371,7.541349885888626,7.8665723455960155,0.0010452965852220768,0.0006502094348351385,0.0009137885097059257,0.0006255270121055463,0.03233104676966208,0.025499204592205196,0.03022893497472125,0.025010538021113148,0.9797835290553966,0.9597550308040182,0.9700182129049973,0.9541920409708696
Sandstone_31.jpg,Sandstone,172.45669291338584,538.0787401574803,440.92458169291336,536.3189906379813,0.5213385504175321,0.26294932579105457,0.2986541662109309,0.25695644541989743,5.890501968503937,12.283216566433133,10.661294291338582,12.062806125612251,6.266794127523799,6.959913701181151,6.825595775627673,6.9348370953414715,0.005010492870106834,0.0022430906043534454,0.0024901825316345945,0.0022260443181683683,0.07078483502917016,0.047361277478056324,0.049901728743948284,0.047180974112118204,0.9843699739736975,0.951332961809992,0.9600715578174918,0.9514946962287568
Sandstone_32.jpg,Sandstone,399.0653912401575,914.5804451608903,407.6855930118111,452.486080972162,0.2531092774009589,0.16123603624088778,0.2571460666072608,0.2055967232308031,11.611281988188976,19.18916237832476,12.089013287401578,12.826089652179306,7.807029744676772,8.255990301543873,7.826390864964851,7.928848321200832,0.0006971002711536674,0.00039859940839603923,0.0006976887122719562,0.0005538572674268544,0.026402656516980774,0.019964954505233393,0.02641379776313804,0.023534172333584506,0.9631791194274736,0.915419451505545,0.9624342629992743,0.9581590684928689
Sandstone_33.jpg,Sandstone,184.9813607283465,349.6131812263625,225.46272145669292,361.1167462334925,0.3847324776056371,0.27865133225512073,0.33183520945184225,0.2837486199964038,6.616080216535434,10.299770599541201,8.082431102362204,10.328228656457313,7.3419521337109455,7.748525291804174,7.540580133861907,7.744652830678607,0.002017441046600844,0.0014353841715309447,0.0017759020503392568,0.0015145093840314783,0.044915933103975965,0.037886464225775206,0.04214145287409129,0.03891669801038467,0.9827287131584382,0.9673287614543921,0.9789372798183622,0.9662562712895815
Sandstone_34.jpg,Sandstone,331.128937007874,738.2739165478332,470.4444512795276,652.6134292268584,0.2751705991079407,0.17488986161304604,0.2512369554322367,0.17539137387680295,11.034694881889763,17.698183396366794,13.33064714566929,16.621117242234483,7.641861352468476,8.081204104240143,7.789493776006832,8.037145625958454,0.0009654199606250776,0.000566748172990425,0.0008582139356661526,0.0005617567190246291,0.031071207904184824,0.023806473342148454,0.02929528862575265,0.023701407532562894,0.9697389321967258,0.932580622239412,0.9569924571400867,0.9404049680138926
Sandstone_35.jpg,Sandstone,95.51236466535433,154.68479136958274,111.24341781496062,185.51875503751006,0.5018936137104391,0.3840051274561459,0.44330159078510434,0.39875752567180417,3.9942790354330713,6.090458180916363,4.756705216535433,6.190588381176763,6.866536987495709,7.259489671712317,7.0525965456169,7.234271195240655,0.0065875358801498855,0.005254726734885922,0.005483801983228966,0.005401097230367317,0.08116363643991,0.07248949396213165,0.07405269733932024,0.07349215761132147,0.9914103167243614,0.9860783530863115,0.9900048923182667,0.9833020524280845
Sandstone_36.jpg,Sandstone,694.9147391732283,1055.3287246574494,540.5963951771654,1016.9985119970238,0.3901704639262228,0.31446530143260837,0.4020432356660697,0.32107467232254244,15.23966535433071,20.361398722797446,13.40545029527559,19.791369582739165,6.11327371052581,6.393921007306902,6.03704309638784,6.372689041716827,0.03600050785306649,0.032134319461149315,0.035579766777209344,0.03228615230248006,0.1897379979157219,0.1792604793621542,0.1886259970873828,0.17968347810102092,0.9450852660923968,0.9157474145965048,0.9572151753721498,0.9188075222579869
Sandstone_37.jpg,Sandstone,738.3376599409448,1386.287742575485,1094.1334891732283,1760.0681381362765,0.24883940641298988,0.15921230119621024,0.19942894842013895,0.13532344725619383,16.97373277559055,25.009424018848037,21.681717519685037,28.88939177878356,7.486103949191541,7.874119901388296,7.722017742711838,8.002385906299967,0.0010681511841539306,0.000620162688648274,0.0007701577903155806,0.0005135508442013227,0.03268258227487435,0.02490306584837044,0.02775171688951119,0.02266166022605852,0.9321783971562102,0.872494025324845,0.8997632213347275,0.8381225282326511
Sandstone_38.jpg,Sandstone,143.89806840551182,353.28693657387316,280.60063976377955,359.0546841093683,0.4537680248350897,0.29984402361894635,0.34931730843596687,0.30334090496136645,5.7029404527559056,10.223634447268894,8.632135826771654,10.113150226300455,6.961399225709341,7.5069497971340455,7.34377914312874,7.497810709214558,0.0031830634339979616,0.0018514430977649855,0.0021512309870322867,0.0018637862311374695,0.0564186443828453,0.04302839873577665,0.04638136465254431,0.04317159055602966,0.9868697644071794,0.9677757958351878,0.9744487981345238,0.9672524565811643
Sandstone_39.jpg,Sandstone,128.76076525590554,246.74524149048298,121.61872539370079,175.7776055552111,0.4419750233332741,0.3410407012463681,0.4540837603363467,0.35941647607779764,6.364972933070867,9.15493830987662,6.160679133858268,8.058590117180234,5.6024160728316605,5.920459427566948,5.577675426198814,5.796763457651583,0.00612130319719624,0.0044536531505947885,0.006302170319184388,0.004763371235465889,0.07823875764093037,0.06673569622469513,0.07938620988045965,0.06901718072672838,0.9881973992910433,0.9773273911541182,0.988865351685183,0.9838478091869859
Sandstone_40.jpg,Sandstone,233.7570743110236,180.7701035402071,158.68430118110234,452.3411866823734,0.3582583851049337,0.36417187676710794,0.4211901195705223,0.2658275267865544,6.3515625,5.42730485460971,5.106914370078741,9.993241986483973,7.401606688261867,7.307492733468916,7.2022400731891025,7.803091575889879,0.0012389031736071284,0.0012622362649400108,0.001621295295813248,0.000865076440302301,0.03519805638962368,0.035527964548226106,0.04026531132144948,0.02941218183512235,0.9782923119534267,0.983183017223183,0.9853239591439815,0.9579188497085891
Sandstone_41.jpg,Sandstone,1308.2765748031497,2312.196478392957,1305.099778543307,1960.5433690867385,0.2336336896736852,0.14883341516572635,0.22915642993622826,0.1567451442952764,22.03617125984252,31.671089342178686,21.967765748031496,28.953189906379816,8.236578421771942,8.606517227289904,8.247339184778173,8.551169825568863,0.0005578611010737647,0.0003122070848270905,0.0005489588005543199,0.00032972810691110876,0.023619083408840502,0.01766938269513371,0.02342986983647839,0.01815841697150687,0.8790664456618378,0.785928182497194,0.8793815560744552,0.8184956627569635
Sandstone_42.jpg,Sandstone,506.6414247047244,681.6149792299585,297.7762672244095,759.0845681691362,0.3552966052517773,0.2741946901805322,0.3796635397928766,0.26295423203933843,10.273191437007874,13.461466922933848,8.95072588582677,14.424886849773696,6.633141225519241,6.913734033603205,6.551583136023808,6.9732497460321925,0.002666152915313643,0.0019019592258292955,0.0029204748961255736,0.0018034390337489205,0.051634803333736476,0.04361145750636288,0.05404141833932168,0.042466916932465446,0.9527824337108994,0.9364000705038329,0.9721918281941162,0.9291761240757106
Sandstone_43.jpg,Sandstone,299.669906496063,504.3152086304173,296.9378690944883,515.8684977369956,0.3753883155509942,0.27113149288462063,0.35769900060110316,0.26915699412982763,7.2080462598425195,10.512121024242049,7.352116141732284,10.105834211668425,7.015782040248521,7.374968155708419,7.034592101790206,7.332979586180399,0.0017752909040974333,0.0011415361041398505,0.0016262998834591423,0.0011795630262473869,0.04213420112091166,0.03378662611359486,0.04032740858844196,0.03434476708681232,0.9722159930109285,0.9533511350041741,0.9724998593916621,0.9522890951812151
Sandstone_44.jpg,Sandstone,270.19069881889766,416.49556699113396,252.48455954724412,403.39754479508963,0.5149983463965262,0.4766005272878989,0.554094024536122,0.47116565937217914,7.4890501968503935,9.477772955545912,6.416769192913385,9.949593899187798,5.341495318330497,5.478123970710797,5.198327716053694,5.53762500085227,0.12792272648754283,0.12149726928259116,0.12704928876654634,0.12424024525648403,0.3576628670795206,0.34856458409108515,0.35643974072281326,0.35247729750507906,0.9837645724951918,0.9749086286670874,0.9848097309707454,0.975697706306069
Sandstone_45.jpg,Sandstone,206.1355191929134,577.3354206708414,308.15305118110234,239.63010726021454,0.4629208927319305,0.3695544981226998,0.44792676989160984,0.3683410812533643,5.760273129921259,9.869117738235477,6.946481299212598,7.56761113522227,6.738016503739705,7.122391562365588,6.8448642826269115,7.041850735810252,0.003958447186913905,0.0032304067336140128,0.004045729465970651,0.0029776108284314037,0.06291619177059198,0.05683666715786573,0.06360604897311772,0.0545674887495421,0.981384255622221,0.9479337944319383,0.9721283848631448,0.9783885453068002
Sandstone_46.jpg,Sandstone,160.09178149606302,394.0486700973402,299.77768208661416,397.33213466426935,0.3748524269179818,0.23412125959877345,0.30476159120749097,0.26900910716109583,5.765625000000001,10.05263810527621,7.921136811023622,9.451670903341808,6.977846735527618,7.477164966635874,7.22661630986081,7.38564286730977,0.0016376278480096026,0.0009023806875191405,0.0012381557966240932,0.0010568562894209303,0.0404676148050463,0.030039651920738705,0.03518743805144235,0.032509326191432056,0.9852758669520907,0.9638098774406668,0.9725032345206629,0.9635082743648542
Sandstone_47.jpg,Sandstone,274.3709399606299,631.6886353772709,418.36269685039366,551.2747225494452,0.5281598495631952,0.4383553598571843,0.49103198621652794,0.4413222339372844,7.410310039370078,12.16206832413665,9.161786417322835,11.65701531403063,5.619491385268999,5.995401856394059,5.766051698151162,5.977021742652345,0.09998077027404052,0.09391653391776,0.09986016633410218,0.09429821389247839,0.31619735968859786,0.3064580459341213,0.3160065922320327,0.30708014245873727,0.9825449907517313,0.9596008477420772,0.9733844818124614,0.964743656597656
Sandstone_48.jpg,Sandstone,124.07837106299212,247.03180606361212,161.09688730314963,250.01277202554405,0.3108793690290955,0.19573978541034026,0.263904316632591,0.19679615359153654,6.902312992125983,10.528985057970116,8.083722933070867,10.580321160642324,7.862505604874171,8.284383252532365,8.030449816330322,8.279538011154273,0.0006822795017660348,0.00038312724650745353,0.0005451632607366779,0.000385666218663332,0.026120480504118502,0.019573636517199698,0.023348731458832574,0.019638386355893194,0.9884943743401401,0.9769281264312726,0.9849808074236329,0.9766510003078765
Sandstone_49.jpg,Sandstone,395.5030757874016,678.978237956476,405.0355561023623,702.2708785417572,0.37425939587453405,0.24011071835219794,0.3120424776431743,0.24823011868229874,9.066437007874018,12.962241924483848,9.360728346456693,13.378324756649516,8.00436818810402,8.39570140870086,8.118373152880276,8.412085709372683,0.0011370990759559645,0.0005375893943554271,0.0007014445181234114,0.0005715743342950509,0.03372089969078471,0.023185974086835925,0.02648479786827552,0.023907620841377146,0.9636930152330814,0.9380123995771128,0.9630887308047932,0.9358880055287572
Sandstone_50.jpg,Sandstone,287.53912401574803,503.9035898071796,282.5614542322835,443.1858143716288,0.3371977092219751,0.2264914014847607,0.33181393677490856,0.24870716813740773,10.857406496062993,15.557877115754234,10.818590059055119,14.351540703081408,6.115825966169451,6.449227986716883,6.119383033128778,6.379324171215919,0.0035795308407023064,0.0023085080580229978,0.0035675879457227663,0.0025520302761108966,0.05982918051170605,0.04804693598995671,0.059729288843269904,0.050517623421048784,0.9736038231400979,0.9534106501302696,0.9738277000823996,0.9590277945157103
Sandstone_51.jpg,Sandstone,145.25590551181102,190.5149110298221,101.12204724409452,203.5555831111662,0.5696961787411039,0.5442022049614719,0.5841592193122533,0.5016263816937487,5.005290354330708,6.066154132308265,4.370570866141733,6.6807613615227215,5.607340734950233,5.736037658350565,5.54766901922918,5.813209628353626,0.041540221203001,0.041704136046377356,0.044308380669984014,0.038486083978181956,0.20381418302709212,0.20421590546864207,0.21049555973935416,0.19617870419131114,0.9843218871693006,0.9793967524206505,0.989078126825265,0.977989239611828
Sandstone_52.jpg,Sandstone,220.06963582677164,450.3532147064294,475.11380413385825,774.9381858763718,0.2946498867597759,0.1919680346594817,0.20711369329217766,0.14637879170648455,9.0748031496063,13.885485770971542,13.871555118110237,18.52910905821812,7.387216727487772,7.784474719358679,7.7705087222580085,8.038292462292658,0.001073990185089745,0.0006257711070819254,0.0006806617617141485,0.0004764484077917254,0.03277178947036224,0.025015417387721624,0.02608949523686015,0.021827698178958892,0.9798329680370294,0.9586544458684345,0.9563518339490591,0.9288559484432518
Sandstone_53.jpg,Sandstone,183.9517716535433,366.1075082150164,201.1105437992126,294.486080972162,0.37189287969477475,0.25188637411731535,0.31691421623711413,0.24464848638241868,6.687007874015748,10.287928575857153,7.360420767716535,9.602455204910411,7.672970099970946,8.098442229066308,7.82143757469397,8.077489456697725,0.001044677870605741,0.0005894855239397378,0.0007769447301589915,0.0005832255448998467,0.03232147692488295,0.024279322971197895,0.027873728314651264,0.024150063041322414,0.9830589223443341,0.9661376147998673,0.981411371861267,0.9727604852575541
Sandstone_54.jpg,Sandstone,335.90680364173227,352.5939611879224,123.81397637795276,487.1197842395685,0.3433326624757954,0.2630046081924344,0.36368016739475906,0.2637729563310555,7.9037278543307075,9.103974207948417,5.549458661417322,10.81697563395127,7.454443034304676,7.660277074313516,7.257383022631675,7.782897544839141,0.0011291144408460691,0.0008279048116159349,0.0012451811402646243,0.0007536172924661555,0.03360229814828249,0.028773335079825817,0.035287124284427374,0.027452090857822752,0.9688357730841831,0.9671180037794063,0.988440306383433,0.9545700821960952
Sandstone_55.jpg,Sandstone,227.42907234251976,688.7151714303429,531.6280757874017,659.6170252340503,0.37200607861957646,0.2374457919214613,0.3005680665498496,0.23423188659367872,7.816621555118112,14.506231012462028,12.143946850393702,14.56041912083824,7.163779478294575,7.7462005901407975,7.542482607583759,7.7266632472995695,0.001522940484845814,0.0008426331565292557,0.0010974048437354693,0.0007921477805879535,0.039024870081088216,0.029028144214352656,0.03312710134822347,0.028145120013742232,0.9790595120138039,0.9367887307679313,0.9513603913361237,0.9394599618894687
Sandstone_56.jpg,Sandstone,204.63355068897636,330.49197098394194,209.71727362204732,385.3919027838056,0.3823290063243526,0.2870246827918114,0.37309781607270365,0.29371453186580077,6.476931594488189,9.261020522041044,6.96419783464567,9.86459172918346,7.361645949179435,7.704397780592448,7.429674572649784,7.722782689176824,0.0015597190007856578,0.0010545114400415418,0.0014506681845394944,0.0011141301965163298,0.03949327791897828,0.03247324190840117,0.03808763821162313,0.03337858889342583,0.9808821430474429,0.9690238380229559,0.9803537708366682,0.9638794743440707
Sandstone_57.jpg,Sandstone,151.58704478346456,179.2261144522289,47.77872785433071,178.04092008184017,0.2747322838446509,0.24483702558457637,0.4565912355721762,0.25496757589714014,7.926980807086615,8.804265608531217,3.9955093503937005,8.600657201314405,6.943829798105725,7.0487303346053185,6.3219614008357965,7.014882579722209,0.0017412294346073067,0.0015174250696942094,0.003130917333612011,0.0015358244492916539,0.04172804134640526,0.03895414059755663,0.05595460064741782,0.03918959618689192,0.9857402205507654,0.9831504606132977,0.9955423278260961,0.9832629371568113
Sandstone_58.jpg,Sandstone,615.9493110236222,727.4374728749458,120.74095718503936,667.4466488932978,0.2833937522875601,0.2173661771741592,0.37456614483274453,0.2220855636843634,10.439345472440948,12.846239692479386,5.519869586614173,12.059334118668238,7.721721648162726,7.982417510231895,7.334477185795022,7.919900006534716,0.0008032807813662505,0.0005777958731811816,0.0011385843694538952,0.0006101163544629775,0.02834220847722087,0.024037384907289346,0.0337429158410161,0.024700533485392123,0.9436868478652964,0.9335844343552598,0.988929578160732,0.939062156460543
Sandstone_59.jpg,Sandstone,107.81139271653544,164.05084010168022,84.98812746062993,177.85367970735945,0.42495547776397236,0.28302485551506573,0.3522673010782701,0.29853448662833476,4.377214566929133,6.9295058590117184,5.286847933070867,6.946989893979788,6.79719370013995,7.277995078036433,7.066543613359132,7.2681924451275215,0.0019786739402580366,0.0011690515662015886,0.0015275363802680732,0.001239168328668358,0.04448228793866202,0.0341913960844185,0.03908370990922015,0.03520182280320663,0.9900369980410115,0.9847886081762678,0.9921314586045252,0.9835069775291208
Sandstone_60.jpg,Sandstone,149.34454970472441,131.76935953871907,49.13078248031496,224.1483662967326,0.3157485661498425,0.3083100977701835,0.43662696732819545,0.2949286070052501,6.249077263779528,6.370760741521483,3.674581692913386,7.594209188418377,7.728649060501958,7.776665220364059,7.316843825437258,7.840541078357749,0.0013698114554432234,0.0015264431297664135,0.0018463919984480592,0.0010909969119832841,0.03701096398965073,0.039069721393508984,0.0429696636994992,0.033030242384567574,0.9860971678957378,0.9877192865015132,0.9954221609881639,0.9791101039127117
Sandstone_61.jpg,Sandstone,105.84202755905511,171.746357492715,148.4373154527559,264.6092752185504,0.5172527091700057,0.3899257086638348,0.43453491458599314,0.3618404009039637,4.313853346456693,6.395002790005581,5.414431594488188,7.6379812759625505,7.002999538538275,7.384687268193786,7.228879998839178,7.489763502753859,0.00667522306724301,0.004511174996681942,0.004759126339541742,0.004401828135294932,0.08170203832979328,0.06716528118516249,0.06898642141423007,0.0663462744643204,0.9905629050261584,0.9845942653387081,0.9866808144276189,0.9762648857406176
Sandstone_62.jpg,Sandstone,334.4733636811024,425.45514291028576,214.77688238188983,529.5094550189101,0.2559830140981779,0.20501754683516807,0.304388981409685,0.19528800979625177,10.726070374015748,12.622481244962488,8.371862696850396,14.060388120776242,8.2136566963659,8.385106395602314,8.000469054164276,8.459327554558111,0.0005181914660704321,0.00041063502053843945,0.0006636007534710385,0.0003745493261958066,0.02276381923295017,0.020264131378828935,0.025760449403514653,0.019353276885215244,0.9691892663254478,0.9608449782784347,0.9802494056415471,0.9512637442529112
Sandstone_63.jpg,Sandstone,213.05437992125985,302.6603013206026,195.3369217519685,381.81288362576726,0.30871172990216167,0.23031872052134958,0.31639510911132634,0.21999248537871902,9.43331692913386,12.02008804017608,9.064037893700789,13.30969061938124,6.693438065709255,6.923401578597422,6.652195324456011,7.017136803455445,0.0019906565692037635,0.0014145688282696548,0.0020740676246977494,0.0013306001563953033,0.044616774527118874,0.037610754157151045,0.04554193259730805,0.036477392401257296,0.9804304062257629,0.9721295300168828,0.9819494585833249,0.9648384175841609
Sandstone_64.jpg,Sandstone,297.59670275590554,622.2145204290409,474.03586368110246,690.0892801785604,0.3506955684850185,0.19337518815823468,0.24300168022880977,0.18193906060730106,9.091535433070867,14.180916361832727,11.78893946850394,15.072726145452291,8.185818183201139,8.6529314654062,8.46051927705349,8.692309063444815,0.0006665940455904349,0.00030939903159488884,0.00040669606485697364,0.00029564706658708373,0.02581848263532222,0.01758974222650488,0.020166706842143903,0.01719439055584942,0.9725473885892955,0.9422350153811295,0.9559353042868386,0.9359386925003375
Sandstone_65.jpg,Sandstone,139.64874507874015,331.36443672887344,226.93220964566927,270.1799863599727,0.6380458149968109,0.3875355024655802,0.3964876133264335,0.3585154899134674,4.068897637795275,7.433876867753737,6.012672244094488,6.955483910967821,6.431643587812516,7.042373616305287,6.912560620527458,7.038559859389899,0.0046816545659458505,0.00256516143263547,0.002519326449785712,0.00225797078787412,0.06842261735673263,0.05064742276400123,0.050192892422988654,0.04751811010419206,0.9869758144691451,0.9689002607437849,0.9786834946293523,0.9746415008669251
Sandstone_66.jpg,Sandstone,283.77928149606294,435.6908053816108,457.4228592519685,819.4784549569099,0.33049314347193126,0.2370670537400068,0.2709763220369841,0.19610249669739885,9.277559055118111,12.612003224006449,12.256274606299211,17.264306528613055,7.428938072156782,7.755376879283228,7.682027147307122,8.00671643810935,0.0011776485344962878,0.0007508169272647058,0.0008680603909059381,0.0005867735710919373,0.034316884102381554,0.027401038799007345,0.029462864607942285,0.02422340956785269,0.9739298518231392,0.9600134131527617,0.9581347137612745,0.9247894065062526
Sandstone_67.jpg,Sandstone,276.4204601377953,399.756339512679,212.87684547244098,441.11414222828444,0.27416575712862334,0.1992027838777579,0.29206313996988775,0.1999573016518739,9.948388287401578,12.973277946555893,8.929379921259844,13.146754293508588,7.563704024088419,7.8379754174661045,7.474526196562376,7.833031821752736,0.0009112512121508622,0.000621087174346213,0.0009814781592453812,0.0006229323017267151,0.03018693777366068,0.024921620620381273,0.031328551821707004,0.02495861177483065,0.9742968811479876,0.9626929181880731,0.9801780090302891,0.9588359081269241
Sandstone_68.jpg,Sandstone,186.97293307086613,483.9192758385517,284.75307578740154,324.07874015748035,0.3263213934605945,0.1939175690893657,0.2900779989987964,0.23391951984590714,8.136318897637794,14.15996031992064,10.059670275590552,11.376898753797509,6.870286936322657,7.372521788808486,7.01988698570282,7.171738818778756,0.0018526207706712288,0.0009812060668203425,0.0014952761839117428,0.0012121525886055057,0.043042081393343756,0.031324208957615236,0.03866880116982867,0.03481598179867266,0.9827552457954345,0.9553643310985453,0.9737393905387137,0.9701083372743048
Sandstone_69.jpg,Sandstone,130.9045275590551,198.5984251968504,143.52239173228344,201.3497426994854,0.8724601449575102,0.8321842257932286,0.8662886903680871,0.8476798430437942,2.263656496062992,3.3710707421414843,2.3693405511811023,3.152706305412611,2.887214375748611,3.0218238370370574,2.901316213866527,2.9749945313672015,0.1895970773753071,0.1856828140465135,0.18981446947268898,0.18506834242262943,0.43542746511365943,0.43090928749159435,0.43567702426532545,0.43019570246880595,0.9910829457111696,0.9865019226890398,0.9902307102910128,0.9863150586254672
Sandstone_70.jpg,Sandstone,221.5538877952756,306.11135222270445,233.25553641732284,404.41961683923375,0.7439864220324255,0.6985332491913071,0.7327042855553988,0.7186538849523457,4.48720472440945,6.081220162440326,4.711737204724409,6.273544547089095,3.194033499505128,3.335538205902213,3.2203597432372835,3.313304951204742,0.41485747827452696,0.3977117541314256,0.41452375458461854,0.41429640289995434,0.6440943085251778,0.6306439202366305,0.6438351920985824,0.6436586074154174,0.9799557614925304,0.9724500911812042,0.9788975224375736,0.9636015893250913
Sandstone_71.jpg,Sandstone,428.35359251968504,851.5162750325501,535.6679995078739,729.0009300018601,0.30669125413018505,0.21702597086442868,0.31531895482678723,0.23978776490963694,11.22748523622047,16.680017360034718,11.433132381889763,14.968689937379875,6.4205365482489185,6.7565672997483714,6.366746705669096,6.672512406362793,0.002923386828218969,0.0019376989587880844,0.0029348831891023155,0.0021362077568224825,0.05406835329672034,0.04401930211609544,0.05417456219576043,0.04621912760776086,0.9599143988085956,0.9199479069913341,0.9497120952610031,0.9314639523839419
Sandstone_72.jpg,Sandstone,217.63391978346462,358.58714117428235,235.1179256889764,419.88653977307956,0.32049915749476443,0.23882437415782704,0.3030976274578381,0.22922044489306687,8.227177657480317,11.135346270692544,8.681779035433074,12.364436728873457,8.019903653725066,8.317066277633362,8.093243875211513,8.397482589675938,0.0006936320635336585,0.0004559444297758954,0.0005968382298092723,0.00043673204092641683,0.026336895480174927,0.021352855307332913,0.024430272814876062,0.02089813486716977,0.979801729888652,0.9666503500525558,0.9781764534365953,0.9609449296381101
Sandstone_73.jpg,Sandstone,254.46019931102362,553.262012524025,353.9829601377952,462.5617831235663,0.39750028741384424,0.2549834773686568,0.3474785987322334,0.2895753960982982,9.362266240157481,15.346580693161382,11.385150098425196,13.361460722921446,5.946785428967843,6.416727823887941,6.128470358369308,6.2809749107450985,0.005768830751528691,0.0033783244452842663,0.004446255413506921,0.0037872258148881105,0.07595281924674482,0.05812335542003977,0.06668024755133203,0.061540440483377354,0.9771230648631591,0.949995678434106,0.9680561047669152,0.9581939042723463
Sandstone_74.jpg,Sandstone,49.60119340551181,146.3722487444975,140.62770669291342,193.8488436976874,0.516904523856034,0.34104750572041975,0.3938258921041187,0.3390476833756711,3.101685531496063,5.730423460846922,5.342765748031497,6.64517329034658,6.966200166077938,7.555528137780366,7.446105064103972,7.637190878990768,0.0019583452863194788,0.0010098881875487107,0.001247493278677964,0.0010579403017569751,0.04425319521028373,0.03177873797916951,0.03531987087572609,0.03252599424701688,0.9954398754420278,0.9865052328629075,0.9870247502152184,0.982127196765355
Sandstone_75.jpg,Sandstone,271.22108759842524,483.5961311922624,343.56323818897647,499.82354764709527,0.5806391714708844,0.49377340614754067,0.5334023125823957,0.47939391704236256,6.371432086614174,9.75956351912704,7.750615157480317,10.225308450616902,5.032257531600342,5.342920441394322,5.193772907831663,5.403767322534715,0.11812462559251295,0.11184148513749317,0.11724903277687418,0.11215375180455858,0.34369263243851034,0.3344270998850021,0.34241646101914286,0.33489364252633785,0.9833796408932021,0.9702623094395233,0.9789249245638558,0.969264439816497
Sandstone_76.jpg,Sandstone,270.5851377952756,535.0337280674562,296.4683193897638,429.0370140740282,0.3963517488784537,0.19521113527751796,0.24959164579297055,0.2033170025844494,8.547121062992128,13.128712257424516,9.329170767716535,11.991443982887967,7.566568073581308,8.076422988240601,7.785771268025821,8.024459207134381,0.0011637832723907639,0.0005249156756606029,0.0007225394699812837,0.0005573764635036245,0.034114267871240674,0.02291103829294087,0.026880094307522133,0.023608821730523203,0.9751375371914386,0.9505183435675822,0.9726083227266556,0.9603215452191726
Sandstone_77.jpg,Sandstone,179.46795029527559,333.17794035588076,196.52749753937007,348.8861057722116,0.3271027671817772,0.2089009508331653,0.28988818106384884,0.22052784108703533,6.565268208661418,10.548143096286193,7.852915846456693,10.54671709343419,8.145922631870572,8.612417521322696,8.335367225586058,8.577816830566297,0.0005597153528291432,0.0003257245648969567,0.000475555028258494,0.00034923071892147873,0.023658304098754485,0.01804784100375878,0.021807224221768666,0.01868771572240649,0.9835221396745214,0.9694411022213473,0.9819273954585598,0.9680012612999447
Sandstone_78.jpg,Sandstone,248.0692052165354,361.0527621055242,172.10494586614178,384.67239134478274,0.3914596732836624,0.25959977681241186,0.3553139158282423,0.2596932698724525,7.239603838582678,10.292268584537169,6.790354330708663,10.323454646909294,7.302851069322436,7.739748035581697,7.386230730648498,7.7346328408851495,0.0014974785808946618,0.0009042853971379715,0.0013735218510476086,0.0008965377841475505,0.03869726839060687,0.03007133846602062,0.037061055719550255,0.029942240800373485,0.976930982227671,0.96637799448677,0.9839717976947786,0.9641755410225126
Sandstone_79.jpg,Sandstone,260.90366633858264,372.5828011656024,348.2995816929134,651.2121644243289,0.3148634167491172,0.24280609294719496,0.2887913472943294,0.21462461654846862,7.938484251968505,9.981151962303926,9.073326771653544,13.528489056978117,7.832144932427933,8.065970024030417,7.930737785716893,8.283978608997119,0.00081673735124814,0.0005972043068148385,0.0007816427986371598,0.0005231128324492374,0.02857861702826328,0.02443776394875027,0.0279578754313907,0.022871660028280356,0.9758459188297185,0.9654454470380203,0.9677488141384432,0.9396051910704804
Sandstone_80.jpg,Sandstone,302.71265994094495,488.4252588505177,265.23609744094495,457.06187612375226,0.41460278245254134,0.32718082337364907,0.41151537251704207,0.3474301512004106,8.608575295275593,12.215574431148863,8.198326771653544,11.381176762353524,6.123838696484421,6.444144077244235,6.102567683907404,6.380295366444723,0.030567391273942708,0.027468866829357445,0.030366600406052383,0.02797089523746906,0.17483532616134162,0.16573734289337888,0.17426015151506205,0.1672450155833323,0.9756336135309047,0.960331414532688,0.9786230996887573,0.9628786640978901
Sandstone_81.jpg,Sandstone,269.46776574803147,552.0290160580322,255.44445127952753,352.9476718953437,0.30929733622102396,0.2010010843791336,0.29675836982459014,0.22655589639871032,8.819020669291337,13.163370326740655,8.177842027559056,10.810651621303242,8.032552867112937,8.402702829162948,7.995012184211021,8.280147467859855,0.0006274712256455762,0.00037874891299413704,0.0006159937856985089,0.00043229028115939535,0.02504937575361063,0.01946147252892589,0.0248192221009948,0.02079159159755201,0.9751303216832932,0.9491861493676181,0.9765989312344661,0.967510617605642
Sandstone_82.jpg,Sandstone,302.4456815944882,625.1755223510447,317.0382627952756,431.9449438898878,0.334459219557359,0.2194807895581564,0.3243923441057808,0.27092023323713543,9.793983759842519,15.404302808605618,10.015501968503939,11.898815797631595,6.575892274359446,7.018972245613688,6.6157665978779985,6.7747458691661375,0.002500931515534906,0.001559236424939463,0.002550114597299508,0.002036228760906899,0.05000931428778949,0.03948716785158772,0.050498659361407884,0.045124591531745736,0.9725023160661824,0.9430605782078968,0.9710930887237496,0.9606574127592763
Sandstone_83.jpg,Sandstone,559.1430856299214,965.9669539339079,415.1893454724409,658.507719015438,0.26786188802732114,0.18951494066565208,0.2897216035422674,0.2173903670060296,13.104945866141733,18.470394940789884,11.071604330708661,14.92733585467171,7.561717712919314,7.899166462204201,7.430561407643657,7.719383092995905,0.0010068889766685785,0.0006624468577847814,0.0011575185503886634,0.0007892782231097354,0.03173151393596874,0.025738043006118032,0.03402232429433156,0.028094095876353368,0.9488006962625808,0.9115443663248148,0.9618674096340313,0.9396953367714669
Sandstone_84.jpg,Sandstone,111.10580708661418,220.62849525699053,96.5583784448819,142.51633703267407,0.30748355810411476,0.20583059630265982,0.3074054935833387,0.2471307520573286,6.535063976377953,9.7996775993552,6.239234744094489,7.8056916113832235,7.216564644576304,7.586478372563489,7.171642493196738,7.39353665104518,0.001264068018858694,0.0007907370269449449,0.0012853975903264307,0.0010073703574774006,0.035553734246330494,0.02812004670950859,0.03585244190186257,0.031739098246128555,0.989817665814454,0.9796865619102348,0.9910902375004252,0.986879299562914
Sandstone_85.jpg,Sandstone,328.38619586614175,653.731663463327,695.6552042322835,1100.1119102238204,0.3073520272444676,0.2075286400158953,0.24840804785675707,0.1640437023638417,10.472440944881889,15.604067208134417,15.331016240157481,20.821811643623285,7.653883653280949,8.04777106070055,7.9708692361252425,8.287729644666156,0.0009180116626834817,0.0005591735406919262,0.0006794905557584552,0.00041359491237799497,0.03029870727743152,0.02364685054488073,0.026067039643167294,0.02033703302790245,0.9697588004602609,0.9397683639284654,0.9361096611733343,0.8986328515202567
Sandstone_86.jpg,Sandstone,305.12703001968504,1045.1554963109927,1037.6570497047246,1292.8683117366236,0.341004235209814,0.1814774848791948,0.19687895445612913,0.15146498914391937,9.48603592519685,19.163556327112655,18.613865649606296,21.994233988467975,6.704793942272716,7.329370402553819,7.269164639049137,7.443154014990787,0.0021602827629483385,0.0010216950807762364,0.0011168688108860593,0.0008650168580639723,0.046478842099909705,0.03196396534812657,0.03341958723392704,0.029411168933994657,0.9715230127744391,0.9021567706359804,0.9030868504620819,0.8789576638823995
Sandstone_87.jpg,Sandstone,189.30050442913384,448.8074896149793,220.54133858267718,181.35011470022943,0.4964700676042449,0.33813074060225456,0.43602954105479924,0.4538413169356294,4.83015501968504,8.636865273730548,5.412278543307087,4.981957963915928,6.6821305498123085,7.196185549583212,6.82110994633819,6.754529667723897,0.005552721493626581,0.00393905673421118,0.004609656619215584,0.004880331169305156,0.0745165853594123,0.06276190511935707,0.06789445205033755,0.06985936708348535,0.9821306971439435,0.957459109082252,0.9791406122578202,0.9828088156643244
Sandstone_88.jpg,Sandstone,425.25061515748035,685.1584103168207,410.4739173228347,684.5521731043463,0.4473347539850293,0.37867292999253177,0.44995558484994636,0.3784362658160976,11.289985236220474,15.496434992869986,10.985605314960631,15.564263128526258,6.104713744978986,6.377146353879911,6.082921524572195,6.378987183718194,0.07515412162171982,0.07102220683454324,0.07484371609368222,0.07009382330501286,0.27414252063793354,0.2664999190141401,0.273575795884216,0.26475238111301824,0.97106551070502,0.9530932218141432,0.9720358711257419,0.9531347255511264
Sandstone_89.jpg,Sandstone,799.6814714566931,1054.8072416144832,593.7436638779527,1254.6663773327546,0.28864082912588973,0.22685324720478967,0.32401023439972,0.20766738704841015,17.46899606299213,21.01928203856408,14.787586122047244,23.233678467356935,6.347276815291701,6.52327240267082,6.189982972285667,6.619699488766775,0.0032698480924305603,0.002491975223890928,0.0038094523820883575,0.0022730700802712288,0.05718258556965189,0.04991968773831551,0.061720761353764565,0.04767672472256487,0.9266598010058884,0.9029619421764367,0.9455107133618564,0.8845768415334699
Sandstone_90.jpg,Sandstone,455.9430979330708,1054.9978919957844,1200.740218996063,1788.2702585405173,0.2958996745417769,0.21302730968406253,0.22834768440827138,0.14651120085799085,12.121124507874015,18.705995411990827,19.752276082677163,26.518383036766075,7.714145002217563,8.08698139558445,8.101007291244164,8.417413003611362,0.0009033536133478516,0.0005833523974072563,0.0006246614666080895,0.00037112815251112556,0.03005584158442168,0.024152689237582972,0.024993228415074543,0.019264686670463278,0.9577169421579774,0.9023614000409766,0.8890684588427133,0.8344931973368834
Sandstone_91.jpg,Sandstone,168.5888902559055,339.32171864343724,224.49864665354335,338.7940355880711,0.34771147848674544,0.21420429769599525,0.276632095510457,0.2374928057111606,6.656557578740157,10.802653605307208,8.467765748031498,10.318866637733274,7.762812854245709,8.261762159505743,8.033713568221984,8.193447973293388,0.0007618363625399126,0.0004157687030731491,0.0005500883804501987,0.0004481929727700981,0.027601383344678806,0.020390407133579973,0.023453963000955695,0.02117056855094114,0.984373400916884,0.9684905429649133,0.9791779813553757,0.968539731335468
Sandstone_92.jpg,Sandstone,157.4806840551181,203.4209808419617,81.43454724409449,180.86694773389547,0.5889855673823796,0.5432423136930985,0.6557101354790934,0.543313735370092,3.8927165354330704,4.8241676483352975,2.7887549212598426,4.591543183086367,5.73493418749513,5.878484619389991,5.523844508081954,5.863032839776646,0.015553904581930256,0.01377097366383957,0.016958683819711388,0.014741595234321971,0.1247152940979183,0.11734979192073401,0.1302255114012281,0.12141497121163423,0.9864044804745998,0.982532882902997,0.9930040500418699,0.9844701611218775
Sandstone_93.jpg,Sandstone,116.00055364173227,129.63302126604253,159.51045767716533,336.6772893545787,0.4719646925942912,0.35985142174451423,0.3870575742819865,0.3113999583056258,4.2186884842519685,5.602765205530411,5.799089566929133,8.518321036642075,6.8590671048832785,7.181671112912699,7.1626334781730385,7.444630986307939,0.005145586463047926,0.004727910193621863,0.005030755300768413,0.0042742971591715395,0.07173274331187904,0.06875980070958512,0.07092781753845534,0.06537810917403118,0.9890601001859444,0.9877156385827907,0.9849111649730813,0.9680956225804743
Sandstone_94.jpg,Sandstone,229.19260580708658,316.7187674375349,160.40434301181102,369.0129580259161,0.35528516936050625,0.2608541185014005,0.3719063941557964,0.2778424591213647,7.44777312992126,9.46983693967388,5.98603592519685,9.925723851447703,7.892832070033169,8.17585677605225,7.751438695124538,8.163354600194065,0.0007785170599638074,0.0005346737086926962,0.0008404679895297291,0.0005742843651351634,0.02790191857137798,0.023123012534976842,0.028990825954596896,0.023964230952299794,0.9787611791033144,0.9704260935219157,0.9851038279168547,0.9655451020672026
Sandstone_95.jpg,Sandstone,235.97028789370083,367.5062310124621,181.9490034448819,355.5862731725464,0.2937971538730691,0.21380662704005837,0.30631824172525807,0.21450708682049036,8.6886687992126,11.624031248062497,7.898806594488189,11.406100812201625,7.62440229662106,7.92399770296011,7.557636588223115,7.901640636043368,0.0008980349381597203,0.0006081751266980741,0.0009688900603387144,0.0006116078324288833,0.029967231072618644,0.02466120691892581,0.03112699889707831,0.02473070626627722,0.978075723197122,0.9658869981726647,0.9831313325226585,0.9669957505404229
Sandstone_96.jpg,Sandstone,500.10143946850405,549.511129022258,418.21616633858264,1029.1572323144646,0.2511583119382865,0.196486614467619,0.26094566544140224,0.15197372337148468,13.406311515748033,15.050964101928205,12.323695866141733,20.62886725773452,7.464893907652698,7.623693696933738,7.406612279561839,7.881479833002354,0.0009914873345371693,0.000754660942640752,0.0010597597489140293,0.0005661273645071937,0.031487891871911165,0.027471092854867495,0.03255395135638728,0.023793431120945834,0.9538493994891573,0.9493791708283371,0.9615257500303154,0.9051995691776631
Sandstone_97.jpg,Sandstone,96.71518208661419,370.2702585405171,295.46844242125985,306.89081778163563,0.3954748058210319,0.28691544875901953,0.36438972005780595,0.2785473538748101,4.4889271653543314,8.378758757517517,6.947527066929134,8.121644243288486,6.949873018617437,7.404963859717541,7.200292629096326,7.418254661634842,0.0017849159843827506,0.001164158134627882,0.001563726455089629,0.001159085956339189,0.042248266051789045,0.034119761643772985,0.03954398127515272,0.03404535146446852,0.9911321930158367,0.9661051206006274,0.9729368414917541,0.9719054835114613
Sandstone_98.jpg,Sandstone,978.158095472441,1531.439642879286,980.6059916338583,1652.3224006448013,0.26172042975681165,0.18285375762786957,0.26564654979703,0.17134015244016942,20.108759842519685,26.76012152024304,20.00178395669291,27.982639965279933,7.0990296650557925,7.385648996702791,7.082228541185164,7.426225893830829,0.001578079877351161,0.0010166132924491035,0.0016017669974793076,0.0009417741570928613,0.03972505352231965,0.03188437379734944,0.04002208137365307,0.030688339106130544,0.9096933093103801,0.8581821355876287,0.9092208375335091,0.8469963257404376
Sandstone_99.jpg,Sandstone,518.0192544291339,841.6402132804267,491.6370570866141,811.8391096782194,0.43494832986487053,0.3538781826015647,0.43429381257888583,0.3636577070111276,12.565268208661418,17.458180916361833,12.26316437007874,17.021204042408087,5.8476777799136475,6.137471258585268,5.838891429091056,6.117678533260195,0.04908531350265825,0.045486602970229925,0.04983641601804688,0.045815744864796205,0.22155205596576677,0.21327588464294298,0.22324071317312816,0.2140461278902195,0.9610169315413318,0.9362317596234594,0.9630522899444778,0.9384896887337916
Sandstone_100.jpg,Sandstone,889.7262549212599,1517.4937689875383,800.687315452756,1222.3602207204415,0.30195989713272564,0.20344512513356441,0.3126736629042974,0.21892528716630072,18.708292322834644,26.408022816045634,17.648929625984252,23.404178808357617,6.3518114816401985,6.684588501221929,6.305966146518857,6.588565057203142,0.0031917576042183333,0.00199534573537496,0.0033543471017606105,0.002220260997035107,0.05649564234716102,0.04466929298046881,0.057916725578718714,0.04711964555294434,0.918304569982108,0.8605957333128513,0.9265512341119234,0.8877106013663126
Sandstone_101.jpg,Sandstone,456.7282849409449,945.48620497241,679.6363188976378,946.7729555459111,0.3371681067174448,0.20916820842063422,0.2746498678840217,0.20968355612976097,13.320189468503935,21.08729617459235,16.906865157480315,20.975323950647905,6.1852024055737,6.625798913216014,6.4226406157292075,6.621737147634182,0.0035925938551095854,0.0020354388157471214,0.002770148057385958,0.0020634578438231215,0.05993825035075336,0.04511583774847943,0.05263219601523347,0.045425299600807496,0.9578378620266098,0.9125483584510405,0.937505593939942,0.9124309892583626
Sandstone_102.jpg,Sandstone,449.011749507874,933.5225370450742,545.4156003937007,774.4017608035215,0.2373031142229389,0.15640369446947605,0.22221410438842673,0.17253407123003195,13.35574557086614,20.407774815549633,14.757012795275589,18.216876433752866,8.18626121694862,8.576661713746466,8.26550890594304,8.471978959261735,0.0005081766144977603,0.0002992104688406786,0.00045574480797399094,0.00033661850447267133,0.022542772999295368,0.017297701258857448,0.021348180437076855,0.018347166115579575,0.9585969966078244,0.9139816302851161,0.9497619492227561,0.9286493257095509
Coal_1.jpg,Coal,348.14628444881896,449.53909107818214,296.2288385826772,499.254386508773,0.7025238693433442,0.6698057556665076,0.7018833324577942,0.6649781005942053,4.644808070866142,5.9249798499597,4.1918061023622055,6.401884803769608,3.9117302440401382,4.050528369665462,3.89350542900599,4.071539850670355,0.3178955906862009,0.3122550639050066,0.3191528925782462,0.31114863134928084,0.5638223041758821,0.5587978739267059,0.5649361845184341,0.5578069839552754,0.9830107540514688,0.9781099082780389,0.9855442817558817,0.9756890456688496
Coal_2.jpg,Coal,591.6940206692914,783.9957839915681,401.9114173228346,919.9456878913759,0.2359275569079135,0.18070698984691727,0.27033769085664183,0.17650840165497284,13.741510826771655,17.055738111476224,11.453248031496063,18.04439208878418,7.9461073810453655,8.173014350534547,7.78820158176609,8.206478486132744,0.0006577920260332707,0.00048757683230537895,0.0007958978320300391,0.0004608763015033625,0.025647456521715184,0.022081142006367762,0.02821166127738739,0.02146802975364443,0.9451133818973345,0.9273772763571875,0.9627757254060206,0.9147827540303106
Coal_3.jpg,Coal,190.71272145669292,420.4496248992498,271.1055610236221,383.6174592349185,0.3318212595715441,0.2138037625510955,0.27772979904798345,0.22117125596563791,8.222440944881889,13.374294748589499,10.341904527559057,12.581189162378324,6.7810508765467095,7.237257592573608,6.993269586715419,7.1837680041995,0.0021189707906759565,0.001205429405712801,0.0016169737539670397,0.0012701741566915462,0.04603227987701627,0.03471929442993911,0.04021161217816366,0.035639502755952505,0.9821823387437766,0.9606937621276296,0.9747266744745497,0.9641386371150955
Coal_4.jpg,Coal,265.74538631889766,417.81598363196736,184.0857529527559,335.50325500651,0.3892186333591017,0.30680196608802296,0.4458594799959587,0.3289610815103263,9.600578248031496,12.867381734763471,7.790354330708661,11.403186806373613,6.059906934468465,6.315582283276203,5.8662003474856705,6.220463156475624,0.01004756587149893,0.0076557833071026074,0.011503444881889764,0.008461725336867499,0.10023754721410001,0.08749733314280274,0.10725411358959508,0.09198763686967668,0.9732409528997956,0.9577096757605366,0.9814273143789863,0.9660396703413207
Coal_5.jpg,Coal,450.1341043307086,657.8521917043834,393.49163385826773,572.5407650815303,0.8322853455347241,0.8055267335317927,0.8357112232602891,0.8054781351729732,3.2741141732283467,4.610329220658441,2.891117125984252,4.235476470952942,2.3248951772099704,2.415690700387663,2.29379969691426,2.426288033354547,0.5300179840471986,0.5229262381768609,0.5310166651217092,0.5246096651285621,0.7280233403176017,0.7231363897473705,0.7287089028698011,0.7242994305731312,0.9766036374552858,0.9659782236451578,0.9795477107033501,0.9703902273044531
Coal_6.jpg,Coal,914.3177903543307,1262.5947671895344,529.6021161417323,1249.2408704817412,0.24536524108869273,0.18360079262912365,0.291323990097236,0.1829213620490316,17.417199803149604,21.61256122512245,13.081200787401574,21.677723355446712,7.4405606479534,7.670593285390195,7.194557971502441,7.668519126474667,0.0013424990839239492,0.0009765048360154381,0.001660490015315968,0.0009634563258214496,0.036640129420131,0.031249077362626852,0.04074911060766809,0.031039592874608547,0.914706344085418,0.8820603111096743,0.950556721558516,0.8833163493080904
Coal_7.jpg,Coal,1559.329539862205,2670.376588753177,1933.5112573818897,3016.4064728129456,0.2658628628096024,0.1729457300272479,0.2353725792359156,0.1597166697059963,24.911601870078744,35.45501891003782,28.480622539370078,37.934155868311734,7.13266100050645,7.486064446495348,7.256065894301894,7.548677444617879,0.0017808801486743605,0.0010268845015338987,0.0014794431444331638,0.0009410591702329167,0.042200475692512764,0.032045038641479257,0.03846353005683648,0.030676687732428296,0.8557138187235978,0.7524159115420302,0.8210457276879946,0.7202993914961046
Coal_8.jpg,Coal,230.7097687007874,279.2969185938372,141.32486466535434,311.54485708971424,0.7021328915382201,0.6686472451940392,0.7258022916387978,0.6613765187460754,3.936761811023622,4.714861429722859,2.89720718503937,5.1155682311364625,4.406146174242616,4.5183539631576615,4.297215737733098,4.556201929859804,0.17955810539306624,0.17786179189445608,0.18202829227924083,0.17738465540791207,0.4237429709069712,0.42173663807458805,0.4266477379281892,0.4211705775667527,0.9872767914657532,0.9846323619271031,0.9922068422559441,0.9828580268003643
Coal_9.jpg,Coal,279.23837352362204,360.1384462768925,183.23117618110234,447.97550995101994,0.2821193321023169,0.22592946955739873,0.3136210478505166,0.24086505665690738,8.545460137795276,10.629115258230517,7.212967519685039,11.195052390104781,7.988868669535152,8.224469428714677,7.866717790984222,8.19994648695431,0.0005938014195364329,0.00043738360153265665,0.0006675173872808684,0.00046500285200954804,0.024368040945805077,0.020913718022691628,0.02583635785634013,0.021563924782134352,0.9739907860097144,0.9663597376258257,0.9829715459792762,0.9581523614662538
Coal_10.jpg,Coal,3256.417322834646,4162.02418004836,2358.382258858268,4046.0889081778164,0.8100174287221258,0.7817523570611318,0.8351419053736432,0.7834661955645661,17.905265748031496,22.47752495504991,13.44402066929134,21.895219790439583,1.844605248875021,1.9231860493184993,1.7524791976109304,1.9122816822290054,0.5170757457603782,0.5021228055972139,0.5331103405126733,0.5038741755206866,0.7190797909553419,0.7086062415737063,0.7301440546307785,0.7098409508620129,0.8172269761246331,0.7666710826773808,0.8672344299838535,0.7731705767444103
Coal_11.jpg,Coal,2319.1148499015744,3263.50852501705,1715.2508612204724,3173.994605989212,0.5720292097237624,0.5159600957012278,0.6082882095998671,0.5184307072616491,25.84344242125984,32.93812387624776,21.110728346456693,32.39463078926158,3.4985424767110676,3.6491329576084897,3.3849600648022142,3.6425656717752224,0.17260899988108572,0.1573778066025969,0.18619706837802347,0.15934757425965962,0.41546239286015496,0.39670871757827164,0.43150558325243427,0.3991836347593168,0.8368144633757971,0.7702557194450288,0.8791802899343129,0.7765573150342725
Coal_12.jpg,Coal,508.69801919291336,644.4512989025977,482.00775098425197,749.1130882261765,0.7471664649209317,0.7166191998820366,0.7581848327231753,0.6890885715344601,5.900406003937008,7.293756587513175,5.497416338582677,8.41471882943766,3.1689854497537544,3.2792793261707565,3.134875122618235,3.3332321197401087,0.2683021459792919,0.2607988395963152,0.26794789874980146,0.25746291656263637,0.5179789049558794,0.510684677267994,0.517636840603334,0.5074080375424067,0.9738772061110343,0.9669504479805617,0.9752534980273827,0.9615838524524509
Coal_13.jpg,Coal,334.13594980314963,519.1657263314528,325.3741387795276,507.47324694649393,0.6734676245463502,0.6234777591339467,0.6841881697068036,0.641002276290148,5.043922244094489,7.303490606981214,4.748031496062993,6.821129642259285,3.8309360637353005,4.020795012790302,3.780276065298091,3.95905230319915,0.26458058702250215,0.25685503934713005,0.26420526754627727,0.2570474669128394,0.5143739758410238,0.5068086812073468,0.5140090150437804,0.506998488077469,0.983125853882615,0.9738075897453661,0.9835683326986558,0.9743974865767856
Coal_14.jpg,Coal,754.5661909448819,1214.926963853928,744.4711491141733,1156.3415586831175,0.736299224010773,0.6694762689093321,0.7348181499834263,0.6864122415144834,9.818405511811022,14.359042718085439,9.650282972440944,13.353276706553416,3.7853468494325844,3.9774028502906833,3.757351209733308,3.935196309319682,0.10546582103906396,0.09834412656611291,0.10616375193932029,0.10234463949614861,0.3247550169574967,0.3135986711804004,0.3258277949152286,0.31991348751834237,0.9375313368779177,0.8984904771423142,0.93822486948315,0.903385402271351
Coal_15.jpg,Coal,281.4245816929133,397.0448260896522,226.71493602362204,387.08909417818836,0.5753493445925252,0.5321500865038082,0.6047566061319147,0.53526708026478,6.075049212598425,7.981399962799925,5.046136811023622,7.798127596255194,5.024954672018674,5.206995578030973,4.903675315322669,5.193230664684936,0.1692642305572697,0.16323344904114323,0.17007618848001366,0.16344647668525297,0.411417343529985,0.40402159477080335,0.4124029443154033,0.4042851427955929,0.9843336464485948,0.9778557751033565,0.9873792249356315,0.9784110322228851
Coal_16.jpg,Coal,889.4689960629921,1305.9965279930561,705.564345472441,1369.8986917973837,0.2774602144622119,0.21244871201704782,0.3174573613875469,0.20858924025076273,18.07000492125984,22.947857895715796,15.556102362204726,23.528923057846118,6.572500786316439,6.81073836837121,6.429523993695934,6.825545127606619,0.002683989681944208,0.0020104623258412617,0.0032929656923766978,0.001953649700590988,0.05180723580682729,0.04483817933236431,0.05738436801409159,0.044200109735055955,0.916221151421383,0.8767346843519317,0.9335457491177122,0.870687139609977
Coal_17.jpg,Coal,792.7853100393701,1023.3550747101494,704.6883612204724,1102.3708847417695,0.7149170780302402,0.676697203871416,0.7319898387360179,0.6636426006812233,8.172244094488189,10.300700601401202,7.237450787401574,11.192758385516772,3.4622077293898523,3.5761783245437386,3.3900060491856427,3.6162949573523977,0.2560160044026143,0.24658635001441373,0.25944532760647554,0.244328025577125,0.5059802411187756,0.496574616764101,0.5093577599354657,0.4942954840751886,0.9590747145628012,0.9472711787725144,0.9636483580552843,0.9431998543375598
Coal_18.jpg,Coal,190.40809547244092,313.7087854175709,152.6115280511811,289.50368900737794,0.33532669630481615,0.25199069341564884,0.35021917635083855,0.27130027585078587,7.283218503937008,10.201562403124807,6.725947342519685,9.10552421104842,7.363661393075686,7.6790365766085635,7.305623591764013,7.572653519077194,0.00132558376689019,0.0009579459297798874,0.0014517996565290006,0.0010379091376323986,0.036408567218309894,0.030950701604000635,0.03810248884953581,0.03221659723857252,0.9824731337799453,0.97111877112905,0.985970113960049,0.973345552299799
Coal_19.jpg,Coal,2124.5456446850394,2858.2895405790814,1549.4191683070867,2882.1040362080726,0.63635511381038,0.5968280114482616,0.6586667771621295,0.594657841453779,18.049950787401578,23.36437472874946,14.334522637795278,23.62713125426251,3.6546871067334026,3.799540263357682,3.556611787367408,3.8086130388320845,0.27516846482667573,0.25935314000952264,0.2860496322799287,0.2591221704236452,0.5245650244027672,0.5092672579397999,0.5348360798225272,0.5090404408528316,0.8937172731706616,0.857325711733617,0.9224998098512184,0.856136988139995
Coal_20.jpg,Coal,279.85580708661416,477.6250232500465,314.45620078740154,439.18668237336476,0.7409996392238021,0.6834492883873349,0.7196009670929701,0.6847914902413147,3.3367372047244093,5.38495876991754,3.8211122047244093,5.131006262012525,3.493926132611262,3.6932067906578276,3.5499786192819203,3.6903505232045815,0.34153056849814867,0.3335265226547566,0.3408363952958374,0.3343748199679424,0.5844061674025597,0.5775175518153163,0.5838119519981048,0.5782515196417061,0.9863831358184133,0.9768193581876418,0.984699594331253,0.9786848915419469
Coal_21.jpg,Coal,267.97834645669286,382.09411618823236,228.16904527559052,408.7778535557071,0.5553282245568222,0.5054065903433606,0.5792091708249434,0.5054298675937976,6.351870078740157,8.347572695145391,5.445620078740157,8.575485150970302,5.2107872576392635,5.408381264279174,5.105629195308139,5.411665476658201,0.14907485173857066,0.14340058805977862,0.14949194864210041,0.14252133489076937,0.38610212604772154,0.37868270103053114,0.386641886817893,0.3775199794590604,0.9846186311295564,0.9780092665406754,0.9869035976353859,0.9764735324602853
Coal_22.jpg,Coal,243.79133858267716,345.6503813007626,249.55136564960634,408.46022692045386,0.5549077551645981,0.5103563518203201,0.569228112204802,0.4972727004410389,5.7389271653543314,7.409076818153637,5.592704232283466,8.250666501333003,5.253932832968013,5.441073112553207,5.209827089318072,5.474770346101476,0.13169188105954338,0.1265162194903719,0.1318589207612986,0.12567228513463782,0.3628937600173684,0.3556911855674412,0.36312383667462345,0.3545028704180515,0.9855292943838194,0.9794258439118175,0.9851920040671607,0.975687211936956
Coal_23.jpg,Coal,269.22231791338584,375.82193564387137,269.2181348425197,440.2163804327609,0.6050979649531415,0.5620789021438596,0.5952616287762735,0.5399348269745575,5.346948818897639,7.042098084196169,5.4985236220472435,8.128464256928513,4.870348679696135,5.045842322986618,4.894959912013174,5.143409367531864,0.19272601936317155,0.18702487129073705,0.19287782581912818,0.18571012193174488,0.4390057167773235,0.43246372251408216,0.4391785807836354,0.4309409726769374,0.9855142865186075,0.9797577173683292,0.9855145115919466,0.9762893446425779
Coal_24.jpg,Coal,610.3741387795277,876.0636741273482,602.5460752952757,1193.531031062062,0.23215115726641453,0.1707309201888892,0.22784953242480913,0.16002158334786423,14.797613188976381,18.875007750015502,14.725455216535437,21.553971107942218,8.501167384068266,8.747054132232888,8.509490373483533,8.823713464047138,0.00038884605357101355,0.00026357836831241896,0.0003730432875904815,0.00024193656174527925,0.019719179840221895,0.016235096806376578,0.019314328556553073,0.015554310069729202,0.943408344745358,0.918549403919563,0.944191012374183,0.8890455422128954
Coal_25.jpg,Coal,699.2202263779528,1091.5593651187305,728.7674089566929,1235.7979415958832,0.39642775685431253,0.3261660957026715,0.3813897811409507,0.313626906283613,13.7400344488189,18.711823423646848,14.481606791338582,20.376526753053504,6.859473000111065,7.124738563566288,6.916430478146488,7.200140138699348,0.025005425010850027,0.023137499495905434,0.02360096553689202,0.02268058445224709,0.15813103746845533,0.15211015579475762,0.1536260574801424,0.15060074519153976,0.9427093043870425,0.9101438384628164,0.9399937439739792,0.8982739534665046
Coal_26.jpg,Coal,244.24421751968504,319.7428854857709,205.69968011811022,480.6412672825346,0.30375053308688116,0.24881038104470113,0.30891710917707826,0.21750690831954148,8.638041338582678,10.0248620497241,7.680487204724409,12.658751317502634,7.587815213108761,7.740037021459554,7.500935857325226,7.93472515188823,0.0012487666576895655,0.0010376554326175795,0.0014277322255816386,0.0008909351317369631,0.035337892660564314,0.03221265950860903,0.037785344058002684,0.029848536509131617,0.9771988913203637,0.9702696124544383,0.9808325897230523,0.9553105502382181
Coal_27.jpg,Coal,193.02546751968507,367.6625953251907,172.70398622047244,265.9194618389237,0.37646857255705035,0.2661504801583143,0.34191054463699133,0.2820981904315931,7.505044291338583,11.293570587141176,7.487942913385827,9.528861057722116,6.83743231374703,7.260032358633876,6.940827805967636,7.125064046446671,0.0019220303333184797,0.0012835378761463707,0.0018560662731677024,0.0014246247724933915,0.04384096638212347,0.03582649684446375,0.04308208761385296,0.03774420183940033,0.9818271804947492,0.9652985273519528,0.9836631874483819,0.9749014160813374
Coal_28.jpg,Coal,347.9928641732283,540.6604253208507,307.8813976377953,490.4145328290657,0.6594031043520983,0.6138480914805458,0.6777161298499448,0.6232824324134335,5.557455708661417,7.8416516833033665,4.796136811023622,7.183086366172732,4.10653739102504,4.290252491634316,4.025514593228946,4.248348382666114,0.26253418369873854,0.25508595043478144,0.26316775314214697,0.2557183005741794,0.5123808970860824,0.5050603433598617,0.5129987847374953,0.5056859703157478,0.9824540290219714,0.9727658295094551,0.9844764688481127,0.9752968177943087
Coal_29.jpg,Coal,502.86171259842513,686.1557443114885,402.8139763779527,686.271560543121,0.8404645163578779,0.807916493124717,0.8387685758513078,0.8081156943167802,3.4862204724409445,4.805753611507223,3.0062746062992125,4.804885609771219,2.268758399923817,2.383366308405592,2.2703502385219556,2.383222430107697,0.5404233788814258,0.5339503265031702,0.5424216454512011,0.5339503553332855,0.735134939233217,0.7307190475847541,0.7364928006784595,0.730719067311977,0.9736140048115177,0.9641802540479717,0.9788636768791943,0.964174208032867
Coal_30.jpg,Coal,322.19525098425197,469.1453902907806,313.4840059055119,512.8703577407155,0.7813202640305664,0.7463396839771418,0.7817669763191301,0.7401600068218502,3.158095472440945,4.50257300514601,3.1349655511811028,4.830801661603323,2.908269013420028,3.0383095704900147,2.9074550558613255,3.0594979236913344,0.4381433723804947,0.4316381535608877,0.4383056704956184,0.4307340853506186,0.6619239929028821,0.6569917454282722,0.6620465772856305,0.6563033485748938,0.9842200663562309,0.977114226142284,0.9846467109727398,0.9749812419167012
Coal_31.jpg,Coal,296.2794660433071,482.32010664021317,254.80050442913387,493.04067208134416,0.30938469613646846,0.23586420030969873,0.32293284346088713,0.25083696508839093,9.425258366141733,12.750015500030997,8.628014271653543,12.47944695889392,7.623231961110948,7.909138743743156,7.534333149127299,7.869555516758616,0.0009855972470734003,0.0007143987255920446,0.0010977037945286829,0.0007599599178366315,0.03139422314811119,0.026728238355567778,0.03313161321953223,0.027567370528155773,0.9729014383052843,0.9558051190176922,0.9767625461673802,0.9548213712451803
Coal_32.jpg,Coal,280.8841043307086,397.5263190526381,218.37881397637796,373.45489490978986,0.5350493000574338,0.49940835018734775,0.57856750448941,0.49491169309072525,6.897637795275591,8.803149606299213,5.405511811023622,8.503813007626015,5.248547076781804,5.420680034897452,5.072147636526894,5.413076553426354,0.13599194764307498,0.13024706513173956,0.13630021699740663,0.13042283273480926,0.3687708606208942,0.36089758260722604,0.36918859272383625,0.36114101502710716,0.9834540780107397,0.9765055437580814,0.9871360509033784,0.9779282043319837
Coal_33.jpg,Coal,1023.7512303149608,1457.268770537541,863.6146653543306,1763.7035154070309,0.22129094833534624,0.15992159033717385,0.23875526611804807,0.15660549159929793,19.151574803149607,24.350176700353394,17.565575787401574,26.705437410874822,7.838596776009569,8.091097762037002,7.7565810451687796,8.157550412592329,0.000989508204602347,0.000706185986741122,0.0011064206698725896,0.0006553738694928565,0.031456449332407925,0.026574160132375246,0.03326290230681306,0.025600270887099152,0.9058880728310891,0.8657798259707383,0.9203883297324509,0.8375643861941394
Coal_34.jpg,Coal,1344.1681840551182,1694.3837807675616,997.3377214566929,1831.7023994047986,0.7485852541528965,0.7245446652942307,0.7708719427108675,0.7232166093919039,9.481176181102361,11.827019654039308,7.315575787401574,12.635997271994544,2.8504746571410657,2.951549802727523,2.7658835668723807,2.959059833132472,0.4410846300330296,0.4313268632737278,0.4476793312717485,0.428839020366366,0.6641420254983339,0.6567547969171811,0.6690884330727505,0.6548580154249973,0.9333074463617055,0.9162888225721318,0.9505158652966472,0.9095045843261284
Coal_35.jpg,Coal,251.92864173228347,532.8179056358114,352.593503937008,516.0189100378201,0.3179151225801263,0.23655409684771778,0.3239890618956446,0.2530012275041259,8.61343503937008,12.74511749023498,9.45792322834646,12.254014508029016,7.604535124430355,7.940607242693822,7.61813525425881,7.881702738371276,0.001913775128819789,0.0014174652938555056,0.001859869381359857,0.0015896464305793633,0.04374671563465981,0.03764924028258081,0.0431262029555102,0.039870370334113565,0.9769230573736959,0.9510948301336865,0.9676968210223992,0.9526382631452094
Coal_36.jpg,Coal,276.27116141732284,439.4238948477897,281.06606791338584,460.9359538719078,0.6122641059790999,0.5631278036262012,0.6280018006960348,0.555446759174775,5.50824311023622,7.660859321718643,5.358636811023622,8.312728625457252,4.786974534718791,4.958657292484094,4.741620494571513,5.010472800628866,0.20442260537841386,0.19739799291118204,0.20496292487946302,0.19743825512823077,0.4521311816037618,0.4442949391014735,0.4527283124341386,0.44434024702724234,0.9853640387922599,0.9767057818313581,0.9851100200046633,0.9755654100808913
Coal_37.jpg,Coal,730.193282480315,1041.1700043400087,583.1659079724409,1045.4046128092257,0.6098645842584721,0.5468162779923303,0.6176012531276066,0.5511033982328193,9.028174212598426,12.55483910967822,7.693590059055117,12.52284704569409,4.601086200937865,4.799896228135728,4.539941576549518,4.799894207508744,0.2068357305049571,0.1982951668798743,0.21266079238701446,0.19820703898336312,0.45479196398458616,0.44530345482589095,0.4611515937162252,0.44520449119855376,0.9618074958850369,0.9456296655808466,0.9695501752286227,0.9454085325500773
Coal_38.jpg,Coal,758.5084276574803,1530.8689317378635,929.8544537401576,1339.7408394816787,0.2128437992015792,0.14463008144258005,0.1988870103840898,0.14432196252189286,17.146961122047244,25.557877115754227,18.98609744094489,24.062372124744247,8.842248267869433,9.16942045226993,8.907259718787815,9.13904195663984,0.0002879104268950725,0.00017692465169789906,0.0002653850522544796,0.0001796231504918834,0.016967923470332855,0.013301302631618418,0.016290643089039783,0.013402356154493261,0.9301012597501161,0.8588114691219482,0.9141899749482769,0.8764359210860816
Coal_39.jpg,Coal,868.9505413385828,1189.8076756153512,794.3498400590549,1168.0728501457004,0.8476047666234303,0.815255853681459,0.8635550589777534,0.8166718236965476,7.175565944881889,9.594395188790378,6.423905019685039,9.368156736313471,1.8607350397898383,1.9481549425085483,1.8190049422210373,1.9373361542173875,0.4219149666937028,0.41247808368268485,0.4242537647062599,0.4131150793146648,0.6495498184848509,0.6422445668767349,0.6513476527218471,0.642740289164033,0.9545906046334035,0.937912288796651,0.9585101173060597,0.9390418239325333
Coal_40.jpg,Coal,317.7982283464567,477.5113150226301,285.16830708661416,401.773079546159,0.6982714172815502,0.6533437786675712,0.7091581947545719,0.6726487369021477,4.206077755905511,6.058652117304235,3.846948818897638,5.186930373860748,3.9732811654542295,4.154776108238012,3.9335310789101046,4.081330201463682,0.3039861179209663,0.2967260451849938,0.30481901375179704,0.2985736192812828,0.551349361041587,0.5447256604796527,0.5521041692939812,0.5464189045789711,0.9844034004231449,0.9766088887776566,0.9860047807038408,0.9803189610504576
Coal_41.jpg,Coal,353.9784079724409,604.4259408518817,380.70675442913387,601.8392956785914,0.6379056928387623,0.5527594500588422,0.593680237437417,0.5457679262744802,5.342704232283465,8.755657511315022,6.526636318897637,8.643809287618573,4.863045721834388,5.178478993651996,5.026342927993884,5.20178872802178,0.14150258519022899,0.1356358249947574,0.14038442029520776,0.13565583117278207,0.3761682937067251,0.36828769324368876,0.3746790897490915,0.36831485331545083,0.9793763254708794,0.9648152054517544,0.9778432209953852,0.9649658010140392
Coal_42.jpg,Coal,1307.0515501968503,2216.8698617397235,1573.3465797244096,2170.8894537789074,0.777888053382828,0.7287045753616229,0.746930460404204,0.7137630262222611,9.020915354330707,14.633021266042533,10.915354330708663,14.665013330026662,2.910726358925695,3.1118474636644144,2.9943916991199147,3.129502179784829,0.41908215249535974,0.39945802112448664,0.4138023844284994,0.3994553091716388,0.6473655478131036,0.6320269148734781,0.643274734797271,0.6320247694288879,0.9351611058193483,0.8904754781001724,0.9219510107486756,0.8927471415322852
Coal_43.jpg,Coal,567.7228100393702,1110.5321470642943,934.1571727362203,1463.997395994792,0.3768146104025015,0.24816393716409893,0.3021582397548566,0.22723485151131687,14.159571850393704,21.787525575051152,19.136011318897637,25.063550127100257,5.501304070656788,5.898126129202243,5.764392706334215,6.013027724091046,0.008018477096524508,0.0049761624726299865,0.005907840978279613,0.004378181674709186,0.08954594963773911,0.07054191996699541,0.07686248095319076,0.06616782960555066,0.9467740462791208,0.8960101971861455,0.9125489826884017,0.8629031452128981
Coal_44.jpg,Coal,323.0537647637796,430.36660673321353,285.9126476377953,637.244094488189,0.2945900042682003,0.24436624663098588,0.2966494647417943,0.21038637070399646,9.72071850393701,11.888833777667555,9.24384842519685,14.502325004650011,7.8902179850981975,8.080416253396457,7.854652809234541,8.243192435816958,0.0010330755524792304,0.0008585742882937189,0.0010555101066256818,0.0007616320645252115,0.03214149269214531,0.0293014383314833,0.03248861503089477,0.02759768223103548,0.9712875076585097,0.9616867267587536,0.9745625367057352,0.9432697450665427
Coal_45.jpg,Coal,462.16277066929126,663.004774009548,421.42433562992125,646.1240002480006,0.8052727772156671,0.7648141938057054,0.808687738636896,0.7722520513817643,3.7917076771653537,5.335482670965342,3.418799212598425,5.117118234236468,2.7369307925285717,2.8645663880439587,2.6833257336262637,2.842100351181622,0.4645159391026789,0.45703848844612555,0.46499607488961076,0.4573887320630987,0.6815540617608253,0.6760462176849491,0.6819062068126457,0.6763052062960174,0.9771366785323469,0.9673425685472758,0.9791520203026183,0.9681740598631722
Coal_46.jpg,Coal,369.0868602362205,488.98691797383606,254.96149114173232,480.29524459048923,0.69491829394881,0.6569187124582228,0.712181661164425,0.6592380921967282,4.996924212598426,6.547957095914192,3.76722440944882,6.282472564945131,3.9121942742469615,4.0624950548793715,3.8307929904166955,4.0479806313736875,0.3145610102865715,0.3085108410901303,0.3168838541656577,0.30843882154005237,0.56085738854594,0.5554375222202137,0.5629243769509877,0.5553726870670292,0.9819582944568204,0.9761470646294075,0.9875369712563454,0.9765710471856982
Coal_47.jpg,Coal,1830.7033710629921,2510.844007688015,1641.9273499015749,2366.799739599479,0.8590820203119242,0.8326105875671913,0.8694000940983536,0.8391281715433613,9.874015748031496,13.355756711513422,8.864849901574804,12.575423150846301,1.6491939289371977,1.731119355187912,1.6080915233460207,1.7152369859332701,0.5867424931260995,0.5723316841264472,0.5898632461327423,0.5750021331402325,0.7659911834519373,0.7565260630847077,0.7680255504426544,0.7582889509548669,0.8928556052602173,0.8538330726750815,0.9039121661411686,0.8622185032318187
Coal_48.jpg,Coal,230.3722933070866,324.31241862483716,179.82781742125985,355.3279806559613,0.6216127575245978,0.549884935611026,0.6498132250783974,0.5586535992765207,4.85445374015748,6.46283092566185,3.840735728346457,6.666563333126666,4.747772312607485,4.955408864920207,4.6038907923085794,4.952178142835921,0.14465985749598453,0.14160383761278394,0.1489989371580306,0.14083985493285636,0.38034176407013803,0.3763028535804425,0.38600380459009803,0.37528636390476056,0.9866073574028805,0.9811473328658846,0.9895761518451887,0.9793443613070719
Coal_49.jpg,Coal,585.609436515748,1210.3607167214332,805.687561515748,1117.268584537169,0.36426398614926936,0.252114921999321,0.3090924137842415,0.2522504764763738,14.055671751968504,22.006944013888024,17.1986343503937,21.228904457808916,6.562913214987034,6.964030522505828,6.732086302075587,6.936551073056279,0.01270531032273002,0.008979297021152164,0.010909639678166076,0.008738584778304158,0.11271783498067207,0.09475915270385317,0.1044492205723244,0.09348039782919282,0.9399643742762355,0.8760161375118305,0.917530202758665,0.8855480290432791
Coal_50.jpg,Coal,345.425688976378,507.20590241180486,325.6280757874016,496.50604501209,0.7422880631246933,0.7006712287478757,0.747300016666641,0.7020186159551611,3.9164616141732296,5.584351168702337,3.6699064960629926,5.40988281976564,3.464512060264653,3.614455142970302,3.4314654256277017,3.5993396429169007,0.3643015349995545,0.3571331188790471,0.3646989465609792,0.35742996912244673,0.6035739681261564,0.5976061569955978,0.6039030936838949,0.5978544715250081,0.9832875966169797,0.9755325553716572,0.9842454457526815,0.9760487129463499
Coal_51.jpg,Coal,283.5895669291338,358.4560729121458,256.8284940944882,466.3251286502573,0.5931295897756499,0.5627162183064488,0.604769410271295,0.5349932703028801,5.973794291338582,7.246574493148987,5.419168307086613,8.638601277202556,4.98358890989822,5.113530947145572,4.913685851833234,5.203201564221473,0.17170365578524127,0.1666717439703092,0.1718962860533143,0.16414094226911252,0.414371398367746,0.4082545088181014,0.41460376994585363,0.4051431133181367,0.9842911040141172,0.980108707411358,0.9857734819244977,0.9741228834538626
Coal_52.jpg,Coal,1212.5754183070867,2299.181474362949,1677.2066929133862,2208.797569595139,0.7835390464622479,0.729126784046789,0.7485825709074794,0.7126520297844743,8.472563976377952,15.098642197284397,11.480807086614172,14.744993489986982,2.9531136128535076,3.1641318710289505,3.056371465472242,3.200330611951192,0.39969290601422997,0.37554326748556777,0.3911018851700789,0.3781621624871373,0.6322127063055835,0.6128158512029268,0.6253813917683183,0.6149489104691034,0.937603722844471,0.8821733371549222,0.9136982117575828,0.8868052611645957
Coal_53.jpg,Coal,1779.828186515748,2317.3839047678093,1458.0303887795276,2375.0117800235603,0.7915248292670367,0.7614107650837597,0.8096351632022032,0.7557150249775161,12.570804625984252,15.893545787091576,10.523622047244093,16.430094860189723,2.225058535312131,2.3059690420456396,2.1664954955334657,2.340226297214474,0.41712570119476183,0.40326574322935976,0.42314164315828634,0.40281914552297077,0.6458526931079268,0.6350320804726008,0.6504933844077788,0.6346803490915492,0.9073061007191474,0.879737624874699,0.9241302320303387,0.8767469830835731
Coal_54.jpg,Coal,223.31065452755908,319.4924049848099,185.60254675196853,328.94568789137577,0.5438852835438379,0.49574013632733277,0.5628960050155206,0.4858793046630607,5.7517224409448815,7.506045012090024,5.011011318897637,7.803149606299213,5.46827368895689,5.654613953263503,5.377627763412085,5.689174290401577,0.12304801782455124,0.11768992389122482,0.12358571488383209,0.11720632177081824,0.35078200898072187,0.3430596506312347,0.3515475997412471,0.342354088292835,0.9865012374810631,0.9806166007934751,0.9887841487411103,0.9800430761852797
Coal_55.jpg,Coal,669.7460629921261,914.9143158286317,518.6918061023623,1107.6668733337465,0.2350646481267305,0.18374050498194194,0.2650729816994026,0.1656613525639033,14.335014763779531,17.436976873953753,12.320004921259844,19.46326492652985,8.161051629661236,8.360239149213388,8.018254357570026,8.451848943783741,0.0005299092019082478,0.000396081578324729,0.0006344795404434561,0.00035087595750242636,0.023019756773438066,0.01990179836911049,0.02518887731605869,0.018731683253312457,0.9379741396657344,0.9155133304097197,0.9520489178209008,0.8977124992889033
Coal_56.jpg,Coal,343.8597440944882,577.2894785789572,387.435654527559,514.008556017112,0.7550074531205401,0.7069943391270048,0.7396098388925909,0.7095092883262282,4.1640009842519685,6.4993489986979975,4.6109744094488185,5.997891995783992,2.9670272867319163,3.1369620689167617,2.9975737896427344,3.124879680877815,0.3797390190605577,0.3716022445374917,0.37892984629963405,0.372878186639255,0.6162296804443597,0.6095918671845054,0.6155727790437407,0.6106375247552799,0.9832295993958678,0.9719341232542262,0.981104356510642,0.9750106293034122
Coal_57.jpg,Coal,182.27325295275588,359.47907495814985,208.54472194881893,334.6948973897948,0.2671083326512296,0.21129584493378592,0.274429900405198,0.19276506206836236,8.214812992125983,11.302250604501207,8.248462106299215,11.563395126790255,7.978779509767674,8.238896679010594,7.967969739509172,8.296189887966792,0.0005696753336866049,0.0004218576234288061,0.0005928137466626499,0.0003837403669599329,0.02386787241642214,0.02053917290030945,0.024347766769513994,0.0195892921505585,0.9831918539539727,0.9666612773762261,0.9806395869623188,0.9689618442857004
Coal_58.jpg,Coal,493.4590305118111,814.271498542997,627.6104207677165,948.3313906627811,0.5306266681041774,0.46447390244534154,0.4998538226751249,0.45099089468330966,8.947834645669293,13.116560233120467,10.930794783464567,14.674003348006694,5.081389222341109,5.348334864031178,5.208253933070747,5.446760362484978,0.11742032212091771,0.10954098031948312,0.1159236666007512,0.1079280679858402,0.3426664881789839,0.3309697574091674,0.3404756475884159,0.3285240751997336,0.9700358711621578,0.9504173420145019,0.961924352040762,0.9422541608243933
Coal_59.jpg,Coal,386.39259350393706,428.35898071796146,368.8400590551181,705.6348192696385,0.7689830653343275,0.753395744106819,0.7846080152534509,0.7253291610863355,3.905511811023622,4.321036642073285,3.567052165354331,6.497116994233989,2.974239975998027,3.0303976988796877,2.90495767387505,3.123374542958602,0.4194623460047701,0.4152105866366857,0.4199215533440832,0.40970581438961867,0.6476591279405935,0.6443683625355032,0.6480135441054324,0.6400826621535837,0.9811540864746885,0.9791854709714637,0.9820101938430331,0.9657122715050434
Coal_60.jpg,Coal,1389.5946727362204,1682.8941037882078,1035.7439714566929,1798.081282162564,0.8377852011513978,0.8149301602427419,0.8573718413406224,0.8091762034244323,9.261257381889763,11.210924421848844,7.1737204724409445,11.853121706243412,1.8868609512277676,1.9613349034488663,1.8193557136285885,1.9718194972057836,0.4733016790862684,0.46384297610804914,0.47967019756060997,0.4615208871437025,0.687969242834495,0.6810601853786853,0.6925822677203121,0.679353285959303,0.926117341597949,0.910929994480971,0.9449740419071929,0.9048335190162161
Coal_61.jpg,Coal,1420.9625369094488,1987.6526133052266,697.1418553149606,1617.5953871907745,0.23235733343131815,0.17372289181663123,0.3277765434398043,0.19096036154834545,24.63785679133858,30.372310744621487,16.164616141732285,27.245830491660982,6.530847359101234,6.7393648760213605,6.14488067954616,6.635766100935671,0.002368036535389477,0.001789256539018999,0.003811446648772204,0.001981555330213395,0.048662475639752206,0.04229960447828087,0.06173691479797321,0.04451466421544023,0.8688123406488646,0.816437500605118,0.935646701494123,0.8506086148151246
Coal_62.jpg,Coal,342.41289370078744,397.71839543679084,280.4773622047244,545.3363506727014,0.7213642038932844,0.7009787390877852,0.744996091606799,0.6823663396816,4.171628937007874,4.848285696571393,3.436761811023622,6.15239630479261,3.6677069387902415,3.749838814812128,3.566393491162294,3.8144187671956686,0.34638990390041324,0.3415512026634444,0.34769058771515976,0.33836710478306575,0.5885489817342421,0.5844238210951401,0.5896529383587941,0.5816933081814383,0.9834018208750087,0.9807719832860671,0.9864040940512971,0.9736352741392966
Coal_63.jpg,Coal,502.0767101377953,875.6798933597867,506.99138779527556,869.7090954181908,0.3089768147816513,0.23203732148234268,0.312596858560318,0.2467239749190589,13.415169783464567,18.840287680575365,13.504429133858267,18.226176452352906,7.230668617809988,7.541034226171921,7.231771147719967,7.503076197834282,0.006072570433715087,0.004829813119233157,0.00646454411805308,0.004934153150592866,0.07792669910701394,0.069496856901828,0.08040238875837633,0.07024352746405085,0.9527815099586303,0.9177130159672042,0.9524230793333471,0.9182815102989064
Coal_64.jpg,Coal,265.8157603346457,355.64771529543066,249.61700295275588,504.23671647343303,0.5398534687380341,0.4832388172526877,0.5776813061160331,0.4556119631988486,6.2029404527559056,7.637423274846551,5.776082677165355,9.261082522165044,5.810415515217557,5.978746688989261,5.737843694203892,6.100309203706181,0.013922286023282982,0.012726944853728505,0.015722819348470727,0.01184696900982865,0.11799273716328045,0.11281376181002256,0.12539066691134043,0.1088437825961072,0.9752395854023932,0.9668345593902087,0.9768020581496647,0.9529766072271135
Coal_65.jpg,Coal,186.19340551181108,303.24204848409704,159.09221210629926,265.0634881269762,0.5549675938771769,0.493672444585076,0.559998361158005,0.48388249993037247,5.0904281496063,7.450492900985803,4.81822096456693,6.782999565999131,5.779134811222925,6.071504925236041,5.779592610373168,6.015443594661057,0.09044919725581642,0.08681149230362198,0.0924038378228124,0.08666128740280293,0.30074773025879414,0.2946379003176984,0.3039799957609257,0.29438289251042243,0.9878960662788299,0.9802259197639436,0.9896839563449287,0.982715501665836
Coal_66.jpg,Coal,113.13890255905511,198.6194432388865,119.47360974409452,196.58869117738237,0.3807809701031091,0.31687181504953343,0.43031030441478735,0.2984096703575916,5.80671751968504,7.811209622419246,5.480376476377954,8.125054250108501,7.306663139887199,7.517375828669554,7.190663765519447,7.594306991709859,0.008281894371405932,0.007273438317724176,0.008103821871706248,0.007027134954511711,0.09100491399592624,0.08528445531117718,0.09002123011660221,0.08382800817454576,0.9891829628439435,0.9810174366065207,0.9886209428823793,0.9812121823944648
Coal_67.jpg,Coal,624.8447342519687,741.8040796081592,413.31299212598424,830.1843883687767,0.6198512985202271,0.5861088010023472,0.6464438855272072,0.595234036484833,7.920275590551182,9.475106950213902,5.866633858267717,10.093248186496373,4.408476713568572,4.534789461669133,4.297479385999919,4.550610615232944,0.2581197362712109,0.25229822243388056,0.2630141567656182,0.25050761087944146,0.5080548555729104,0.5022929647465516,0.5128490584622518,0.500507353471896,0.9686670507232416,0.9628406538558969,0.9792743471972889,0.9584134006554381
Coal_68.jpg,Coal,439.53629429133866,478.8420856841714,170.41910679133858,603.47132494265,0.27360487190986943,0.23896357452468453,0.3500136605431155,0.21109551176272406,10.93909940944882,12.011904023808047,6.71302903543307,13.584165168330337,7.77872008924738,7.8930491527896445,7.384260904192663,7.997147559813036,0.001010135809334119,0.000832734816935937,0.0013620652241304483,0.0007387774711069294,0.03178263376962518,0.028857144989342536,0.036906167833174554,0.027180461201144646,0.9587539141362622,0.9549878218303259,0.984000173692754,0.9432738708718341
Coal_69.jpg,Coal,719.4135088582677,1310.6833653667309,772.3838582677167,1213.0758881517766,0.2182922936082804,0.15709812382412686,0.22443723246355374,0.15753030959303002,15.33833661417323,21.641267282534567,15.470349409448822,20.84772769545539,8.541549020599165,8.845301883505359,8.5352911777156,8.823775067200973,0.00039990723291993455,0.0002617870571471815,0.0004063308907867817,0.00027341904767509706,0.01999768068851822,0.016179834892457386,0.02015765092432106,0.01653538773887982,0.9343573105917842,0.8801156856643089,0.9293149316813762,0.8890347428473772
Coal_70.jpg,Coal,855.4032357283465,1071.6530473060943,437.5658218503937,1189.7913695827392,0.19712480003932203,0.15977295591138618,0.2551329873432727,0.14694636600375524,17.296321358267722,19.879843759687517,11.899606299212598,21.496124992249985,8.242212938194623,8.38740703324223,7.927731337874684,8.4602661989443,0.0004400177257385766,0.0003530439821745164,0.0006326233965944495,0.0003204659518625256,0.020976599479862714,0.018789464659072018,0.025152005816523847,0.017901562832963094,0.9206925313262931,0.9005201398185898,0.9594894661424953,0.889558099613925
Coal_71.jpg,Coal,260.693405511811,481.8621737243475,306.39179379921256,487.1742203484407,0.715679924022391,0.6478941454366766,0.7131285643076246,0.6457157393061239,5.479330708661417,8.233058466116933,5.602300688976378,8.398226796453594,4.194424321468613,4.423159932133716,4.188601489504763,4.450137393224422,0.07405518229005209,0.0681397180885998,0.07536811362685225,0.06751782751503999,0.2721308183393643,0.2610358559443507,0.2745325365541437,0.25984192793896826,0.9811707107833868,0.9650635101966211,0.9779414901597726,0.9646783704765154
Coal_72.jpg,Coal,526.9484498031496,731.500031000062,540.0578248031495,792.788269576539,0.8583857597729546,0.8351705117826369,0.8667185361424025,0.8348281014258139,4.131889763779528,5.686899373798747,4.1389025590551185,5.996279992559986,2.3717269157463816,2.4831677121362032,2.348310502182539,2.4770184296606836,0.42257620422223263,0.4149718694378178,0.42250585428905235,0.41376256142059065,0.6500586159895372,0.6441831024156236,0.6500045032836713,0.643243780708831,0.9754851297307177,0.9660974239664176,0.9748752510460826,0.9632569194137892
Coal_73.jpg,Coal,968.2680856299212,1600.1792423584843,655.0346948818899,1129.3783867567736,0.27504130762888324,0.20690908289003274,0.3178220557389403,0.2324149791057093,17.19156003937008,23.737305474610945,14.374630905511813,19.836195672391348,6.734761597509945,7.034506827368631,6.580104842641655,6.893023467258683,0.003152965900658364,0.0021862741350877945,0.0037510415597003075,0.0028351862147335187,0.05615127692811949,0.04675761045100353,0.06124574727848708,0.05324646668778613,0.9114235523701296,0.8536864830989944,0.9401440582207412,0.896734517412098
Coal_74.jpg,Coal,168.26919291338584,354.6419492838986,204.0128567913386,283.74939549879093,0.3662035620332114,0.24496640089497865,0.3212543848815255,0.27242020373693027,6.758489173228346,10.761857523715047,7.867433562992128,9.61311922623845,7.68464477651165,8.136056546319175,7.863427454692029,8.042333210789133,0.001413490436844155,0.0008562179068682025,0.0011026308063358317,0.0009324005255983724,0.03759641521267892,0.029261201391402276,0.033205885115982554,0.030535234166424407,0.9846152074903526,0.9675061657652345,0.9813005846808996,0.9740036296355192
Coal_75.jpg,Coal,1190.7130905511813,1859.3078306156613,1273.3673720472439,1916.2451484902972,0.7246715660481964,0.6549178103084846,0.6951342471869604,0.6528932915168137,10.43873031496063,15.751875503751009,11.257135826771654,16.113336226672452,3.3285918431286077,3.5502646777797424,3.379718898580095,3.5574044641232523,0.29979635093547524,0.2825804645347278,0.2975752127651717,0.28154828490201345,0.5475366206341593,0.5315829799144511,0.5455045488033731,0.5306112370672275,0.942568059852803,0.910509703912529,0.9385813767588985,0.9077692553697289
Coal_76.jpg,Coal,172.39548474409452,276.5460350920702,117.84934793307086,231.29047058094113,0.35846069916068823,0.25314062228515377,0.3464999839456081,0.2870707947982,6.3367987204724425,9.284208568417137,6.18793061023622,8.098580197160393,6.931677085046902,7.305859184103138,6.9628422395649885,7.176280321472424,0.0022119161059611188,0.0014833132772471757,0.002083452409092318,0.0016721332345262488,0.047031012172407245,0.03851380631990528,0.04564485084971051,0.04089172574649117,0.9842644844642666,0.9747176806107485,0.9891970272951677,0.9788545191980981
Coal_77.jpg,Coal,316.79613681102364,546.9193378386757,337.4773622047244,542.1929443858887,0.8260680361087057,0.7755924610084572,0.8194212570344399,0.7798654682998837,2.593503937007874,4.32760865521731,2.7942913385826773,4.28743257486515,2.6002291341865287,2.746983440238653,2.612560951681061,2.748540752144358,0.4823952494584676,0.47436365025870353,0.4818553291891739,0.4744438325754325,0.6945467942899655,0.6887406262583206,0.6941580001621921,0.6887988331693314,0.9841854233727124,0.9728200919153378,0.9831530091929586,0.9730549765331065
Coal_78.jpg,Coal,252.8910556102362,496.5335110670221,321.9599532480315,474.93793787587583,0.4701297222789743,0.3381296138566774,0.4098615324478004,0.3434424767815414,7.823511318897639,11.986917973835949,9.250922736220474,11.910843821687642,6.276246640281801,6.696426863380043,6.4550757179129405,6.678397526239696,0.005605414409071005,0.003922327579294628,0.0050321516658658316,0.00408350906601993,0.0748693155376153,0.06262848855987686,0.07093766042001831,0.0639023400668546,0.9773199140737439,0.9555274634961755,0.9711721595730056,0.9574585633508309
Coal_79.jpg,Coal,355.2640255905512,432.1103602207205,254.99913877952756,522.1583483166967,0.6419479711219416,0.5972296596989778,0.6471816052389332,0.5879797313554371,5.361835629921259,6.679397358794717,4.450172244094488,7.473494946989894,4.653331223216272,4.827181805647457,4.599676595015981,4.847089762974603,0.19667120108165997,0.19144718994999402,0.19892562874725359,0.18902403605538814,0.4434762689047295,0.43754678601264346,0.4460107944290739,0.43476894559684015,0.9810266876168305,0.9769035340130202,0.9863814572571464,0.9720904341993699
Coal_80.jpg,Coal,377.03137303149606,489.7202554405109,368.1403789370078,570.3883687767375,0.7083515164332747,0.6606163823946567,0.6992359808297761,0.6288743141232322,5.8106545275590555,7.436914873829748,5.7769438976377945,8.581809163618328,3.605171651835813,3.753827690477981,3.6163354168201933,3.8266644387485185,0.19227987693035933,0.18581525959629508,0.19219198350506073,0.18263450024327044,0.438497294096964,0.43106294157152397,0.43839706146946367,0.4273575789000008,0.9791657421865417,0.9729615615127731,0.9796680239166521,0.9685077130225564
Coal_81.jpg,Coal,86.65514271653544,152.36821873643748,93.58876722440948,144.4037448074896,0.4717570373659667,0.3728948235799513,0.4419961144159167,0.3563776219442014,4.905757874015748,7.019344038688079,5.16480068897638,6.883129766259533,6.547772398568019,6.856248034773607,6.629874731439511,6.885293376808806,0.005477162626688533,0.004619257177010231,0.005135215897873203,0.004423097072370597,0.0740078551688166,0.06796511735449466,0.0716604207207382,0.06650636866023131,0.9920777712692784,0.9859774628406592,0.9913516952009488,0.9867105503679967
Coal_82.jpg,Coal,1249.1961122047244,1676.992993985988,842.505659448819,1639.0287060574121,0.5667668443451773,0.5189358644643971,0.6027394426937123,0.5277341791811754,16.22293307086614,20.481988963977926,12.339689960629922,19.94060388120776,4.445032231312964,4.611935679610205,4.241551587144703,4.600421579579574,0.1320345713811545,0.12239878891066604,0.13958674578726116,0.12343605033170757,0.3633656166743828,0.3498553828522094,0.37361309638081636,0.3513346699824934,0.9294002597976324,0.9051640635723427,0.9524710614898179,0.9073109889378197
Coal_83.jpg,Coal,497.431471456693,584.3113646227292,381.24372539370086,687.5698431396863,0.6483269202782922,0.6204250845166778,0.6820867230914905,0.6240642950547814,6.094488188976378,7.24496248992498,4.804872047244095,7.953499906999815,4.155579058998481,4.265627466454211,4.045182337224407,4.284264826561763,0.28009989278035197,0.2748674419166682,0.28289291814179335,0.2725327714899959,0.5292446436010023,0.5242780196772207,0.5318767884969162,0.5220467138963676,0.9753719602077778,0.9711177650281781,0.9811254549791744,0.9660137471707041
Coal_84.jpg,Coal,726.2220103346458,1060.6635253270508,557.2881397637796,1181.7865955731913,0.2465223509182921,0.18783483650619057,0.27817579466346004,0.17717375483244363,14.941621555118113,19.67251534503069,13.887549212598426,21.123194246388493,8.219643018711686,8.482902169526772,8.109320031812429,8.536658977651477,0.0005320851095803757,0.00038275822103135313,0.0006662818501418252,0.0003583141272550758,0.023066970099698304,0.01956420765150874,0.02581243595908424,0.01892918717893285,0.9332203296746359,0.9024241133871547,0.9493330325444914,0.8912848533789084
Coal_85.jpg,Coal,505.7701771653543,742.0530721061443,482.35949803149606,710.8686217372435,0.9002834291762071,0.8732821964221468,0.8947705279974532,0.878190316417198,3.1887303149606296,4.680761361522723,3.143454724409448,4.480996961993924,1.6538440988105498,1.7461830659770952,1.6686034080953693,1.736707594243308,0.5446752897900328,0.5379606397504072,0.5463826223672955,0.5386075798501649,0.7380211987402752,0.7334580013541383,0.7391769898794844,0.7338988893915598,0.9723067681456697,0.9595046136749601,0.9735422286176012,0.9612064142772253
Coal_86.jpg,Coal,587.8608513779527,1082.7852935705873,556.9876353346458,899.246078492157,0.24876698888100973,0.17957012770787645,0.250877080887619,0.18118319311098896,13.81373031496063,19.423150846301695,13.410617618110239,18.130820261640523,7.879794294210905,8.196228450188556,7.856609202939033,8.151039159404764,0.0007462511873265934,0.0005030067100248281,0.0007491271696410583,0.0005277333389312449,0.027317598491203313,0.022427811084116702,0.02737018760697592,0.022972447386624805,0.9462287382982517,0.900866480075422,0.9489916520997478,0.9176645482385286
Coal_87.jpg,Coal,1360.7255782480315,2420.016554033108,1246.3148375984251,1947.7629115258233,0.22678708943607867,0.15477802022099577,0.24505014829712235,0.1692033537509482,23.21376722440945,32.864219728439465,21.723425196850393,29.221402442804887,7.210450435733252,7.523758064933379,7.128873793309893,7.436505418384451,0.001366988451750341,0.0008747249188961767,0.0014871212603753334,0.000978820855279506,0.03697280692279586,0.02957574883069196,0.03856321123007436,0.031286112818301764,0.873168052637888,0.7738802503978768,0.883770664299976,0.8179937433881237
Coal_88.jpg,Coal,282.0150098425197,449.1985863971728,266.2368356299213,399.65961931923863,0.5967569791603469,0.5432201802675936,0.6027278678535883,0.5576271938167163,5.78986220472441,8.303428606857214,5.47699311023622,7.579639159278319,4.713861223221601,4.933773931739308,4.685294978024237,4.892242252786995,0.19599656374605717,0.18900708202557204,0.19617921511233646,0.18988636402469652,0.4427149915533211,0.4347494474126126,0.44292122901520137,0.43575952545491936,0.9848641898470429,0.9758691631502375,0.9857110080698586,0.9785303841969272
Coal_89.jpg,Coal,569.2121678149606,993.234980469961,492.65532726377944,809.99627999256,0.3416411265917949,0.27188346330220275,0.3533639201251847,0.28431663453207245,13.9140625,19.290532581065165,12.634288877952756,17.606795213590427,6.8361813217456096,7.118097329918667,6.760002167032798,7.05875627655421,0.019046985664772108,0.01757499205989794,0.018620309091204126,0.017713791767096223,0.13801081720202987,0.13257070588896303,0.13645625339721199,0.13309316949827374,0.9516140681546991,0.915220615448135,0.9580012425267362,0.9308611651164974
Coal_90.jpg,Coal,1503.7341289370079,2023.8873457746915,747.4616141732283,1793.6829313658627,0.21452432869193913,0.15805030043116503,0.29559646500042525,0.16914455022629316,25.311146653543304,30.563147126294254,16.606791338582678,28.640585281170566,7.360391448540378,7.557088640633447,6.961687641981632,7.495408080018848,0.0012008891205282412,0.0008835277141073224,0.0019073003844249877,0.0009525777623072391,0.03465384712450035,0.02972419408675906,0.04367265030227714,0.030863858512947453,0.860886811998987,0.8124516902258245,0.9308948864619069,0.8337934589624263
Coal_91.jpg,Coal,704.0153789370079,932.954553909108,601.3396899606299,1169.7610515221031,0.2393900274056559,0.19693860834731416,0.25956867408214324,0.17543260539964023,14.238065944881889,17.223882447764897,13.102977362204722,19.952383904767814,8.048197851805515,8.224874951980624,7.969998343775928,8.369203758063621,0.0005617436771982919,0.0004404588138334935,0.0006183172766736159,0.00037474537097998496,0.023701132403290182,0.020987110659485587,0.02486598634025234,0.019358341121593684,0.934600087819546,0.9132125234722962,0.9440880517855949,0.8911658620704169
Coal_92.jpg,Coal,422.5927657480314,575.3793787587575,351.2053395669292,594.6467852935707,0.5977450746056694,0.5576283382100283,0.6109245248011275,0.5657895025902433,6.768085629921259,8.814557629115258,5.872785433070867,8.89738979477959,4.64281648638008,4.809908197045718,4.575467631768798,4.803973265796531,0.2127931519046632,0.2058115796434953,0.21446732743319002,0.20524194653696518,0.46129508116244117,0.453664611407475,0.46310617295949535,0.45303636337160086,0.9778526910120677,0.969837500923037,0.9815939746156513,0.9688274662341412
Coal_93.jpg,Coal,638.3865034448818,1030.520491040982,490.93713090551194,894.8350796701594,0.21486580826992185,0.15963957339425988,0.23947376687878014,0.16374162417734234,15.363127460629922,20.225990451980906,13.250000000000004,18.99751999503999,8.065890779307788,8.32619013064385,7.938768285315279,8.275474899514862,0.0005281722599578011,0.0003748991315950268,0.0006211724459581735,0.0003934080656306889,0.022981998606687825,0.019362312144860873,0.024923331357548765,0.01983451702539512,0.941357854076582,0.9052882586651942,0.9550710276801898,0.9177523743357384
Coal_94.jpg,Coal,293.51008858267716,439.0902101804204,271.77263779527556,429.3171306342613,0.6403647849067178,0.5936758370697759,0.6501849502798452,0.5986511413764924,5.205708661417323,7.225742451484904,4.733636811023621,6.890817781635564,4.234854771159652,4.424299685794935,4.163561431119034,4.382456665539692,0.21914379955468896,0.2123237472341396,0.21941708031365284,0.21214561940562904,0.4681279734802108,0.4607860102413479,0.4684197693454588,0.46059268275302534,0.98458140991697,0.9769291228204092,0.985723315616905,0.9774426244031094
Coal_95.jpg,Coal,408.02528297244095,627.3248186496373,371.5291584645669,738.3909107818216,0.27509249126871466,0.20331300291050752,0.26718785729975447,0.19250179768164302,12.18780757874016,15.993303986607975,11.699680118110237,17.363444726889455,7.836522913359294,8.11624215201954,7.838890813883156,8.191887111779174,0.0008531450168369086,0.0006075908363609151,0.0008020736256316263,0.0005492867331447354,0.029208646268475174,0.024649357727148085,0.028320904392897243,0.023436866965205385,0.9624076071482779,0.9419446843366883,0.9656943558596521,0.9316709926472984
Coal_96.jpg,Coal,653.716719980315,1101.0778721557444,605.3434424212599,1048.0946121892246,0.2753728440028196,0.21847166336474225,0.30029433593913496,0.21462089524549244,14.927595964566928,19.97997395994792,14.121124507874017,20.01661603323207,7.225302054255987,7.477015413305011,7.145860753047102,7.493010456222068,0.0030520605474804695,0.0023890863083356776,0.0033018623166152583,0.0023812425949608544,0.05524545725650634,0.04887828053783887,0.05746183356468238,0.0487979773654693,0.9406953883588377,0.9000274863685517,0.9450246745438782,0.904832106945414
Coal_97.jpg,Coal,430.35728346456693,613.1121582243164,411.0362942913386,721.6601153202307,0.7705337791870052,0.7374874412265053,0.7716304794714863,0.7352232831319294,4.082554133858268,5.662471324942651,4.02300688976378,6.245272490544981,2.740755915224242,2.8770352650259614,2.7451249702509095,2.890249122670408,0.4392255761440234,0.4325055594745078,0.43939245690991385,0.43054932467357654,0.6627409570443217,0.6576515486749103,0.6628668470438945,0.6561625748803238,0.9788242935742207,0.9699525204173213,0.9797749817821539,0.9646327881614366
Coal_98.jpg,Coal,334.13594980314963,519.1657263314528,325.3741387795276,507.47324694649393,0.6734676245463502,0.6234777591339467,0.6841881697068036,0.641002276290148,5.043922244094489,7.303490606981214,4.748031496062993,6.821129642259285,3.8309360637353005,4.020795012790302,3.780276065298091,3.95905230319915,0.26458058702250215,0.25685503934713005,0.26420526754627727,0.2570474669128394,0.5143739758410238,0.5068086812073468,0.5140090150437804,0.506998488077469,0.983125853882615,0.9738075897453661,0.9835683326986558,0.9743974865767856
Coal_99.jpg,Coal,365.42445866141736,503.26610453220894,275.92402805118115,483.4931489862978,0.5558005611852288,0.5079215459899156,0.5809980983609249,0.5185787556895322,7.305364173228348,9.606113212226422,5.9931717519685055,9.089528179056357,5.089146087716127,5.275172145995452,4.987047692691761,5.25538086786686,0.16729339366881865,0.16193543460309057,0.169823976183597,0.1619959163410173,0.40901515090375157,0.40241202094754897,0.4120970470454708,0.4024871629518354,0.9796926407800012,0.9720071962287812,0.9846771290835066,0.9731070129253343
